ID,Name,Source
25,Worn Shortsword,wowhead_forever_gearplanner.txt
35,Bent Staff,wowhead_forever_gearplanner.txt
36,Worn Mace,wowhead_forever_gearplanner.txt
37,Worn Axe,wowhead_forever_gearplanner.txt
38,Recruit's Shirt,wowhead_forever_gearplanner.txt
39,Recruit's Pants,wowhead_forever_gearplanner.txt
40,Recruit's Boots,wowhead_forever_gearplanner.txt
43,Squire's Boots,wowhead_forever_gearplanner.txt
44,Squire's Pants,wowhead_forever_gearplanner.txt
45,Squire's Shirt,wowhead_forever_gearplanner.txt
47,Footpad's Shoes,wowhead_forever_gearplanner.txt
48,Footpad's Pants,wowhead_forever_gearplanner.txt
49,Footpad's Shirt,wowhead_forever_gearplanner.txt
51,Neophyte's Boots,wowhead_forever_gearplanner.txt
52,Neophyte's Pants,wowhead_forever_gearplanner.txt
53,Neophyte's Shirt,wowhead_forever_gearplanner.txt
55,Apprentice's Boots,wowhead_forever_gearplanner.txt
56,Apprentice's Robe,wowhead_forever_gearplanner.txt
57,Acolyte's Robe,wowhead_forever_gearplanner.txt
59,Acolyte's Shoes,wowhead_forever_gearplanner.txt
60,Layered Tunic,wowhead_forever_gearplanner.txt
61,Dwarven Leather Pants,wowhead_forever_gearplanner.txt
79,Dwarven Cloth Britches,wowhead_forever_gearplanner.txt
80,Soft Fur-lined Shoes,wowhead_forever_gearplanner.txt
85,Dirty Leather Vest,wowhead_forever_gearplanner.txt
117,Tough Jerky,questiedb-foreverBaseItem.lua
118,Minor Healing Potion,questiedb-foreverBaseItem.lua
120,Thug Pants,wowhead_forever_gearplanner.txt
121,Thug Boots,wowhead_forever_gearplanner.txt
127,Trapper's Shirt,wowhead_forever_gearplanner.txt
129,Rugged Trapper's Boots,wowhead_forever_gearplanner.txt
139,Brawler's Pants,wowhead_forever_gearplanner.txt
140,Brawler's Boots,wowhead_forever_gearplanner.txt
147,Rugged Trapper's Pants,wowhead_forever_gearplanner.txt
148,Rugged Trapper's Shirt,wowhead_forever_gearplanner.txt
153,Primitive Kilt,wowhead_forever_gearplanner.txt
154,Primitive Mantle,wowhead_forever_gearplanner.txt
159,Refreshing Spring Water,questiedb-foreverBaseItem.lua
193,Tattered Cloth Vest,wowhead_forever_gearplanner.txt
194,Tattered Cloth Pants,wowhead_forever_gearplanner.txt
195,Tattered Cloth Boots,wowhead_forever_gearplanner.txt
200,Thick Cloth Vest,wowhead_forever_gearplanner.txt
201,Thick Cloth Pants,wowhead_forever_gearplanner.txt
202,Thick Cloth Shoes,questiedb-foreverBaseItem.lua
203,Thick Cloth Gloves,wowhead_forever_gearplanner.txt
209,Dirty Leather Pants,wowhead_forever_gearplanner.txt
210,Dirty Leather Boots,wowhead_forever_gearplanner.txt
236,Cured Leather Armor,questiedb-foreverBaseItem.lua
237,Cured Leather Pants,questiedb-foreverBaseItem.lua
238,Cured Leather Boots,questiedb-foreverBaseItem.lua
239,Cured Leather Gloves,questiedb-foreverBaseItem.lua
285,Scalemail Vest,wowhead_forever_gearplanner.txt
286,Scalemail Pants,wowhead_forever_gearplanner.txt
287,Scalemail Boots,wowhead_forever_gearplanner.txt
414,Dalaran Sharp,questiedb-foreverBaseItem.lua
422,Dwarven Mild,questiedb-foreverBaseItem.lua
710,Bracers of the People's Militia,wowhead_forever_gearplanner.txt
711,Tattered Cloth Gloves,wowhead_forever_gearplanner.txt
714,Dirty Leather Gloves,wowhead_forever_gearplanner.txt
718,Scalemail Gloves,wowhead_forever_gearplanner.txt
719,Rabbit Handler Gloves,wowhead_forever_gearplanner.txt
720,Brawler Gloves,wowhead_forever_gearplanner.txt
725,Gnoll Paw,questiedb-foreverBaseItem.lua
727,Notched Shortsword,wowhead_forever_gearplanner.txt
730,Murloc Eye,questiedb-foreverBaseItem.lua
732,Okra,questiedb-foreverBaseItem.lua
744,Thunderbrew's Boot Flask,wowhead_forever_gearplanner.txt
750,Tough Wolf Meat,questiedb-foreverBaseItem.lua
752,Red Burlap Bandana,questiedb-foreverBaseItem.lua
753,Dragonmaw Shortsword,wowhead_forever_gearplanner.txt
754,Shortsword of Vengeance,wowhead_forever_gearplanner.txt
755,Melted Candle,questiedb-foreverBaseItem.lua
763,Ice-covered Bracers,wowhead_forever_gearplanner.txt
765,Silverleaf,questiedb-foreverBaseItem.lua
766,Flanged Mace,questiedb-foreverBaseItem.lua
767,Long Bo Staff,questiedb-foreverBaseItem.lua
768,Lumberjack Axe,wowhead_forever_gearplanner.txt
772,Large Candle,questiedb-foreverBaseItem.lua
773,Gold Dust,questiedb-foreverBaseItem.lua
774,Malachite,questiedb-foreverBaseItem.lua
776,Vendetta,wowhead_forever_gearplanner.txt
778,Kobold Excavation Pick,wowhead_forever_gearplanner.txt
779,Shiny Seashell,questiedb-foreverBaseItem.lua
780,Torn Murloc Fin,questiedb-foreverBaseItem.lua
781,Stone Gnoll Hammer,wowhead_forever_gearplanner.txt
783,Light Hide,questiedb-foreverBaseItem.lua
785,Mageroyal,questiedb-foreverBaseItem.lua
787,Slitherskin Mackerel,questiedb-foreverBaseItem.lua
789,Stout Battlehammer,wowhead_forever_gearplanner.txt
790,Forester's Axe,wowhead_forever_gearplanner.txt
791,Gnarled Ash Staff,wowhead_forever_gearplanner.txt
792,Knitted Sandals,questiedb-foreverBaseItem.lua
793,Knitted Gloves,wowhead_forever_gearplanner.txt
794,Knitted Pants,wowhead_forever_gearplanner.txt
795,Knitted Tunic,wowhead_forever_gearplanner.txt
796,Rough Leather Boots,wowhead_forever_gearplanner.txt
797,Rough Leather Gloves,wowhead_forever_gearplanner.txt
798,Rough Leather Pants,wowhead_forever_gearplanner.txt
799,Rough Leather Vest,wowhead_forever_gearplanner.txt
810,Hammer of the Northern Wind,wowhead_forever_gearplanner.txt
811,Axe of the Deep Woods,wowhead_forever_gearplanner.txt
814,Flask of Oil,questiedb-foreverBaseItem.lua
816,Small Hand Blade,wowhead_forever_gearplanner.txt
818,Tigerseye,questiedb-foreverBaseItem.lua
820,Slicer Blade,wowhead_forever_gearplanner.txt
821,Riverpaw Leather Vest,wowhead_forever_gearplanner.txt
826,Brutish Riverpaw Axe,wowhead_forever_gearplanner.txt
827,Wicked Blackjack,wowhead_forever_gearplanner.txt
832,Silver Defias Belt,wowhead_forever_gearplanner.txt
835,Large Rope Net,questiedb-foreverBaseItem.lua
837,Heavy Weave Armor,wowhead_forever_gearplanner.txt
838,Heavy Weave Pants,wowhead_forever_gearplanner.txt
839,Heavy Weave Gloves,wowhead_forever_gearplanner.txt
840,Heavy Weave Shoes,questiedb-foreverBaseItem.lua
843,Tanned Leather Boots,wowhead_forever_gearplanner.txt
844,Tanned Leather Gloves,wowhead_forever_gearplanner.txt
845,Tanned Leather Pants,wowhead_forever_gearplanner.txt
846,Tanned Leather Jerkin,wowhead_forever_gearplanner.txt
847,Chainmail Armor,wowhead_forever_gearplanner.txt
848,Chainmail Pants,wowhead_forever_gearplanner.txt
849,Chainmail Boots,wowhead_forever_gearplanner.txt
850,Chainmail Gloves,wowhead_forever_gearplanner.txt
851,Cutlass,questiedb-foreverBaseItem.lua
852,Mace,questiedb-foreverBaseItem.lua
853,Hatchet,questiedb-foreverBaseItem.lua
854,Quarter Staff,questiedb-foreverBaseItem.lua
859,Fine Cloth Shirt,wowhead_forever_gearplanner.txt
860,Cavalier's Boots,wowhead_forever_gearplanner.txt
863,Gloom Reaper,wowhead_forever_gearplanner.txt
864,Knightly Longsword,wowhead_forever_gearplanner.txt
865,Leaden Mace,wowhead_forever_gearplanner.txt
866,Monk's Staff,wowhead_forever_gearplanner.txt
867,Gloves of Holy Might,wowhead_forever_gearplanner.txt
868,Ardent Custodian,wowhead_forever_gearplanner.txt
870,Fiery War Axe,wowhead_forever_gearplanner.txt
871,Flurry Axe,wowhead_forever_gearplanner.txt
872,Rockslicer,questiedb-foreverBaseItem.lua
873,Staff of Jordan,wowhead_forever_gearplanner.txt
876,Worn Wooden Buckler,wowhead_forever_gearplanner.txt
878,Fist-sized Spinneret,questiedb-foreverBaseItem.lua
880,Staff of Horrors,wowhead_forever_gearplanner.txt
885,Black Metal Axe,wowhead_forever_gearplanner.txt
886,Black Metal Shortsword,wowhead_forever_gearplanner.txt
888,Naga Battle Gloves,wowhead_forever_gearplanner.txt
890,Twisted Chanter's Staff,wowhead_forever_gearplanner.txt
892,Gnoll Casting Gloves,wowhead_forever_gearplanner.txt
897,Madwolf Bracers,wowhead_forever_gearplanner.txt
899,Venom Web Fang,wowhead_forever_gearplanner.txt
911,Ironwood Treebranch,wowhead_forever_gearplanner.txt
915,Red Silk Bandana,questiedb-foreverBaseItem.lua
920,Wicked Spiked Mace,wowhead_forever_gearplanner.txt
922,Dacian Falx,wowhead_forever_gearplanner.txt
923,Longsword,wowhead_forever_gearplanner.txt
924,Maul,wowhead_forever_gearplanner.txt
925,Flail,wowhead_forever_gearplanner.txt
926,Battle Axe,questiedb-foreverBaseItem.lua
927,Double Axe,questiedb-foreverBaseItem.lua
928,Long Staff,questiedb-foreverBaseItem.lua
929,Healing Potion,questiedb-foreverBaseItem.lua
934,Stalvan's Reaper,wowhead_forever_gearplanner.txt
935,Night Watch Shortsword,wowhead_forever_gearplanner.txt
936,Midnight Mace,wowhead_forever_gearplanner.txt
937,Black Duskwood Staff,wowhead_forever_gearplanner.txt
945,Shadow Sword,wowhead_forever_gearplanner.txt
948,Nature Sword,wowhead_forever_gearplanner.txt
951,Tome of Whirlwind (TEST),questiedb-foreverBaseItem.lua
983,Red Linen Sash,wowhead_forever_gearplanner.txt
1008,Well-used Sword,wowhead_forever_gearplanner.txt
1009,Compact Hammer,wowhead_forever_gearplanner.txt
1010,Gnarled Short Staff,wowhead_forever_gearplanner.txt
1011,Sharp Axe,wowhead_forever_gearplanner.txt
1014,Large Moneybag (old),questiedb-foreverBaseItem.lua
1076,Defias Renegade Ring,questiedb-foreverBaseItem.lua
1077,Defias Mage Ring,wowhead_forever_gearplanner.txt
1081,Crisp Spider Meat,questiedb-foreverBaseItem.lua
1082,Redridge Goulash,questiedb-foreverBaseItem.lua
1116,Ring of Pure Silver,wowhead_forever_gearplanner.txt
1121,Feet of the Lynx,wowhead_forever_gearplanner.txt
1127,Flash Bundle,questiedb-foreverBaseItem.lua
1131,Totem of Infliction,wowhead_forever_gearplanner.txt
1154,Belt of the People's Militia,wowhead_forever_gearplanner.txt
1155,Rod of the Sleepwalker,wowhead_forever_gearplanner.txt
1156,Lavishly Jeweled Ring,wowhead_forever_gearplanner.txt
1158,Solid Metal Club,wowhead_forever_gearplanner.txt
1159,Militia Quarterstaff,wowhead_forever_gearplanner.txt
1161,Militia Shortsword,wowhead_forever_gearplanner.txt
1171,Well-stitched Robe,wowhead_forever_gearplanner.txt
1172,Grayson's Torch,wowhead_forever_gearplanner.txt
1173,Weather-worn Boots,wowhead_forever_gearplanner.txt
1176,Smelling Salts,questiedb-foreverBaseItem.lua
1177,Oil of Olaf,questiedb-foreverBaseItem.lua
1178,Explosive Rocket,questiedb-foreverBaseItem.lua
1179,Ice Cold Milk,questiedb-foreverBaseItem.lua
1182,Brass-studded Bracers,wowhead_forever_gearplanner.txt
1183,Elastic Wristguards,wowhead_forever_gearplanner.txt
1187,Spiked Collar,questiedb-foreverBaseItem.lua
1189,Overseer's Ring,wowhead_forever_gearplanner.txt
1190,Overseer's Cloak,wowhead_forever_gearplanner.txt
1191,Bag of Marbles,questiedb-foreverBaseItem.lua
1194,Bastard Sword,questiedb-foreverBaseItem.lua
1195,Kobold Mining Shovel,wowhead_forever_gearplanner.txt
1196,Tabar,questiedb-foreverBaseItem.lua
1197,Giant Mace,questiedb-foreverBaseItem.lua
1198,Claymore,questiedb-foreverBaseItem.lua
1199,Charged Soulstone,questiedb-foreverBaseItem.lua
1200,Large Wooden Shield,wowhead_forever_gearplanner.txt
1201,Dull Heater Shield,wowhead_forever_gearplanner.txt
1202,Wall Shield,wowhead_forever_gearplanner.txt
1203,Aegis of Stormwind,wowhead_forever_gearplanner.txt
1204,The Green Tower,wowhead_forever_gearplanner.txt
1205,Melon Juice,questiedb-foreverBaseItem.lua
1206,Moss Agate,questiedb-foreverBaseItem.lua
1207,Murphstar,wowhead_forever_gearplanner.txt
1210,Shadowgem,questiedb-foreverBaseItem.lua
1211,Gnoll War Harness,wowhead_forever_gearplanner.txt
1213,Gnoll Kindred Bracers,wowhead_forever_gearplanner.txt
1214,Gnoll Punisher,questiedb-foreverBaseItem.lua
1215,Support Girdle,questiedb-foreverBaseItem.lua
1218,Heavy Gnoll War Club,wowhead_forever_gearplanner.txt
1219,Redridge Machete,wowhead_forever_gearplanner.txt
1220,Lupine Axe,wowhead_forever_gearplanner.txt
1254,Lesser Firestone,wowhead_forever_gearplanner.txt
1262,Keg of Thunderbrew,questiedb-foreverBaseItem.lua
1264,Headbasher,questiedb-foreverBaseItem.lua
1265,Scorpion Sting,wowhead_forever_gearplanner.txt
1270,Finely Woven Cloak,wowhead_forever_gearplanner.txt
1273,Forest Chain,wowhead_forever_gearplanner.txt
1274,Hops,questiedb-foreverBaseItem.lua
1275,Deputy Chain Coat,wowhead_forever_gearplanner.txt
1276,Fire Hardened Buckler,wowhead_forever_gearplanner.txt
1282,Sparkmetal Coif,wowhead_forever_gearplanner.txt
1287,Giant Tarantula Fang,wowhead_forever_gearplanner.txt
1292,Butcher's Cleaver,wowhead_forever_gearplanner.txt
1296,Blackrock Mace,wowhead_forever_gearplanner.txt
1297,Robes of the Shadowcaster,questiedb-foreverBaseItem.lua
1299,Lesser Belt of the Spire,wowhead_forever_gearplanner.txt
1300,Lesser Staff of the Spire,wowhead_forever_gearplanner.txt
1302,Black Whelp Gloves,wowhead_forever_gearplanner.txt
1303,Bridgeworker's Gloves,wowhead_forever_gearplanner.txt
1304,Riding Gloves,wowhead_forever_gearplanner.txt
1306,Wolfmane Wristguards,wowhead_forever_gearplanner.txt
1310,Smith's Trousers,wowhead_forever_gearplanner.txt
1314,Ghoul Fingers,questiedb-foreverBaseItem.lua
1317,Hardened Root Staff,questiedb-foreverBaseItem.lua
1318,Night Reaver,wowhead_forever_gearplanner.txt
1319,Ring of Iron Will,wowhead_forever_gearplanner.txt
1322,Fishliver Oil,questiedb-foreverBaseItem.lua
1351,Fingerbone Bracers,wowhead_forever_gearplanner.txt
1355,Buckskin Cape,questiedb-foreverBaseItem.lua
1359,Lion-stamped Gloves,wowhead_forever_gearplanner.txt
1360,Stormwind Chain Gloves,wowhead_forever_gearplanner.txt
1364,Ragged Leather Vest,questiedb-foreverBaseItem.lua
1366,Ragged Leather Pants,questiedb-foreverBaseItem.lua
1367,Ragged Leather Boots,questiedb-foreverBaseItem.lua
1368,Ragged Leather Gloves,questiedb-foreverBaseItem.lua
1369,Ragged Leather Belt,questiedb-foreverBaseItem.lua
1370,Ragged Leather Bracers,questiedb-foreverBaseItem.lua
1372,Ragged Cloak,questiedb-foreverBaseItem.lua
1374,Frayed Shoes,questiedb-foreverBaseItem.lua
1376,Frayed Cloak,wowhead_forever_gearplanner.txt
1377,Frayed Gloves,questiedb-foreverBaseItem.lua
1378,Frayed Pants,questiedb-foreverBaseItem.lua
1380,Frayed Robe,questiedb-foreverBaseItem.lua
1382,Rock Mace,wowhead_forever_gearplanner.txt
1383,Stone Tomahawk,wowhead_forever_gearplanner.txt
1384,Dull Blade,wowhead_forever_gearplanner.txt
1386,Thistlewood Axe,wowhead_forever_gearplanner.txt
1387,Ghoulfang,questiedb-foreverBaseItem.lua
1388,Crooked Staff,wowhead_forever_gearplanner.txt
1389,Kobold Mining Mallet,wowhead_forever_gearplanner.txt
1391,Riverpaw Mystic Staff,wowhead_forever_gearplanner.txt
1394,Driftwood Club,wowhead_forever_gearplanner.txt
1395,Apprentice's Pants,wowhead_forever_gearplanner.txt
1396,Acolyte's Pants,wowhead_forever_gearplanner.txt
1399,Magic Candle,questiedb-foreverBaseItem.lua
1400,Swiftfeather Token,questiedb-foreverBaseItem.lua
1402,Brimstone,questiedb-foreverBaseItem.lua
1404,Tidal Charm,wowhead_forever_gearplanner.txt
1405,Foamspittle Staff,wowhead_forever_gearplanner.txt
1406,Pearl-encrusted Spear,wowhead_forever_gearplanner.txt
1411,Withered Staff,wowhead_forever_gearplanner.txt
1412,Crude Bastard Sword,wowhead_forever_gearplanner.txt
1413,Feeble Sword,wowhead_forever_gearplanner.txt
1414,Cracked Sledge,wowhead_forever_gearplanner.txt
1415,Carpenter's Mallet,wowhead_forever_gearplanner.txt
1416,Rusty Hatchet,wowhead_forever_gearplanner.txt
1417,Beaten Battle Axe,wowhead_forever_gearplanner.txt
1418,Worn Leather Belt,wowhead_forever_gearplanner.txt
1419,Worn Leather Boots,wowhead_forever_gearplanner.txt
1420,Worn Leather Bracers,wowhead_forever_gearplanner.txt
1421,Worn Hide Cloak,wowhead_forever_gearplanner.txt
1422,Worn Leather Gloves,wowhead_forever_gearplanner.txt
1423,Worn Leather Pants,wowhead_forever_gearplanner.txt
1425,Worn Leather Vest,wowhead_forever_gearplanner.txt
1427,Patchwork Shoes,wowhead_forever_gearplanner.txt
1429,Patchwork Cloak,wowhead_forever_gearplanner.txt
1430,Patchwork Gloves,wowhead_forever_gearplanner.txt
1431,Patchwork Pants,wowhead_forever_gearplanner.txt
1433,Patchwork Armor,wowhead_forever_gearplanner.txt
1434,Glowing Wax Stick,questiedb-foreverBaseItem.lua
1436,Frontier Britches,wowhead_forever_gearplanner.txt
1438,Warrior's Shield,questiedb-foreverBaseItem.lua
1440,Gnoll Skull Basher,wowhead_forever_gearplanner.txt
1445,Blackrock Pauldrons,wowhead_forever_gearplanner.txt
1446,Blackrock Boots,wowhead_forever_gearplanner.txt
1447,Ring of Saviors,wowhead_forever_gearplanner.txt
1448,Blackrock Gauntlets,wowhead_forever_gearplanner.txt
1449,Minor Channeling Ring,wowhead_forever_gearplanner.txt
1454,Axe of the Enforcer,questiedb-foreverBaseItem.lua
1455,Blackrock Champion's Axe,wowhead_forever_gearplanner.txt
1457,Shadowhide Mace,wowhead_forever_gearplanner.txt
1458,Shadowhide Maul,wowhead_forever_gearplanner.txt
1459,Shadowhide Scalper,wowhead_forever_gearplanner.txt
1460,Shadowhide Two-handed Sword,wowhead_forever_gearplanner.txt
1461,Slayer's Battle Axe,wowhead_forever_gearplanner.txt
1462,Ring of the Shadow,wowhead_forever_gearplanner.txt
1465,Tigerbane,wowhead_forever_gearplanner.txt
1469,Scimitar of Atun,questiedb-foreverBaseItem.lua
1473,Riverside Staff,wowhead_forever_gearplanner.txt
1475,Small Venom Sac,questiedb-foreverBaseItem.lua
1476,Snapped Spider Limb,questiedb-foreverBaseItem.lua
1479,Salma's Oven Mitts,wowhead_forever_gearplanner.txt
1480,Fist of the People's Militia,wowhead_forever_gearplanner.txt
1481,Grimclaw,questiedb-foreverBaseItem.lua
1482,Shadowfang,wowhead_forever_gearplanner.txt
1483,Face Smasher,wowhead_forever_gearplanner.txt
1484,Witching Stave,wowhead_forever_gearplanner.txt
1485,Pitchfork,wowhead_forever_gearplanner.txt
1486,Tree Bark Jacket,questiedb-foreverBaseItem.lua
1489,Gloomshroud Armor,wowhead_forever_gearplanner.txt
1490,Guardian Talisman,questiedb-foreverBaseItem.lua
1491,Ring of Precision,questiedb-foreverBaseItem.lua
1493,Heavy Marauder Scimitar,wowhead_forever_gearplanner.txt
1495,Calico Shoes,questiedb-foreverBaseItem.lua
1497,Calico Cloak,questiedb-foreverBaseItem.lua
1498,Calico Gloves,wowhead_forever_gearplanner.txt
1499,Calico Pants,questiedb-foreverBaseItem.lua
1501,Calico Tunic,questiedb-foreverBaseItem.lua
1502,Warped Leather Belt,questiedb-foreverBaseItem.lua
1503,Warped Leather Boots,questiedb-foreverBaseItem.lua
1504,Warped Leather Bracers,questiedb-foreverBaseItem.lua
1505,Warped Cloak,questiedb-foreverBaseItem.lua
1506,Warped Leather Gloves,questiedb-foreverBaseItem.lua
1507,Warped Leather Pants,questiedb-foreverBaseItem.lua
1509,Warped Leather Vest,questiedb-foreverBaseItem.lua
1510,Heavy Hammer,wowhead_forever_gearplanner.txt
1511,Commoner's Sword,wowhead_forever_gearplanner.txt
1512,Crude Battle Axe,questiedb-foreverBaseItem.lua
1513,Old Greatsword,questiedb-foreverBaseItem.lua
1514,Rusty Warhammer,questiedb-foreverBaseItem.lua
1515,Rough Wooden Staff,wowhead_forever_gearplanner.txt
1516,Worn Hatchet,questiedb-foreverBaseItem.lua
1520,Troll Sweat,questiedb-foreverBaseItem.lua
1522,Headhunting Spear,wowhead_forever_gearplanner.txt
1529,Jade,questiedb-foreverBaseItem.lua
1539,Gnarled Hermit's Staff,questiedb-foreverBaseItem.lua
1547,Shield of the Faith,wowhead_forever_gearplanner.txt
1557,Buckler of the Seas,wowhead_forever_gearplanner.txt
1560,Bluegill Sandals,wowhead_forever_gearplanner.txt
1561,Harvester's Robe,wowhead_forever_gearplanner.txt
1566,Edge of the People's Militia,wowhead_forever_gearplanner.txt
1598,Rot Blossom,questiedb-foreverBaseItem.lua
1607,Soulkeeper,wowhead_forever_gearplanner.txt
1608,Skullcrusher Mace,wowhead_forever_gearplanner.txt
1613,Spiritchaser Staff,wowhead_forever_gearplanner.txt
1625,Exquisite Flamberge,wowhead_forever_gearplanner.txt
1639,Grinning Axe,wowhead_forever_gearplanner.txt
1640,Monstrous War Axe,wowhead_forever_gearplanner.txt
1645,Moonberry Juice,questiedb-foreverBaseItem.lua
1678,Black Ogre Kickers,questiedb-foreverBaseItem.lua
1679,Korg Bat,wowhead_forever_gearplanner.txt
1685,Troll-hide Bag,questiedb-foreverBaseItem.lua
1705,Lesser Moonstone,questiedb-foreverBaseItem.lua
1707,Stormwind Brie,questiedb-foreverBaseItem.lua
1708,Sweet Nectar,questiedb-foreverBaseItem.lua
1713,Ankh of Life,wowhead_forever_gearplanner.txt
1714,Necklace of Calisea,wowhead_forever_gearplanner.txt
1715,Polished Jazeraint Armor,wowhead_forever_gearplanner.txt
1716,Robe of the Magi,wowhead_forever_gearplanner.txt
1717,Double Link Tunic,wowhead_forever_gearplanner.txt
1718,Basilisk Hide Pants,wowhead_forever_gearplanner.txt
1720,Tanglewood Staff,wowhead_forever_gearplanner.txt
1721,Viking Warhammer,wowhead_forever_gearplanner.txt
1722,Thornstone Sledgehammer,wowhead_forever_gearplanner.txt
1726,Poison-tipped Bone Spear,wowhead_forever_gearplanner.txt
1730,Worn Mail Belt,questiedb-foreverBaseItem.lua
1731,Worn Mail Boots,questiedb-foreverBaseItem.lua
1732,Worn Mail Bracers,questiedb-foreverBaseItem.lua
1733,Worn Cloak,questiedb-foreverBaseItem.lua
1734,Worn Mail Gloves,questiedb-foreverBaseItem.lua
1735,Worn Mail Pants,questiedb-foreverBaseItem.lua
1737,Worn Mail Vest,questiedb-foreverBaseItem.lua
1738,Laced Mail Belt,wowhead_forever_gearplanner.txt
1739,Laced Mail Boots,wowhead_forever_gearplanner.txt
1740,Laced Mail Bracers,wowhead_forever_gearplanner.txt
1741,Laced Cloak,wowhead_forever_gearplanner.txt
1742,Laced Mail Gloves,wowhead_forever_gearplanner.txt
1743,Laced Mail Pants,wowhead_forever_gearplanner.txt
1744,Laced Mail Shoulderpads,wowhead_forever_gearplanner.txt
1745,Laced Mail Vest,wowhead_forever_gearplanner.txt
1746,Linked Chain Belt,wowhead_forever_gearplanner.txt
1747,Linked Chain Boots,wowhead_forever_gearplanner.txt
1748,Linked Chain Bracers,wowhead_forever_gearplanner.txt
1749,Linked Chain Cloak,wowhead_forever_gearplanner.txt
1750,Linked Chain Gloves,wowhead_forever_gearplanner.txt
1751,Linked Chain Pants,wowhead_forever_gearplanner.txt
1752,Linked Chain Shoulderpads,wowhead_forever_gearplanner.txt
1753,Linked Chain Vest,wowhead_forever_gearplanner.txt
1754,Reinforced Chain Belt,wowhead_forever_gearplanner.txt
1755,Reinforced Chain Boots,wowhead_forever_gearplanner.txt
1756,Reinforced Chain Bracers,wowhead_forever_gearplanner.txt
1757,Reinforced Chain Cloak,wowhead_forever_gearplanner.txt
1758,Reinforced Chain Gloves,wowhead_forever_gearplanner.txt
1759,Reinforced Chain Pants,wowhead_forever_gearplanner.txt
1760,Reinforced Chain Shoulderpads,wowhead_forever_gearplanner.txt
1761,Reinforced Chain Vest,wowhead_forever_gearplanner.txt
1764,Canvas Shoes,wowhead_forever_gearplanner.txt
1766,Canvas Cloak,wowhead_forever_gearplanner.txt
1767,Canvas Gloves,wowhead_forever_gearplanner.txt
1768,Canvas Pants,wowhead_forever_gearplanner.txt
1769,Canvas Shoulderpads,wowhead_forever_gearplanner.txt
1770,Canvas Vest,wowhead_forever_gearplanner.txt
1772,Brocade Shoes,wowhead_forever_gearplanner.txt
1774,Brocade Cloak,wowhead_forever_gearplanner.txt
1775,Brocade Gloves,wowhead_forever_gearplanner.txt
1776,Brocade Pants,wowhead_forever_gearplanner.txt
1777,Brocade Shoulderpads,wowhead_forever_gearplanner.txt
1778,Brocade Vest,wowhead_forever_gearplanner.txt
1780,Cross-stitched Sandals,wowhead_forever_gearplanner.txt
1782,Cross-stitched Cloak,wowhead_forever_gearplanner.txt
1783,Cross-stitched Gloves,wowhead_forever_gearplanner.txt
1784,Cross-stitched Pants,wowhead_forever_gearplanner.txt
1785,Cross-stitched Shoulderpads,wowhead_forever_gearplanner.txt
1786,Cross-stitched Vest,wowhead_forever_gearplanner.txt
1787,Patched Leather Belt,wowhead_forever_gearplanner.txt
1788,Patched Leather Boots,wowhead_forever_gearplanner.txt
1789,Patched Leather Bracers,wowhead_forever_gearplanner.txt
1790,Patched Cloak,wowhead_forever_gearplanner.txt
1791,Patched Leather Gloves,wowhead_forever_gearplanner.txt
1792,Patched Leather Pants,wowhead_forever_gearplanner.txt
1793,Patched Leather Shoulderpads,wowhead_forever_gearplanner.txt
1794,Patched Leather Jerkin,wowhead_forever_gearplanner.txt
1795,Rawhide Belt,wowhead_forever_gearplanner.txt
1796,Rawhide Boots,wowhead_forever_gearplanner.txt
1797,Rawhide Bracers,wowhead_forever_gearplanner.txt
1798,Rawhide Cloak,wowhead_forever_gearplanner.txt
1799,Rawhide Gloves,wowhead_forever_gearplanner.txt
1800,Rawhide Pants,wowhead_forever_gearplanner.txt
1801,Rawhide Shoulderpads,wowhead_forever_gearplanner.txt
1802,Rawhide Tunic,wowhead_forever_gearplanner.txt
1803,Tough Leather Belt,wowhead_forever_gearplanner.txt
1804,Tough Leather Boots,wowhead_forever_gearplanner.txt
1805,Tough Leather Bracers,wowhead_forever_gearplanner.txt
1806,Tough Cloak,wowhead_forever_gearplanner.txt
1807,Tough Leather Gloves,wowhead_forever_gearplanner.txt
1808,Tough Leather Pants,questiedb-foreverBaseItem.lua
1809,Tough Leather Shoulderpads,wowhead_forever_gearplanner.txt
1810,Tough Leather Armor,wowhead_forever_gearplanner.txt
1811,Blunt Claymore,wowhead_forever_gearplanner.txt
1812,Short-handled Battle Axe,wowhead_forever_gearplanner.txt
1813,Chipped Quarterstaff,wowhead_forever_gearplanner.txt
1814,Battered Mallet,wowhead_forever_gearplanner.txt
1815,Ornamental Mace,wowhead_forever_gearplanner.txt
1816,Unbalanced Axe,wowhead_forever_gearplanner.txt
1817,Stock Shortsword,wowhead_forever_gearplanner.txt
1818,Standard Claymore,wowhead_forever_gearplanner.txt
1819,Gouging Pick,wowhead_forever_gearplanner.txt
1820,Wooden Maul,wowhead_forever_gearplanner.txt
1821,Warped Blade,wowhead_forever_gearplanner.txt
1822,Cedar Walking Stick,wowhead_forever_gearplanner.txt
1823,Bludgeoning Cudgel,wowhead_forever_gearplanner.txt
1824,Shiny War Axe,wowhead_forever_gearplanner.txt
1825,Bulky Bludgeon,wowhead_forever_gearplanner.txt
1826,Rock Maul,wowhead_forever_gearplanner.txt
1827,Meat Cleaver,wowhead_forever_gearplanner.txt
1828,Stone War Axe,wowhead_forever_gearplanner.txt
1829,Short Cutlass,wowhead_forever_gearplanner.txt
1830,Long Bastard Sword,wowhead_forever_gearplanner.txt
1831,Oaken War Staff,wowhead_forever_gearplanner.txt
1832,Lucky Trousers,wowhead_forever_gearplanner.txt
1835,Dirty Leather Belt,wowhead_forever_gearplanner.txt
1836,Dirty Leather Bracers,wowhead_forever_gearplanner.txt
1839,Rough Leather Belt,wowhead_forever_gearplanner.txt
1840,Rough Leather Bracers,wowhead_forever_gearplanner.txt
1843,Tanned Leather Belt,wowhead_forever_gearplanner.txt
1844,Tanned Leather Bracers,wowhead_forever_gearplanner.txt
1845,Chainmail Belt,wowhead_forever_gearplanner.txt
1846,Chainmail Bracers,wowhead_forever_gearplanner.txt
1849,Cured Leather Belt,questiedb-foreverBaseItem.lua
1850,Cured Leather Bracers,questiedb-foreverBaseItem.lua
1851,Cleansing Water,questiedb-foreverBaseItem.lua
1852,Scalemail Bracers,wowhead_forever_gearplanner.txt
1853,Scalemail Belt,wowhead_forever_gearplanner.txt
1893,Miner's Revenge,wowhead_forever_gearplanner.txt
1913,Studded Blackjack,questiedb-foreverBaseItem.lua
1917,Jeweled Dagger,questiedb-foreverBaseItem.lua
1925,Defias Rapier,wowhead_forever_gearplanner.txt
1926,Weighted Sap,wowhead_forever_gearplanner.txt
1927,Deadmines Cleaver,wowhead_forever_gearplanner.txt
1928,Defias Mage Staff,wowhead_forever_gearplanner.txt
1929,Silk-threaded Trousers,wowhead_forever_gearplanner.txt
1930,Stonemason Cloak,wowhead_forever_gearplanner.txt
1933,Staff of Conjuring,wowhead_forever_gearplanner.txt
1934,Stonemason Trousers,wowhead_forever_gearplanner.txt
1935,Assassin's Blade,wowhead_forever_gearplanner.txt
1936,Goblin Screwdriver,wowhead_forever_gearplanner.txt
1937,Buzz Saw,questiedb-foreverBaseItem.lua
1938,Block Mallet,questiedb-foreverBaseItem.lua
1943,Goblin Mail Leggings,wowhead_forever_gearplanner.txt
1944,Metalworking Gloves,wowhead_forever_gearplanner.txt
1945,Woodworking Gloves,wowhead_forever_gearplanner.txt
1951,Blackwater Cutlass,wowhead_forever_gearplanner.txt
1955,Dragonmaw Chain Boots,wowhead_forever_gearplanner.txt
1958,Petrified Shinbone,wowhead_forever_gearplanner.txt
1959,Cold Iron Pick,wowhead_forever_gearplanner.txt
1965,White Wolf Gloves,questiedb-foreverBaseItem.lua
1970,Restoring Balm,questiedb-foreverBaseItem.lua
1973,Orb of Deception,wowhead_forever_gearplanner.txt
1974,Mindthrust Bracers,wowhead_forever_gearplanner.txt
1976,Slaghammer,wowhead_forever_gearplanner.txt
1978,Wolfclaw Gloves,wowhead_forever_gearplanner.txt
1986,Gutrender,wowhead_forever_gearplanner.txt
1988,Chief Brigadier Gauntlets,wowhead_forever_gearplanner.txt
1990,Ballast Maul,wowhead_forever_gearplanner.txt
1993,Ogremind Ring,wowhead_forever_gearplanner.txt
1994,Ebonclaw Reaver,wowhead_forever_gearplanner.txt
1996,Voodoo Band,wowhead_forever_gearplanner.txt
1998,Bloodscalp Channeling Staff,wowhead_forever_gearplanner.txt
2000,Archeus,wowhead_forever_gearplanner.txt
2011,Twisted Sabre,wowhead_forever_gearplanner.txt
2013,Cryptbone Staff,wowhead_forever_gearplanner.txt
2014,Black Metal Greatsword,wowhead_forever_gearplanner.txt
2015,Black Metal War Axe,wowhead_forever_gearplanner.txt
2017,Glowing Leather Bracers,wowhead_forever_gearplanner.txt
2018,Skeletal Longsword,wowhead_forever_gearplanner.txt
2020,Hollowfang Blade,wowhead_forever_gearplanner.txt
2021,Green Carapace Shield,wowhead_forever_gearplanner.txt
2024,Espadon,questiedb-foreverBaseItem.lua
2025,Bearded Axe,questiedb-foreverBaseItem.lua
2026,Rock Hammer,wowhead_forever_gearplanner.txt
2027,Scimitar,questiedb-foreverBaseItem.lua
2028,Hammer,wowhead_forever_gearplanner.txt
2029,Cleaver,questiedb-foreverBaseItem.lua
2030,Gnarled Staff,questiedb-foreverBaseItem.lua
2032,Gallan Cuffs,wowhead_forever_gearplanner.txt
2033,Ambassador's Boots,questiedb-foreverBaseItem.lua
2034,Scholarly Robes,wowhead_forever_gearplanner.txt
2035,Sword of the Night Sky,questiedb-foreverBaseItem.lua
2036,Dusty Mining Gloves,wowhead_forever_gearplanner.txt
2037,Tunneler's Boots,wowhead_forever_gearplanner.txt
2039,Plains Ring,wowhead_forever_gearplanner.txt
2041,Tunic of Westfall,wowhead_forever_gearplanner.txt
2042,Staff of Westfall,wowhead_forever_gearplanner.txt
2043,Ring of Forlorn Spirits,wowhead_forever_gearplanner.txt
2044,Crescent of Forlorn Spirits,wowhead_forever_gearplanner.txt
2046,Bluegill Kukri,wowhead_forever_gearplanner.txt
2047,Anvilmar Hand Axe,wowhead_forever_gearplanner.txt
2048,Anvilmar Hammer,wowhead_forever_gearplanner.txt
2054,Trogg Hand Axe,wowhead_forever_gearplanner.txt
2055,Small Wooden Hammer,wowhead_forever_gearplanner.txt
2056,The Velvet Hammer,wowhead_forever_gearplanner.txt
2057,Pitted Defias Shortsword,questiedb-foreverBaseItem.lua
2058,Kazon's Maul,questiedb-foreverBaseItem.lua
2059,Sentry Cloak,wowhead_forever_gearplanner.txt
2064,Trogg Club,wowhead_forever_gearplanner.txt
2065,Rockjaw Blade,wowhead_forever_gearplanner.txt
2066,Skull Hatchet,wowhead_forever_gearplanner.txt
2067,Frostbit Staff,wowhead_forever_gearplanner.txt
2069,Black Bear Hide Vest,questiedb-foreverBaseItem.lua
2070,Darnassian Bleu,questiedb-foreverBaseItem.lua
2072,Dwarven Magestaff,wowhead_forever_gearplanner.txt
2073,Dwarven Hatchet,wowhead_forever_gearplanner.txt
2074,Solid Shortblade,questiedb-foreverBaseItem.lua
2075,Priest's Mace,wowhead_forever_gearplanner.txt
2077,Magician Staff,wowhead_forever_gearplanner.txt
2078,Northern Shortsword,wowhead_forever_gearplanner.txt
2079,Sergeant's Warhammer,wowhead_forever_gearplanner.txt
2080,Hillborne Axe,wowhead_forever_gearplanner.txt
2084,Darksteel Bastard Sword,wowhead_forever_gearplanner.txt
2087,Hard Crawler Carapace,wowhead_forever_gearplanner.txt
2088,Long Crawler Limb,wowhead_forever_gearplanner.txt
2089,Scrimshaw Dagger,questiedb-foreverBaseItem.lua
2091,Magic Dust,questiedb-foreverBaseItem.lua
2092,Worn Dagger,wowhead_forever_gearplanner.txt
2098,Double-barreled Shotgun,wowhead_forever_gearplanner.txt
2100,Precisely Calibrated Boomstick,wowhead_forever_gearplanner.txt
2101,Light Quiver,wowhead_forever_gearplanner.txt
2102,Small Ammo Pouch,wowhead_forever_gearplanner.txt
2105,Thug Shirt,wowhead_forever_gearplanner.txt
2108,Frostmane Leather Vest,wowhead_forever_gearplanner.txt
2109,Frostmane Chain Vest,wowhead_forever_gearplanner.txt
2110,Light Magesmith Robe,wowhead_forever_gearplanner.txt
2112,Lumberjack Jerkin,wowhead_forever_gearplanner.txt
2114,Snowy Robe,wowhead_forever_gearplanner.txt
2117,Thin Cloth Shoes,questiedb-foreverBaseItem.lua
2119,Thin Cloth Gloves,questiedb-foreverBaseItem.lua
2120,Thin Cloth Pants,questiedb-foreverBaseItem.lua
2121,Thin Cloth Armor,questiedb-foreverBaseItem.lua
2122,Cracked Leather Belt,questiedb-foreverBaseItem.lua
2123,Cracked Leather Boots,questiedb-foreverBaseItem.lua
2124,Cracked Leather Bracers,questiedb-foreverBaseItem.lua
2125,Cracked Leather Gloves,questiedb-foreverBaseItem.lua
2126,Cracked Leather Pants,questiedb-foreverBaseItem.lua
2127,Cracked Leather Vest,questiedb-foreverBaseItem.lua
2129,Large Round Shield,questiedb-foreverBaseItem.lua
2130,Club,questiedb-foreverBaseItem.lua
2131,Shortsword,questiedb-foreverBaseItem.lua
2132,Short Staff,questiedb-foreverBaseItem.lua
2134,Hand Axe,questiedb-foreverBaseItem.lua
2137,Whittling Knife,wowhead_forever_gearplanner.txt
2138,Sharpened Letter Opener,wowhead_forever_gearplanner.txt
2139,Dirk,questiedb-foreverBaseItem.lua
2140,Carving Knife,wowhead_forever_gearplanner.txt
2141,Cuirboulli Vest,questiedb-foreverBaseItem.lua
2142,Cuirboulli Belt,questiedb-foreverBaseItem.lua
2143,Cuirboulli Boots,questiedb-foreverBaseItem.lua
2144,Cuirboulli Bracers,questiedb-foreverBaseItem.lua
2145,Cuirboulli Gloves,questiedb-foreverBaseItem.lua
2146,Cuirboulli Pants,questiedb-foreverBaseItem.lua
2148,Polished Scale Belt,wowhead_forever_gearplanner.txt
2149,Polished Scale Boots,questiedb-foreverBaseItem.lua
2150,Polished Scale Bracers,wowhead_forever_gearplanner.txt
2151,Polished Scale Gloves,wowhead_forever_gearplanner.txt
2152,Polished Scale Leggings,wowhead_forever_gearplanner.txt
2153,Polished Scale Vest,wowhead_forever_gearplanner.txt
2156,Padded Boots,wowhead_forever_gearplanner.txt
2158,Padded Gloves,wowhead_forever_gearplanner.txt
2159,Padded Pants,wowhead_forever_gearplanner.txt
2160,Padded Armor,wowhead_forever_gearplanner.txt
2165,Old Blanchy's Blanket,wowhead_forever_gearplanner.txt
2166,Foreman's Leggings,wowhead_forever_gearplanner.txt
2167,Foreman's Gloves,wowhead_forever_gearplanner.txt
2168,Foreman's Boots,wowhead_forever_gearplanner.txt
2169,Buzzer Blade,wowhead_forever_gearplanner.txt
2172,Rustic Belt,wowhead_forever_gearplanner.txt
2173,Old Leather Belt,wowhead_forever_gearplanner.txt
2175,Shadowhide Battle Axe,wowhead_forever_gearplanner.txt
2186,Outfitter Belt,wowhead_forever_gearplanner.txt
2194,Diamond Hammer,wowhead_forever_gearplanner.txt
2195,Anvilmar Knife,wowhead_forever_gearplanner.txt
2203,Brashclaw's Chopper,questiedb-foreverBaseItem.lua
2204,Brashclaw's Skewer,questiedb-foreverBaseItem.lua
2205,Duskbringer,wowhead_forever_gearplanner.txt
2207,Jambiya,questiedb-foreverBaseItem.lua
2208,Poniard,questiedb-foreverBaseItem.lua
2209,Kris,questiedb-foreverBaseItem.lua
2210,Battered Buckler,questiedb-foreverBaseItem.lua
2211,Bent Large Shield,questiedb-foreverBaseItem.lua
2212,Cracked Buckler,wowhead_forever_gearplanner.txt
2213,Worn Large Shield,wowhead_forever_gearplanner.txt
2214,Wooden Buckler,questiedb-foreverBaseItem.lua
2215,Wooden Shield,questiedb-foreverBaseItem.lua
2216,Simple Buckler,wowhead_forever_gearplanner.txt
2217,Rectangular Shield,wowhead_forever_gearplanner.txt
2218,Craftsman's Dagger,wowhead_forever_gearplanner.txt
2219,Small Round Shield,wowhead_forever_gearplanner.txt
2220,Box Shield,wowhead_forever_gearplanner.txt
2221,Targe Shield,wowhead_forever_gearplanner.txt
2222,Tower Shield,wowhead_forever_gearplanner.txt
2224,Militia Dagger,wowhead_forever_gearplanner.txt
2225,Sharp Kitchen Knife,wowhead_forever_gearplanner.txt
2226,Ogremage Staff,wowhead_forever_gearplanner.txt
2227,Heavy Ogre War Axe,wowhead_forever_gearplanner.txt
2230,Gloves of Brawn,wowhead_forever_gearplanner.txt
2231,Inferno Robe,wowhead_forever_gearplanner.txt
2232,Dark Runner Boots,wowhead_forever_gearplanner.txt
2233,Shadow Weaver Leggings,wowhead_forever_gearplanner.txt
2234,Nightwalker Armor,wowhead_forever_gearplanner.txt
2235,Brackclaw,questiedb-foreverBaseItem.lua
2236,Blackfang,wowhead_forever_gearplanner.txt
2237,Patched Pants,wowhead_forever_gearplanner.txt
2238,Urchin's Pants,wowhead_forever_gearplanner.txt
2240,Rugged Cape,wowhead_forever_gearplanner.txt
2241,Desperado Cape,questiedb-foreverBaseItem.lua
2245,Helm of Narv,wowhead_forever_gearplanner.txt
2249,Militia Buckler,wowhead_forever_gearplanner.txt
2254,Icepane Warhammer,wowhead_forever_gearplanner.txt
2256,Skeletal Club,wowhead_forever_gearplanner.txt
2257,Frostmane Staff,wowhead_forever_gearplanner.txt
2258,Frostmane Shortsword,wowhead_forever_gearplanner.txt
2259,Frostmane Club,wowhead_forever_gearplanner.txt
2260,Frostmane Hand Axe,wowhead_forever_gearplanner.txt
2263,Phytoblade,wowhead_forever_gearplanner.txt
2264,Mantle of Thieves,wowhead_forever_gearplanner.txt
2265,Stonesplinter Axe,wowhead_forever_gearplanner.txt
2266,Stonesplinter Dagger,wowhead_forever_gearplanner.txt
2267,Stonesplinter Mace,wowhead_forever_gearplanner.txt
2268,Stonesplinter Blade,wowhead_forever_gearplanner.txt
2271,Staff of the Blessed Seer,questiedb-foreverBaseItem.lua
2274,Sapper's Gloves,wowhead_forever_gearplanner.txt
2276,Swampwalker Boots,wowhead_forever_gearplanner.txt
2277,Necromancer Leggings,wowhead_forever_gearplanner.txt
2278,Forest Tracker Epaulets,wowhead_forever_gearplanner.txt
2280,Kam's Walking Stick,questiedb-foreverBaseItem.lua
2281,Rodentia Flint Axe,wowhead_forever_gearplanner.txt
2282,Rodentia Shortsword,wowhead_forever_gearplanner.txt
2283,Rat Cloth Belt,wowhead_forever_gearplanner.txt
2284,Rat Cloth Cloak,questiedb-foreverBaseItem.lua
2287,Haunch of Meat,questiedb-foreverBaseItem.lua
2292,Necrology Robes,questiedb-foreverBaseItem.lua
2296,Great Goretusk Snout,questiedb-foreverBaseItem.lua
2299,Burning War Axe,wowhead_forever_gearplanner.txt
2300,Embossed Leather Vest,wowhead_forever_gearplanner.txt
2302,Handstitched Leather Boots,wowhead_forever_gearplanner.txt
2303,Handstitched Leather Pants,wowhead_forever_gearplanner.txt
2307,Fine Leather Boots,wowhead_forever_gearplanner.txt
2308,Fine Leather Cloak,wowhead_forever_gearplanner.txt
2309,Embossed Leather Boots,wowhead_forever_gearplanner.txt
2310,Embossed Leather Cloak,wowhead_forever_gearplanner.txt
2311,White Leather Jerkin,wowhead_forever_gearplanner.txt
2312,Fine Leather Gloves,wowhead_forever_gearplanner.txt
2314,Toughened Leather Armor,wowhead_forever_gearplanner.txt
2315,Dark Leather Boots,wowhead_forever_gearplanner.txt
2316,Dark Leather Cloak,wowhead_forever_gearplanner.txt
2317,Dark Leather Tunic,wowhead_forever_gearplanner.txt
2319,Medium Leather,questiedb-foreverBaseItem.lua
2320,Coarse Thread,questiedb-foreverBaseItem.lua
2321,Fine Thread,questiedb-foreverBaseItem.lua
2324,Bleach,questiedb-foreverBaseItem.lua
2325,Black Dye,questiedb-foreverBaseItem.lua
2326,Ivy-weave Bracers,wowhead_forever_gearplanner.txt
2327,Sturdy Leather Bracers,wowhead_forever_gearplanner.txt
2361,Battleworn Hammer,wowhead_forever_gearplanner.txt
2362,Worn Wooden Shield,wowhead_forever_gearplanner.txt
2364,Woven Vest,wowhead_forever_gearplanner.txt
2366,Woven Pants,wowhead_forever_gearplanner.txt
2367,Woven Boots,wowhead_forever_gearplanner.txt
2369,Woven Gloves,wowhead_forever_gearplanner.txt
2370,Battered Leather Harness,wowhead_forever_gearplanner.txt
2371,Battered Leather Belt,wowhead_forever_gearplanner.txt
2372,Battered Leather Pants,wowhead_forever_gearplanner.txt
2373,Battered Leather Boots,wowhead_forever_gearplanner.txt
2374,Battered Leather Bracers,wowhead_forever_gearplanner.txt
2375,Battered Leather Gloves,wowhead_forever_gearplanner.txt
2376,Worn Heater Shield,questiedb-foreverBaseItem.lua
2378,Skeleton Finger,questiedb-foreverBaseItem.lua
2379,Tarnished Chain Vest,questiedb-foreverBaseItem.lua
2380,Tarnished Chain Belt,questiedb-foreverBaseItem.lua
2381,Tarnished Chain Leggings,questiedb-foreverBaseItem.lua
2383,Tarnished Chain Boots,questiedb-foreverBaseItem.lua
2384,Tarnished Chain Bracers,questiedb-foreverBaseItem.lua
2385,Tarnished Chain Gloves,questiedb-foreverBaseItem.lua
2386,Rusted Chain Vest,wowhead_forever_gearplanner.txt
2387,Rusted Chain Belt,wowhead_forever_gearplanner.txt
2388,Rusted Chain Leggings,wowhead_forever_gearplanner.txt
2389,Rusted Chain Boots,wowhead_forever_gearplanner.txt
2390,Rusted Chain Bracers,wowhead_forever_gearplanner.txt
2391,Rusted Chain Gloves,wowhead_forever_gearplanner.txt
2392,Light Mail Armor,wowhead_forever_gearplanner.txt
2393,Light Mail Belt,wowhead_forever_gearplanner.txt
2394,Light Mail Leggings,wowhead_forever_gearplanner.txt
2395,Light Mail Boots,wowhead_forever_gearplanner.txt
2396,Light Mail Bracers,wowhead_forever_gearplanner.txt
2397,Light Mail Gloves,wowhead_forever_gearplanner.txt
2398,Light Chain Armor,questiedb-foreverBaseItem.lua
2399,Light Chain Belt,questiedb-foreverBaseItem.lua
2400,Light Chain Leggings,questiedb-foreverBaseItem.lua
2401,Light Chain Boots,questiedb-foreverBaseItem.lua
2402,Light Chain Bracers,questiedb-foreverBaseItem.lua
2403,Light Chain Gloves,questiedb-foreverBaseItem.lua
2410,Smoky Torch,wowhead_forever_gearplanner.txt
2417,Augmented Chain Vest,questiedb-foreverBaseItem.lua
2418,Augmented Chain Leggings,questiedb-foreverBaseItem.lua
2419,Augmented Chain Belt,questiedb-foreverBaseItem.lua
2420,Augmented Chain Boots,questiedb-foreverBaseItem.lua
2421,Augmented Chain Bracers,questiedb-foreverBaseItem.lua
2422,Augmented Chain Gloves,questiedb-foreverBaseItem.lua
2423,Brigandine Vest,wowhead_forever_gearplanner.txt
2424,Brigandine Belt,wowhead_forever_gearplanner.txt
2425,Brigandine Leggings,wowhead_forever_gearplanner.txt
2426,Brigandine Boots,wowhead_forever_gearplanner.txt
2427,Brigandine Bracers,wowhead_forever_gearplanner.txt
2428,Brigandine Gloves,wowhead_forever_gearplanner.txt
2429,Russet Vest,questiedb-foreverBaseItem.lua
2431,Russet Pants,questiedb-foreverBaseItem.lua
2432,Russet Boots,questiedb-foreverBaseItem.lua
2434,Russet Gloves,questiedb-foreverBaseItem.lua
2435,Embroidered Armor,questiedb-foreverBaseItem.lua
2437,Embroidered Pants,questiedb-foreverBaseItem.lua
2438,Embroidered Boots,questiedb-foreverBaseItem.lua
2440,Embroidered Gloves,questiedb-foreverBaseItem.lua
2445,Large Metal Shield,questiedb-foreverBaseItem.lua
2446,Kite Shield,questiedb-foreverBaseItem.lua
2447,Peacebloom,questiedb-foreverBaseItem.lua
2448,Heavy Pavise,questiedb-foreverBaseItem.lua
2449,Earthroot,questiedb-foreverBaseItem.lua
2451,Crested Heater Shield,questiedb-foreverBaseItem.lua
2454,Elixir of Minor Strength,questiedb-foreverBaseItem.lua
2455,Minor Mana Potion,questiedb-foreverBaseItem.lua
2463,Studded Doublet,questiedb-foreverBaseItem.lua
2464,Studded Belt,questiedb-foreverBaseItem.lua
2465,Studded Pants,questiedb-foreverBaseItem.lua
2467,Studded Boots,questiedb-foreverBaseItem.lua
2468,Studded Bracers,questiedb-foreverBaseItem.lua
2469,Studded Gloves,questiedb-foreverBaseItem.lua
2470,Reinforced Leather Vest,wowhead_forever_gearplanner.txt
2471,Reinforced Leather Belt,wowhead_forever_gearplanner.txt
2472,Reinforced Leather Pants,wowhead_forever_gearplanner.txt
2473,Reinforced Leather Boots,wowhead_forever_gearplanner.txt
2474,Reinforced Leather Bracers,wowhead_forever_gearplanner.txt
2475,Reinforced Leather Gloves,wowhead_forever_gearplanner.txt
2479,Broad Axe,questiedb-foreverBaseItem.lua
2480,Large Club,questiedb-foreverBaseItem.lua
2488,Gladius,questiedb-foreverBaseItem.lua
2489,Two-handed Sword,questiedb-foreverBaseItem.lua
2490,Tomahawk,questiedb-foreverBaseItem.lua
2491,Large Axe,questiedb-foreverBaseItem.lua
2492,Cudgel,questiedb-foreverBaseItem.lua
2493,Wooden Mallet,questiedb-foreverBaseItem.lua
2494,Stiletto,questiedb-foreverBaseItem.lua
2495,Walking Stick,questiedb-foreverBaseItem.lua
2504,Worn Shortbow,questiedb-foreverBaseItem.lua
2505,Polished Shortbow,questiedb-foreverBaseItem.lua
2506,Hornwood Recurve Bow,questiedb-foreverBaseItem.lua
2507,Laminated Recurve Bow,questiedb-foreverBaseItem.lua
2508,Old Blunderbuss,questiedb-foreverBaseItem.lua
2509,Ornate Blunderbuss,questiedb-foreverBaseItem.lua
2510,Solid Blunderbuss,questiedb-foreverBaseItem.lua
2511,Hunter's Boomstick,wowhead_forever_gearplanner.txt
2512,Rough Arrow,questiedb-foreverBaseItem.lua
2515,Sharp Arrow,questiedb-foreverBaseItem.lua
2516,Light Shot,questiedb-foreverBaseItem.lua
2519,Heavy Shot,questiedb-foreverBaseItem.lua
2520,Broadsword,questiedb-foreverBaseItem.lua
2521,Flamberge,questiedb-foreverBaseItem.lua
2522,Crescent Axe,questiedb-foreverBaseItem.lua
2523,Bullova,questiedb-foreverBaseItem.lua
2524,Truncheon,questiedb-foreverBaseItem.lua
2525,War Hammer,questiedb-foreverBaseItem.lua
2526,Main Gauche,questiedb-foreverBaseItem.lua
2527,Battle Staff,questiedb-foreverBaseItem.lua
2528,Falchion,wowhead_forever_gearplanner.txt
2529,Zweihander,wowhead_forever_gearplanner.txt
2530,Francisca,wowhead_forever_gearplanner.txt
2531,Great Axe,wowhead_forever_gearplanner.txt
2532,Morning Star,wowhead_forever_gearplanner.txt
2533,War Maul,wowhead_forever_gearplanner.txt
2534,Rondel,wowhead_forever_gearplanner.txt
2535,War Staff,wowhead_forever_gearplanner.txt
2545,Malleable Chain Leggings,wowhead_forever_gearplanner.txt
2546,Royal Frostmane Girdle,questiedb-foreverBaseItem.lua
2547,Boar Handler Gloves,wowhead_forever_gearplanner.txt
2549,Staff of the Shade,wowhead_forever_gearplanner.txt
2562,Bouquet of Scarlet Begonias,wowhead_forever_gearplanner.txt
2564,Elven Spirit Claws,wowhead_forever_gearplanner.txt
2565,Rod of Molten Fire,wowhead_forever_gearplanner.txt
2566,Sacrificial Robes,wowhead_forever_gearplanner.txt
2567,Evocator's Blade,questiedb-foreverBaseItem.lua
2568,Brown Linen Vest,wowhead_forever_gearplanner.txt
2569,Linen Boots,wowhead_forever_gearplanner.txt
2570,Linen Cloak,wowhead_forever_gearplanner.txt
2571,Viny Wrappings,wowhead_forever_gearplanner.txt
2572,Red Linen Robe,wowhead_forever_gearplanner.txt
2575,Red Linen Shirt,wowhead_forever_gearplanner.txt
2576,White Linen Shirt,wowhead_forever_gearplanner.txt
2577,Blue Linen Shirt,wowhead_forever_gearplanner.txt
2578,Barbaric Linen Vest,wowhead_forever_gearplanner.txt
2579,Green Linen Shirt,wowhead_forever_gearplanner.txt
2580,Reinforced Linen Cape,wowhead_forever_gearplanner.txt
2582,Green Woolen Vest,wowhead_forever_gearplanner.txt
2583,Woolen Boots,wowhead_forever_gearplanner.txt
2584,Woolen Cape,wowhead_forever_gearplanner.txt
2585,Gray Woolen Robe,wowhead_forever_gearplanner.txt
2586,Gamemaster's Robe,wowhead_forever_gearplanner.txt
2587,Gray Woolen Shirt,wowhead_forever_gearplanner.txt
2589,Linen Cloth,questiedb-foreverBaseItem.lua
2592,Wool Cloth,questiedb-foreverBaseItem.lua
2593,Flask of Stormwind Tawny,questiedb-foreverBaseItem.lua
2594,Flagon of Dwarven Honeymead,questiedb-foreverBaseItem.lua
2595,Jug of Badlands Bourbon,questiedb-foreverBaseItem.lua
2596,Skin of Dwarven Stout,questiedb-foreverBaseItem.lua
2604,Red Dye,questiedb-foreverBaseItem.lua
2605,Green Dye,questiedb-foreverBaseItem.lua
2611,Crude Flint,questiedb-foreverBaseItem.lua
2612,Plain Robe,wowhead_forever_gearplanner.txt
2613,Double-Stitched Robes,wowhead_forever_gearplanner.txt
2614,Robe of Apprenticeship,wowhead_forever_gearplanner.txt
2615,Chromatic Robe,wowhead_forever_gearplanner.txt
2616,Shimmering Silk Robes,wowhead_forever_gearplanner.txt
2617,Burning Robes,wowhead_forever_gearplanner.txt
2618,Silver Dress Robes,wowhead_forever_gearplanner.txt
2620,Augural Shroud,wowhead_forever_gearplanner.txt
2622,Nimar's Tribal Headdress,questiedb-foreverBaseItem.lua
2629,Intrepid Strongbox Key,questiedb-foreverBaseItem.lua
2632,Curved Dagger,wowhead_forever_gearplanner.txt
2633,Jungle Remedy,questiedb-foreverBaseItem.lua
2635,Loose Chain Belt,wowhead_forever_gearplanner.txt
2642,Loose Chain Boots,wowhead_forever_gearplanner.txt
2643,Loose Chain Bracers,wowhead_forever_gearplanner.txt
2644,Loose Chain Cloak,wowhead_forever_gearplanner.txt
2645,Loose Chain Gloves,wowhead_forever_gearplanner.txt
2646,Loose Chain Pants,wowhead_forever_gearplanner.txt
2648,Loose Chain Vest,wowhead_forever_gearplanner.txt
2649,Flimsy Chain Belt,questiedb-foreverBaseItem.lua
2650,Flimsy Chain Boots,questiedb-foreverBaseItem.lua
2651,Flimsy Chain Bracers,questiedb-foreverBaseItem.lua
2652,Flimsy Chain Cloak,questiedb-foreverBaseItem.lua
2653,Flimsy Chain Gloves,questiedb-foreverBaseItem.lua
2654,Flimsy Chain Pants,questiedb-foreverBaseItem.lua
2656,Flimsy Chain Vest,questiedb-foreverBaseItem.lua
2671,Wendigo Mane,questiedb-foreverBaseItem.lua
2672,Stringy Wolf Meat,questiedb-foreverBaseItem.lua
2675,Crawler Claw,questiedb-foreverBaseItem.lua
2678,Mild Spices,questiedb-foreverBaseItem.lua
2679,Charred Wolf Meat,questiedb-foreverBaseItem.lua
2680,Spiced Wolf Meat,questiedb-foreverBaseItem.lua
2681,Roasted Boar Meat,questiedb-foreverBaseItem.lua
2682,Cooked Crab Claw,questiedb-foreverBaseItem.lua
2685,Succulent Pork Ribs,questiedb-foreverBaseItem.lua
2688,Squirrel Nut,questiedb-foreverBaseItem.lua
2690,Latched Belt,wowhead_forever_gearplanner.txt
2691,Outfitter Boots,wowhead_forever_gearplanner.txt
2692,Hot Spices,questiedb-foreverBaseItem.lua
2694,Settler's Leggings,wowhead_forever_gearplanner.txt
2719,Small Brass Key,questiedb-foreverBaseItem.lua
2721,Holy Shroud,wowhead_forever_gearplanner.txt
2723,Bottle of Dalaran Noir,questiedb-foreverBaseItem.lua
2754,Tarnished Bastard Sword,wowhead_forever_gearplanner.txt
2763,Fisherman Knife,questiedb-foreverBaseItem.lua
2764,Small Dagger,wowhead_forever_gearplanner.txt
2765,Hunting Knife,wowhead_forever_gearplanner.txt
2766,Deft Stiletto,wowhead_forever_gearplanner.txt
2770,Copper Ore,questiedb-foreverBaseItem.lua
2773,Cracked Shortbow,wowhead_forever_gearplanner.txt
2774,Rust-covered Blunderbuss,wowhead_forever_gearplanner.txt
2777,Feeble Shortbow,questiedb-foreverBaseItem.lua
2778,Cheap Blunderbuss,questiedb-foreverBaseItem.lua
2780,Light Hunting Bow,wowhead_forever_gearplanner.txt
2781,Dirty Blunderbuss,wowhead_forever_gearplanner.txt
2782,Mishandled Recurve Bow,wowhead_forever_gearplanner.txt
2783,Shoddy Blunderbuss,wowhead_forever_gearplanner.txt
2785,Stiff Recurve Bow,wowhead_forever_gearplanner.txt
2786,Oiled Blunderbuss,wowhead_forever_gearplanner.txt
2787,Trogg Dagger,wowhead_forever_gearplanner.txt
2800,Black Velvet Robes,wowhead_forever_gearplanner.txt
2801,Blade of Hanna,wowhead_forever_gearplanner.txt
2802,Blazing Emblem,wowhead_forever_gearplanner.txt
2805,Yeti Fur Cloak,wowhead_forever_gearplanner.txt
2807,Guillotine Axe,wowhead_forever_gearplanner.txt
2815,Curve-bladed Ripper,wowhead_forever_gearplanner.txt
2816,Death Speaker Scepter,wowhead_forever_gearplanner.txt
2817,Soft Leather Tunic,wowhead_forever_gearplanner.txt
2818,Stretched Leather Trousers,wowhead_forever_gearplanner.txt
2819,Cross Dagger,wowhead_forever_gearplanner.txt
2820,Nifty Stopwatch,wowhead_forever_gearplanner.txt
2821,Mo'grosh Masher,wowhead_forever_gearplanner.txt
2822,Mo'grosh Toothpick,wowhead_forever_gearplanner.txt
2823,Mo'grosh Can Opener,wowhead_forever_gearplanner.txt
2835,Rough Stone,questiedb-foreverBaseItem.lua
2839,A Letter to Yvette,questiedb-foreverBaseItem.lua
2840,Copper Bar,questiedb-foreverBaseItem.lua
2844,Copper Mace,wowhead_forever_gearplanner.txt
2845,Copper Axe,wowhead_forever_gearplanner.txt
2847,Copper Shortsword,questiedb-foreverBaseItem.lua
2848,Bronze Mace,wowhead_forever_gearplanner.txt
2849,Bronze Axe,wowhead_forever_gearplanner.txt
2850,Bronze Shortsword,wowhead_forever_gearplanner.txt
2851,Copper Chain Belt,wowhead_forever_gearplanner.txt
2852,Copper Chain Pants,questiedb-foreverBaseItem.lua
2853,Copper Bracers,wowhead_forever_gearplanner.txt
2854,Runed Copper Bracers,wowhead_forever_gearplanner.txt
2857,Runed Copper Belt,wowhead_forever_gearplanner.txt
2858,Darkhound Blood,questiedb-foreverBaseItem.lua
2859,Vile Fin Scale,questiedb-foreverBaseItem.lua
2864,Runed Copper Breastplate,wowhead_forever_gearplanner.txt
2865,Rough Bronze Leggings,wowhead_forever_gearplanner.txt
2866,Rough Bronze Cuirass,wowhead_forever_gearplanner.txt
2867,Rough Bronze Bracers,wowhead_forever_gearplanner.txt
2868,Patterned Bronze Bracers,wowhead_forever_gearplanner.txt
2869,Silvered Bronze Breastplate,wowhead_forever_gearplanner.txt
2870,Shining Silver Breastplate,wowhead_forever_gearplanner.txt
2875,Scarlet Insignia Ring,questiedb-foreverBaseItem.lua
2877,Combatant Claymore,wowhead_forever_gearplanner.txt
2878,Bearded Boneaxe,wowhead_forever_gearplanner.txt
2879,Antipodean Rod,wowhead_forever_gearplanner.txt
2880,Weak Flux,questiedb-foreverBaseItem.lua
2888,Beer Basted Boar Ribs,questiedb-foreverBaseItem.lua
2895,Creeping Pain,questiedb-foreverBaseItem.lua
2898,Mountaineer Chestpiece,wowhead_forever_gearplanner.txt
2899,Wendigo Collar,wowhead_forever_gearplanner.txt
2900,Stone Buckler,wowhead_forever_gearplanner.txt
2901,Mining Pick,questiedb-foreverBaseItem.lua
2902,Cloak of the Faith,wowhead_forever_gearplanner.txt
2903,Daryl's Hunting Bow,wowhead_forever_gearplanner.txt
2904,Daryl's Hunting Rifle,wowhead_forever_gearplanner.txt
2905,Goat Fur Cloak,wowhead_forever_gearplanner.txt
2906,Darkshire Mail Leggings,questiedb-foreverBaseItem.lua
2907,Dwarven Tree Chopper,wowhead_forever_gearplanner.txt
2908,Thornblade,wowhead_forever_gearplanner.txt
2910,Gold Militia Boots,wowhead_forever_gearplanner.txt
2911,Keller's Girdle,wowhead_forever_gearplanner.txt
2912,Claw of the Shadowmancer,wowhead_forever_gearplanner.txt
2913,Silk Mantle of Gamn,questiedb-foreverBaseItem.lua
2916,Gold Lion Shield,wowhead_forever_gearplanner.txt
2917,Tranquil Ring,questiedb-foreverBaseItem.lua
2924,Crocolisk Meat,questiedb-foreverBaseItem.lua
2925,Crocolisk Skin,questiedb-foreverBaseItem.lua
2928,Dust of Decay,questiedb-foreverBaseItem.lua
2930,Essence of Pain,questiedb-foreverBaseItem.lua
2933,Seal of Wrynn,wowhead_forever_gearplanner.txt
2939,Crocolisk Tear,questiedb-foreverBaseItem.lua
2940,Bloody Bear Paw,questiedb-foreverBaseItem.lua
2941,Prison Shank,questiedb-foreverBaseItem.lua
2942,Iron Knuckles,questiedb-foreverBaseItem.lua
2943,Eye of Paleth,wowhead_forever_gearplanner.txt
2944,Cursed Eye of Paleth,wowhead_forever_gearplanner.txt
2946,Balanced Throwing Dagger,questiedb-foreverBaseItem.lua
2947,Small Throwing Knife,questiedb-foreverBaseItem.lua
2949,Mariner Boots,wowhead_forever_gearplanner.txt
2950,Icicle Rod,wowhead_forever_gearplanner.txt
2951,Ring of the Underwood,wowhead_forever_gearplanner.txt
2953,Watch Master's Cloak,wowhead_forever_gearplanner.txt
2954,Night Watch Pantaloons,wowhead_forever_gearplanner.txt
2955,First Mate Hat,wowhead_forever_gearplanner.txt
2957,Journeyman's Vest,questiedb-foreverBaseItem.lua
2958,Journeyman's Pants,questiedb-foreverBaseItem.lua
2959,Journeyman's Boots,questiedb-foreverBaseItem.lua
2960,Journeyman's Gloves,questiedb-foreverBaseItem.lua
2961,Burnt Leather Vest,questiedb-foreverBaseItem.lua
2962,Burnt Leather Breeches,questiedb-foreverBaseItem.lua
2963,Burnt Leather Boots,questiedb-foreverBaseItem.lua
2964,Burnt Leather Gloves,questiedb-foreverBaseItem.lua
2965,Warrior's Tunic,questiedb-foreverBaseItem.lua
2966,Warrior's Pants,questiedb-foreverBaseItem.lua
2967,Warrior's Boots,questiedb-foreverBaseItem.lua
2968,Warrior's Gloves,questiedb-foreverBaseItem.lua
2969,Spellbinder Vest,wowhead_forever_gearplanner.txt
2970,Spellbinder Pants,questiedb-foreverBaseItem.lua
2971,Spellbinder Boots,wowhead_forever_gearplanner.txt
2972,Spellbinder Gloves,wowhead_forever_gearplanner.txt
2973,Hunting Tunic,wowhead_forever_gearplanner.txt
2974,Hunting Pants,wowhead_forever_gearplanner.txt
2975,Hunting Boots,questiedb-foreverBaseItem.lua
2976,Hunting Gloves,questiedb-foreverBaseItem.lua
2977,Veteran Armor,wowhead_forever_gearplanner.txt
2978,Veteran Leggings,questiedb-foreverBaseItem.lua
2979,Veteran Boots,questiedb-foreverBaseItem.lua
2980,Veteran Gloves,questiedb-foreverBaseItem.lua
2981,Seer's Robe,wowhead_forever_gearplanner.txt
2982,Seer's Pants,wowhead_forever_gearplanner.txt
2983,Seer's Boots,wowhead_forever_gearplanner.txt
2984,Seer's Gloves,wowhead_forever_gearplanner.txt
2985,Inscribed Leather Breastplate,questiedb-foreverBaseItem.lua
2986,Inscribed Leather Pants,wowhead_forever_gearplanner.txt
2987,Inscribed Leather Boots,wowhead_forever_gearplanner.txt
2988,Inscribed Leather Gloves,questiedb-foreverBaseItem.lua
2989,Burnished Tunic,questiedb-foreverBaseItem.lua
2990,Burnished Leggings,wowhead_forever_gearplanner.txt
2991,Burnished Boots,wowhead_forever_gearplanner.txt
2992,Burnished Gloves,wowhead_forever_gearplanner.txt
3000,Brood Mother Carapace,wowhead_forever_gearplanner.txt
3008,Wendigo Fur Cloak,questiedb-foreverBaseItem.lua
3011,Feathered Headdress,questiedb-foreverBaseItem.lua
3018,Hide of Lupos,questiedb-foreverBaseItem.lua
3019,Noble's Robe,questiedb-foreverBaseItem.lua
3020,Enduring Cap,wowhead_forever_gearplanner.txt
3021,Ranger Bow,wowhead_forever_gearplanner.txt
3022,Bluegill Breeches,wowhead_forever_gearplanner.txt
3023,Large Bore Blunderbuss,questiedb-foreverBaseItem.lua
3024,"BKP 2700 ""Enforcer""",questiedb-foreverBaseItem.lua
3025,"BKP 42 ""Ultra""",questiedb-foreverBaseItem.lua
3026,Reinforced Bow,questiedb-foreverBaseItem.lua
3027,Heavy Recurve Bow,questiedb-foreverBaseItem.lua
3028,Longbow,wowhead_forever_gearplanner.txt
3030,Razor Arrow,questiedb-foreverBaseItem.lua
3033,Solid Shot,questiedb-foreverBaseItem.lua
3036,Heavy Shortbow,wowhead_forever_gearplanner.txt
3037,Whipwood Recurve Bow,wowhead_forever_gearplanner.txt
3039,Short Ash Bow,wowhead_forever_gearplanner.txt
3040,Hunter's Muzzle Loader,wowhead_forever_gearplanner.txt
3041,"""Mage-Eye"" Blunderbuss",wowhead_forever_gearplanner.txt
3042,"BKP ""Sparrow"" Smallbore",wowhead_forever_gearplanner.txt
3045,Lambent Scale Boots,wowhead_forever_gearplanner.txt
3047,Lambent Scale Gloves,wowhead_forever_gearplanner.txt
3048,Lambent Scale Legguards,wowhead_forever_gearplanner.txt
3049,Lambent Scale Breastplate,wowhead_forever_gearplanner.txt
3053,Humbert's Chestpiece,wowhead_forever_gearplanner.txt
3055,Forest Leather Chestpiece,wowhead_forever_gearplanner.txt
3056,Forest Leather Pants,wowhead_forever_gearplanner.txt
3057,Forest Leather Boots,wowhead_forever_gearplanner.txt
3058,Forest Leather Gloves,wowhead_forever_gearplanner.txt
3065,Bright Boots,wowhead_forever_gearplanner.txt
3066,Bright Gloves,wowhead_forever_gearplanner.txt
3067,Bright Pants,questiedb-foreverBaseItem.lua
3069,Bright Robe,wowhead_forever_gearplanner.txt
3070,Ensign Cloak,wowhead_forever_gearplanner.txt
3071,Striking Hatchet,wowhead_forever_gearplanner.txt
3072,Smoldering Robe,wowhead_forever_gearplanner.txt
3073,Smoldering Pants,wowhead_forever_gearplanner.txt
3074,Smoldering Gloves,wowhead_forever_gearplanner.txt
3076,Smoldering Boots,wowhead_forever_gearplanner.txt
3078,Naga Heartpiercer,questiedb-foreverBaseItem.lua
3079,Skorn's Rifle,wowhead_forever_gearplanner.txt
3103,Coldridge Hammer,wowhead_forever_gearplanner.txt
3107,Keen Throwing Knife,questiedb-foreverBaseItem.lua
3108,Heavy Throwing Dagger,questiedb-foreverBaseItem.lua
3111,Crude Throwing Axe,questiedb-foreverBaseItem.lua
3131,Weighted Throwing Axe,questiedb-foreverBaseItem.lua
3135,Sharp Throwing Axe,questiedb-foreverBaseItem.lua
3137,Deadly Throwing Axe,questiedb-foreverBaseItem.lua
3151,Siege Brigade Vest,wowhead_forever_gearplanner.txt
3152,Driving Gloves,wowhead_forever_gearplanner.txt
3153,Oil-stained Cloak,wowhead_forever_gearplanner.txt
3154,Thelsamar Axe,wowhead_forever_gearplanner.txt
3158,Burnt Hide Bracers,wowhead_forever_gearplanner.txt
3160,Ironplate Buckler,wowhead_forever_gearplanner.txt
3161,Robe of the Keeper,wowhead_forever_gearplanner.txt
3163,Blackened Skull,questiedb-foreverBaseItem.lua
3166,Ironheart Chain,wowhead_forever_gearplanner.txt
3169,Chipped Bear Tooth,questiedb-foreverBaseItem.lua
3170,Large Bear Tooth,questiedb-foreverBaseItem.lua
3173,Bear Meat,questiedb-foreverBaseItem.lua
3174,Spider Ichor,questiedb-foreverBaseItem.lua
3181,Partially Digested Meat,questiedb-foreverBaseItem.lua
3184,Hook Dagger,wowhead_forever_gearplanner.txt
3185,Acrobatic Staff,wowhead_forever_gearplanner.txt
3186,Viking Sword,wowhead_forever_gearplanner.txt
3187,Sacrificial Kris,wowhead_forever_gearplanner.txt
3188,Coral Claymore,questiedb-foreverBaseItem.lua
3189,Wood Chopper,questiedb-foreverBaseItem.lua
3190,Beatstick,questiedb-foreverBaseItem.lua
3191,Arced War Axe,wowhead_forever_gearplanner.txt
3192,Short Bastard Sword,wowhead_forever_gearplanner.txt
3193,Oak Mallet,wowhead_forever_gearplanner.txt
3194,Black Malice,questiedb-foreverBaseItem.lua
3195,Barbaric Battle Axe,wowhead_forever_gearplanner.txt
3196,Edged Bastard Sword,wowhead_forever_gearplanner.txt
3197,Stonecutter Claymore,wowhead_forever_gearplanner.txt
3198,Battering Hammer,wowhead_forever_gearplanner.txt
3199,Battle Slayer,wowhead_forever_gearplanner.txt
3200,Burnt Leather Bracers,questiedb-foreverBaseItem.lua
3201,Barbarian War Axe,wowhead_forever_gearplanner.txt
3202,Forest Leather Bracers,wowhead_forever_gearplanner.txt
3203,Dense Triangle Mace,wowhead_forever_gearplanner.txt
3204,Deepwood Bracers,wowhead_forever_gearplanner.txt
3205,Inscribed Leather Bracers,questiedb-foreverBaseItem.lua
3206,Cavalier Two-hander,wowhead_forever_gearplanner.txt
3207,Hunting Bracers,wowhead_forever_gearplanner.txt
3208,Conk Hammer,wowhead_forever_gearplanner.txt
3209,Ancient War Sword,wowhead_forever_gearplanner.txt
3210,Brutal War Axe,wowhead_forever_gearplanner.txt
3211,Burnished Bracers,wowhead_forever_gearplanner.txt
3212,Lambent Scale Bracers,questiedb-foreverBaseItem.lua
3213,Veteran Bracers,questiedb-foreverBaseItem.lua
3214,Warrior's Bracers,questiedb-foreverBaseItem.lua
3216,Warm Winter Robe,wowhead_forever_gearplanner.txt
3217,Foreman Belt,wowhead_forever_gearplanner.txt
3223,Frostmane Scepter,questiedb-foreverBaseItem.lua
3224,Silver-lined Bracers,questiedb-foreverBaseItem.lua
3225,Bloodstained Knife,questiedb-foreverBaseItem.lua
3227,Nightbane Staff,questiedb-foreverBaseItem.lua
3228,Jimmied Handcuffs,questiedb-foreverBaseItem.lua
3229,Tarantula Silk Sash,questiedb-foreverBaseItem.lua
3230,Black Wolf Bracers,questiedb-foreverBaseItem.lua
3231,Cutthroat Pauldrons,questiedb-foreverBaseItem.lua
3233,Gnoll Hide Sack,questiedb-foreverBaseItem.lua
3235,Ring of Scorn,wowhead_forever_gearplanner.txt
3253,Grizzled Bear Heart,questiedb-foreverBaseItem.lua
3260,Scarlet Initiate Robes,wowhead_forever_gearplanner.txt
3261,Webbed Cloak,wowhead_forever_gearplanner.txt
3262,Putrid Wooden Hammer,wowhead_forever_gearplanner.txt
3263,Webbed Pants,wowhead_forever_gearplanner.txt
3264,Duskbat Wing,questiedb-foreverBaseItem.lua
3267,Forsaken Shortsword,wowhead_forever_gearplanner.txt
3268,Forsaken Dagger,wowhead_forever_gearplanner.txt
3269,Forsaken Maul,wowhead_forever_gearplanner.txt
3270,Flax Vest,wowhead_forever_gearplanner.txt
3272,Zombie Skin Leggings,wowhead_forever_gearplanner.txt
3273,Rugged Mail Vest,wowhead_forever_gearplanner.txt
3274,Flax Boots,wowhead_forever_gearplanner.txt
3275,Flax Gloves,wowhead_forever_gearplanner.txt
3276,Deathguard Buckler,wowhead_forever_gearplanner.txt
3277,Executor Staff,wowhead_forever_gearplanner.txt
3278,Aura Proc Damage Sword,wowhead_forever_gearplanner.txt
3279,Battle Chain Boots,questiedb-foreverBaseItem.lua
3280,Battle Chain Bracers,questiedb-foreverBaseItem.lua
3281,Battle Chain Gloves,questiedb-foreverBaseItem.lua
3282,Battle Chain Pants,questiedb-foreverBaseItem.lua
3283,Battle Chain Tunic,questiedb-foreverBaseItem.lua
3284,Tribal Boots,questiedb-foreverBaseItem.lua
3285,Tribal Bracers,questiedb-foreverBaseItem.lua
3286,Tribal Gloves,questiedb-foreverBaseItem.lua
3287,Tribal Pants,questiedb-foreverBaseItem.lua
3288,Tribal Vest,questiedb-foreverBaseItem.lua
3289,Ancestral Boots,questiedb-foreverBaseItem.lua
3290,Ancestral Gloves,questiedb-foreverBaseItem.lua
3291,Ancestral Woollies,questiedb-foreverBaseItem.lua
3292,Ancestral Tunic,questiedb-foreverBaseItem.lua
3293,Deadman Cleaver,wowhead_forever_gearplanner.txt
3294,Deadman Club,wowhead_forever_gearplanner.txt
3295,Deadman Blade,wowhead_forever_gearplanner.txt
3296,Deadman Dagger,wowhead_forever_gearplanner.txt
3297,Fel Moss,questiedb-foreverBaseItem.lua
3299,Fractured Canine,questiedb-foreverBaseItem.lua
3300,Rabbit's Foot,questiedb-foreverBaseItem.lua
3302,Brackwater Boots,questiedb-foreverBaseItem.lua
3303,Brackwater Bracers,questiedb-foreverBaseItem.lua
3304,Brackwater Gauntlets,questiedb-foreverBaseItem.lua
3305,Brackwater Leggings,wowhead_forever_gearplanner.txt
3306,Brackwater Vest,wowhead_forever_gearplanner.txt
3307,Barbaric Cloth Boots,wowhead_forever_gearplanner.txt
3308,Barbaric Cloth Gloves,wowhead_forever_gearplanner.txt
3309,Barbaric Loincloth,wowhead_forever_gearplanner.txt
3310,Barbaric Cloth Vest,questiedb-foreverBaseItem.lua
3311,Ceremonial Leather Ankleguards,wowhead_forever_gearplanner.txt
3312,Ceremonial Leather Bracers,questiedb-foreverBaseItem.lua
3313,Ceremonial Leather Harness,questiedb-foreverBaseItem.lua
3314,Ceremonial Leather Gloves,wowhead_forever_gearplanner.txt
3315,Ceremonial Leather Loincloth,wowhead_forever_gearplanner.txt
3319,Short Sabre,wowhead_forever_gearplanner.txt
3321,Gray Fur Booties,wowhead_forever_gearplanner.txt
3322,Wispy Cloak,questiedb-foreverBaseItem.lua
3323,Ghostly Bracers,questiedb-foreverBaseItem.lua
3324,Ghostly Mantle,questiedb-foreverBaseItem.lua
3325,Vile Fin Battle Axe,questiedb-foreverBaseItem.lua
3327,Vile Fin Oracle Staff,questiedb-foreverBaseItem.lua
3328,Spider Web Robe,wowhead_forever_gearplanner.txt
3329,Spiked Wooden Plank,wowhead_forever_gearplanner.txt
3330,Dargol's Hauberk,wowhead_forever_gearplanner.txt
3331,Melrache's Cape,wowhead_forever_gearplanner.txt
3332,Perrine's Boots,wowhead_forever_gearplanner.txt
3334,Farmer's Shovel,questiedb-foreverBaseItem.lua
3335,Farmer's Broom,wowhead_forever_gearplanner.txt
3336,Flesh Piercer,wowhead_forever_gearplanner.txt
3337,Dragonmaw War Banner,questiedb-foreverBaseItem.lua
3340,Incendicite Ore,questiedb-foreverBaseItem.lua
3341,Gauntlets of Ogre Strength,wowhead_forever_gearplanner.txt
3342,Captain Sander's Shirt,wowhead_forever_gearplanner.txt
3344,Captain Sander's Sash,wowhead_forever_gearplanner.txt
3349,Sida's Bag,questiedb-foreverBaseItem.lua
3360,Stitches' Femur,wowhead_forever_gearplanner.txt
3363,Frayed Belt,questiedb-foreverBaseItem.lua
3365,Frayed Bracers,wowhead_forever_gearplanner.txt
3370,Patchwork Belt,wowhead_forever_gearplanner.txt
3371,Empty Vial,questiedb-foreverBaseItem.lua
3372,Leaded Vial,questiedb-foreverBaseItem.lua
3373,Patchwork Bracers,wowhead_forever_gearplanner.txt
3374,Calico Belt,questiedb-foreverBaseItem.lua
3375,Calico Bracers,questiedb-foreverBaseItem.lua
3376,Canvas Belt,wowhead_forever_gearplanner.txt
3377,Canvas Bracers,wowhead_forever_gearplanner.txt
3378,Brocade Belt,wowhead_forever_gearplanner.txt
3379,Brocade Bracers,wowhead_forever_gearplanner.txt
3380,Cross-stitched Belt,wowhead_forever_gearplanner.txt
3381,Cross-stitched Bracers,wowhead_forever_gearplanner.txt
3382,Minor Troll's Blood Elixir,questiedb-foreverBaseItem.lua
3383,Elixir of Wisdom,questiedb-foreverBaseItem.lua
3384,Minor Magic Resistance Potion,questiedb-foreverBaseItem.lua
3385,Lesser Mana Potion,questiedb-foreverBaseItem.lua
3388,Lesser Troll's Blood Elixir,questiedb-foreverBaseItem.lua
3392,Ringed Helm,questiedb-foreverBaseItem.lua
3400,Lucine Longsword,questiedb-foreverBaseItem.lua
3401,Rough Crocolisk Scale,questiedb-foreverBaseItem.lua
3412,Webwood Spider Silk,questiedb-foreverBaseItem.lua
3413,Doomspike,questiedb-foreverBaseItem.lua
3414,Crested Scepter,questiedb-foreverBaseItem.lua
3415,Staff of the Friar,questiedb-foreverBaseItem.lua
3416,Martyr's Chain,questiedb-foreverBaseItem.lua
3417,Onyx Claymore,questiedb-foreverBaseItem.lua
3419,Red Rose,wowhead_forever_gearplanner.txt
3420,Black Rose,wowhead_forever_gearplanner.txt
3421,Simple Wildflowers,wowhead_forever_gearplanner.txt
3422,Beautiful Wildflowers,wowhead_forever_gearplanner.txt
3423,Bouquet of White Roses,wowhead_forever_gearplanner.txt
3424,Bouquet of Black Roses,wowhead_forever_gearplanner.txt
3426,Bold Yellow Shirt,questiedb-foreverBaseItem.lua
3427,Stylish Black Shirt,questiedb-foreverBaseItem.lua
3428,Common Gray Shirt,questiedb-foreverBaseItem.lua
3429,Guardsman Belt,wowhead_forever_gearplanner.txt
3430,Sniper Rifle,wowhead_forever_gearplanner.txt
3431,Bone-studded Leather,wowhead_forever_gearplanner.txt
3434,Slumber Sand,questiedb-foreverBaseItem.lua
3435,Zombie Skin Bracers,wowhead_forever_gearplanner.txt
3437,Clasped Belt,wowhead_forever_gearplanner.txt
3438,Ankh of Resurrection,questiedb-foreverBaseItem.lua
3439,Zombie Skin Boots,wowhead_forever_gearplanner.txt
3440,Bonecracker,wowhead_forever_gearplanner.txt
3442,Apprentice Sash,wowhead_forever_gearplanner.txt
3443,Ceremonial Tomahawk,questiedb-foreverBaseItem.lua
3444,Tiller's Vest,wowhead_forever_gearplanner.txt
3445,Ceremonial Knife,wowhead_forever_gearplanner.txt
3446,Darkwood Staff,wowhead_forever_gearplanner.txt
3447,Cryptwalker Boots,wowhead_forever_gearplanner.txt
3449,Mystic Shawl,wowhead_forever_gearplanner.txt
3450,Faerleia's Shield,wowhead_forever_gearplanner.txt
3451,Nightglow Concoction,wowhead_forever_gearplanner.txt
3452,Ceranium Rod,wowhead_forever_gearplanner.txt
3453,Quilted Bracers,wowhead_forever_gearplanner.txt
3454,Reconnaissance Boots,wowhead_forever_gearplanner.txt
3455,Deathstalker Shortsword,wowhead_forever_gearplanner.txt
3457,Stamped Trousers,wowhead_forever_gearplanner.txt
3458,Rugged Mail Gloves,wowhead_forever_gearplanner.txt
3461,High Robe of the Adjudicator,wowhead_forever_gearplanner.txt
3462,Talonstrike,wowhead_forever_gearplanner.txt
3463,Silver Star,wowhead_forever_gearplanner.txt
3466,Strong Flux,questiedb-foreverBaseItem.lua
3467,Dull Iron Key,questiedb-foreverBaseItem.lua
3469,Copper Chain Boots,questiedb-foreverBaseItem.lua
3471,Copper Chain Vest,wowhead_forever_gearplanner.txt
3472,Runed Copper Gauntlets,wowhead_forever_gearplanner.txt
3473,Runed Copper Pants,wowhead_forever_gearplanner.txt
3474,Gemmed Copper Gauntlets,wowhead_forever_gearplanner.txt
3480,Rough Bronze Shoulders,wowhead_forever_gearplanner.txt
3481,Silvered Bronze Shoulders,wowhead_forever_gearplanner.txt
3482,Silvered Bronze Boots,wowhead_forever_gearplanner.txt
3483,Silvered Bronze Gauntlets,wowhead_forever_gearplanner.txt
3484,Green Iron Boots,wowhead_forever_gearplanner.txt
3485,Green Iron Gauntlets,wowhead_forever_gearplanner.txt
3487,Heavy Copper Broadsword,wowhead_forever_gearplanner.txt
3488,Copper Battle Axe,wowhead_forever_gearplanner.txt
3489,Thick War Axe,wowhead_forever_gearplanner.txt
3490,Deadly Bronze Poniard,wowhead_forever_gearplanner.txt
3491,Heavy Bronze Mace,wowhead_forever_gearplanner.txt
3492,Mighty Iron Hammer,wowhead_forever_gearplanner.txt
3493,Raptor's End,wowhead_forever_gearplanner.txt
3499,Burnished Gold Key,questiedb-foreverBaseItem.lua
3511,Cloak of the People's Militia,wowhead_forever_gearplanner.txt
3535,Red Leather C03 Bracers,wowhead_forever_gearplanner.txt
3545,Black Leather D02 Bracers,wowhead_forever_gearplanner.txt
3555,Robe of Solomon,wowhead_forever_gearplanner.txt
3556,Dread Mage Hat,wowhead_forever_gearplanner.txt
3558,Fen Keeper Robe,wowhead_forever_gearplanner.txt
3559,Night Watch Gauntlets,wowhead_forever_gearplanner.txt
3560,Mantle of Honor,wowhead_forever_gearplanner.txt
3561,Resilient Poncho,wowhead_forever_gearplanner.txt
3562,Belt of Vindication,questiedb-foreverBaseItem.lua
3563,Seafarer's Pantaloons,questiedb-foreverBaseItem.lua
3565,Beerstained Gloves,wowhead_forever_gearplanner.txt
3566,Raptorbane Armor,wowhead_forever_gearplanner.txt
3567,Dwarven Fishing Pole,wowhead_forever_gearplanner.txt
3569,Vicar's Robe,wowhead_forever_gearplanner.txt
3570,Bonegrinding Pestle,wowhead_forever_gearplanner.txt
3571,Trogg Beater,questiedb-foreverBaseItem.lua
3572,Daryl's Shortsword,wowhead_forever_gearplanner.txt
3573,Hunting Quiver,wowhead_forever_gearplanner.txt
3574,Hunting Ammo Sack,wowhead_forever_gearplanner.txt
3578,Harvester's Pants,wowhead_forever_gearplanner.txt
3581,Serrated Knife,wowhead_forever_gearplanner.txt
3582,Acidproof Cloak,wowhead_forever_gearplanner.txt
3583,Weathered Belt,wowhead_forever_gearplanner.txt
3585,Camouflaged Tunic,wowhead_forever_gearplanner.txt
3586,Logsplitter,wowhead_forever_gearplanner.txt
3587,Embroidered Belt,questiedb-foreverBaseItem.lua
3588,Embroidered Bracers,questiedb-foreverBaseItem.lua
3589,Heavy Weave Belt,wowhead_forever_gearplanner.txt
3590,Heavy Weave Bracers,wowhead_forever_gearplanner.txt
3591,Padded Belt,wowhead_forever_gearplanner.txt
3592,Padded Bracers,wowhead_forever_gearplanner.txt
3593,Russet Belt,questiedb-foreverBaseItem.lua
3594,Russet Bracers,questiedb-foreverBaseItem.lua
3595,Tattered Cloth Belt,wowhead_forever_gearplanner.txt
3596,Tattered Cloth Bracers,wowhead_forever_gearplanner.txt
3597,Thick Cloth Belt,wowhead_forever_gearplanner.txt
3598,Thick Cloth Bracers,wowhead_forever_gearplanner.txt
3599,Thin Cloth Belt,questiedb-foreverBaseItem.lua
3600,Thin Cloth Bracers,questiedb-foreverBaseItem.lua
3602,Knitted Belt,wowhead_forever_gearplanner.txt
3603,Knitted Bracers,wowhead_forever_gearplanner.txt
3604,Bandolier of the Night Watch,wowhead_forever_gearplanner.txt
3605,Quiver of the Night Watch,wowhead_forever_gearplanner.txt
3606,Woven Belt,wowhead_forever_gearplanner.txt
3607,Woven Bracers,wowhead_forever_gearplanner.txt
3641,Journeyman's Bracers,questiedb-foreverBaseItem.lua
3642,Ancestral Bracers,questiedb-foreverBaseItem.lua
3643,Spellbinder Bracers,questiedb-foreverBaseItem.lua
3644,Barbaric Cloth Bracers,questiedb-foreverBaseItem.lua
3645,Seer's Cuffs,questiedb-foreverBaseItem.lua
3647,Bright Bracers,wowhead_forever_gearplanner.txt
3649,Tribal Buckler,questiedb-foreverBaseItem.lua
3650,Battle Shield,questiedb-foreverBaseItem.lua
3651,Veteran Shield,questiedb-foreverBaseItem.lua
3652,Hunting Buckler,questiedb-foreverBaseItem.lua
3653,Ceremonial Buckler,questiedb-foreverBaseItem.lua
3654,Brackwater Shield,questiedb-foreverBaseItem.lua
3655,Burnished Shield,wowhead_forever_gearplanner.txt
3656,Lambent Scale Shield,wowhead_forever_gearplanner.txt
3661,Handcrafted Staff,wowhead_forever_gearplanner.txt
3663,Murloc Fin Soup,questiedb-foreverBaseItem.lua
3692,Hillsbrad Human Skull,questiedb-foreverBaseItem.lua
3703,Southshore Stout,questiedb-foreverBaseItem.lua
3704,Rusted Iron Key,questiedb-foreverBaseItem.lua
3713,Soothing Spices,questiedb-foreverBaseItem.lua
3719,Hillman's Cloak,wowhead_forever_gearplanner.txt
3726,Big Bear Steak,questiedb-foreverBaseItem.lua
3728,Tasty Lion Steak,questiedb-foreverBaseItem.lua
3729,Soothing Turtle Bisque,questiedb-foreverBaseItem.lua
3732,Hooded Cowl,wowhead_forever_gearplanner.txt
3733,Orcish War Chain,wowhead_forever_gearplanner.txt
3738,Brewing Rod,wowhead_forever_gearplanner.txt
3739,Skull Ring,wowhead_forever_gearplanner.txt
3740,Decapitating Sword,wowhead_forever_gearplanner.txt
3741,Stomping Boots,wowhead_forever_gearplanner.txt
3742,Bow of Plunder,wowhead_forever_gearplanner.txt
3743,Sentry Buckler,wowhead_forever_gearplanner.txt
3747,Meditative Sash,wowhead_forever_gearplanner.txt
3748,Feline Mantle,wowhead_forever_gearplanner.txt
3749,High Apothecary Cloak,wowhead_forever_gearplanner.txt
3750,Ribbed Breastplate,wowhead_forever_gearplanner.txt
3751,Mercenary Leggings,wowhead_forever_gearplanner.txt
3752,Grunt Vest,wowhead_forever_gearplanner.txt
3753,Shepherd's Girdle,wowhead_forever_gearplanner.txt
3754,Shepherd's Gloves,wowhead_forever_gearplanner.txt
3755,Fish Gutter,wowhead_forever_gearplanner.txt
3758,Crusader Belt,wowhead_forever_gearplanner.txt
3759,Insulated Sage Gloves,wowhead_forever_gearplanner.txt
3760,Band of the Undercity,wowhead_forever_gearplanner.txt
3761,Deadskull Shield,wowhead_forever_gearplanner.txt
3763,Lunar Buckler,wowhead_forever_gearplanner.txt
3764,Mantis Boots,wowhead_forever_gearplanner.txt
3765,Brigand's Pauldrons,wowhead_forever_gearplanner.txt
3770,Mutton Chop,questiedb-foreverBaseItem.lua
3771,Wild Hog Shank,questiedb-foreverBaseItem.lua
3777,Lethargy Root,questiedb-foreverBaseItem.lua
3778,Taut Compound Bow,wowhead_forever_gearplanner.txt
3779,Hefty War Axe,wowhead_forever_gearplanner.txt
3780,Long-barreled Musket,wowhead_forever_gearplanner.txt
3781,Broad Claymore,wowhead_forever_gearplanner.txt
3782,Large War Club,wowhead_forever_gearplanner.txt
3783,Light Scimitar,wowhead_forever_gearplanner.txt
3784,Metal Stave,wowhead_forever_gearplanner.txt
3785,Keen Axe,wowhead_forever_gearplanner.txt
3786,Shiny Dirk,wowhead_forever_gearplanner.txt
3787,Stone Club,wowhead_forever_gearplanner.txt
3792,Interlaced Belt,wowhead_forever_gearplanner.txt
3793,Interlaced Boots,wowhead_forever_gearplanner.txt
3794,Interlaced Bracers,wowhead_forever_gearplanner.txt
3795,Interlaced Cloak,wowhead_forever_gearplanner.txt
3796,Interlaced Gloves,wowhead_forever_gearplanner.txt
3797,Interlaced Pants,wowhead_forever_gearplanner.txt
3798,Interlaced Shoulderpads,wowhead_forever_gearplanner.txt
3799,Interlaced Vest,wowhead_forever_gearplanner.txt
3800,Hardened Leather Belt,wowhead_forever_gearplanner.txt
3801,Hardened Leather Boots,wowhead_forever_gearplanner.txt
3802,Hardened Leather Bracers,wowhead_forever_gearplanner.txt
3803,Hardened Cloak,wowhead_forever_gearplanner.txt
3804,Hardened Leather Gloves,wowhead_forever_gearplanner.txt
3805,Hardened Leather Pants,wowhead_forever_gearplanner.txt
3806,Hardened Leather Shoulderpads,wowhead_forever_gearplanner.txt
3807,Hardened Leather Tunic,wowhead_forever_gearplanner.txt
3808,Double Mail Belt,wowhead_forever_gearplanner.txt
3809,Double Mail Boots,wowhead_forever_gearplanner.txt
3810,Double Mail Bracers,wowhead_forever_gearplanner.txt
3811,Double-Stitched Cloak,wowhead_forever_gearplanner.txt
3812,Double Mail Gloves,wowhead_forever_gearplanner.txt
3813,Double Mail Pants,wowhead_forever_gearplanner.txt
3814,Double Mail Shoulderpads,wowhead_forever_gearplanner.txt
3815,Double Mail Vest,wowhead_forever_gearplanner.txt
3816,Reflective Heater,wowhead_forever_gearplanner.txt
3817,Reinforced Buckler,wowhead_forever_gearplanner.txt
3822,Runic Darkblade,wowhead_forever_gearplanner.txt
3823,Lesser Invisibility Potion,questiedb-foreverBaseItem.lua
3827,Mana Potion,questiedb-foreverBaseItem.lua
3833,Adept's Cloak,wowhead_forever_gearplanner.txt
3834,Sturdy Cloth Trousers,wowhead_forever_gearplanner.txt
3835,Green Iron Bracers,wowhead_forever_gearplanner.txt
3836,Green Iron Helm,wowhead_forever_gearplanner.txt
3837,Golden Scale Coif,wowhead_forever_gearplanner.txt
3840,Green Iron Shoulders,wowhead_forever_gearplanner.txt
3841,Golden Scale Shoulders,wowhead_forever_gearplanner.txt
3842,Green Iron Leggings,wowhead_forever_gearplanner.txt
3843,Golden Scale Leggings,wowhead_forever_gearplanner.txt
3844,Green Iron Hauberk,wowhead_forever_gearplanner.txt
3845,Golden Scale Cuirass,wowhead_forever_gearplanner.txt
3846,Polished Steel Boots,wowhead_forever_gearplanner.txt
3847,Golden Scale Boots,wowhead_forever_gearplanner.txt
3848,Big Bronze Knife,wowhead_forever_gearplanner.txt
3849,Hardened Iron Shortsword,wowhead_forever_gearplanner.txt
3850,Jade Serpentblade,wowhead_forever_gearplanner.txt
3851,Solid Iron Maul,wowhead_forever_gearplanner.txt
3852,Golden Iron Destroyer,wowhead_forever_gearplanner.txt
3853,Moonsteel Broadsword,questiedb-foreverBaseItem.lua
3854,Frost Tiger Blade,wowhead_forever_gearplanner.txt
3855,Massive Iron Axe,wowhead_forever_gearplanner.txt
3856,Shadow Crescent Axe,wowhead_forever_gearplanner.txt
3857,Coal,questiedb-foreverBaseItem.lua
3864,Citrine,questiedb-foreverBaseItem.lua
3889,Russet Hat,questiedb-foreverBaseItem.lua
3890,Studded Hat,questiedb-foreverBaseItem.lua
3891,Augmented Chain Helm,questiedb-foreverBaseItem.lua
3892,Embroidered Hat,questiedb-foreverBaseItem.lua
3893,Reinforced Leather Cap,wowhead_forever_gearplanner.txt
3894,Brigandine Helm,wowhead_forever_gearplanner.txt
3902,Staff of Nobles,questiedb-foreverBaseItem.lua
3927,Fine Aged Cheddar,questiedb-foreverBaseItem.lua
3930,Maury's Key,questiedb-foreverBaseItem.lua
3931,Poisoned Spider Fang,questiedb-foreverBaseItem.lua
3935,Smotts' Cutlass,wowhead_forever_gearplanner.txt
3936,Crochet Belt,wowhead_forever_gearplanner.txt
3937,Crochet Boots,wowhead_forever_gearplanner.txt
3938,Crochet Bracers,wowhead_forever_gearplanner.txt
3939,Crochet Cloak,wowhead_forever_gearplanner.txt
3940,Crochet Gloves,wowhead_forever_gearplanner.txt
3941,Crochet Pants,wowhead_forever_gearplanner.txt
3942,Crochet Shoulderpads,wowhead_forever_gearplanner.txt
3943,Crochet Vest,wowhead_forever_gearplanner.txt
3944,Twill Belt,wowhead_forever_gearplanner.txt
3945,Twill Boots,wowhead_forever_gearplanner.txt
3946,Twill Bracers,wowhead_forever_gearplanner.txt
3947,Twill Cloak,wowhead_forever_gearplanner.txt
3948,Twill Gloves,wowhead_forever_gearplanner.txt
3949,Twill Pants,wowhead_forever_gearplanner.txt
3950,Twill Shoulderpads,wowhead_forever_gearplanner.txt
3951,Twill Vest,wowhead_forever_gearplanner.txt
3952,Mesh Belt,wowhead_forever_gearplanner.txt
3953,Mesh Boots,wowhead_forever_gearplanner.txt
3954,Mesh Bracers,wowhead_forever_gearplanner.txt
3955,Mesh Cloak,wowhead_forever_gearplanner.txt
3956,Mesh Gloves,wowhead_forever_gearplanner.txt
3957,Mesh Pants,wowhead_forever_gearplanner.txt
3958,Mesh Mantle,wowhead_forever_gearplanner.txt
3959,Mesh Armor,wowhead_forever_gearplanner.txt
3961,Thick Leather Belt,wowhead_forever_gearplanner.txt
3962,Thick Leather Boots,wowhead_forever_gearplanner.txt
3963,Thick Leather Bracers,wowhead_forever_gearplanner.txt
3964,Thick Cloak,wowhead_forever_gearplanner.txt
3965,Thick Leather Gloves,wowhead_forever_gearplanner.txt
3966,Thick Leather Pants,wowhead_forever_gearplanner.txt
3967,Thick Leather Shoulderpads,wowhead_forever_gearplanner.txt
3968,Thick Leather Tunic,wowhead_forever_gearplanner.txt
3969,Smooth Leather Belt,wowhead_forever_gearplanner.txt
3970,Smooth Leather Boots,wowhead_forever_gearplanner.txt
3971,Smooth Leather Bracers,wowhead_forever_gearplanner.txt
3972,Smooth Cloak,wowhead_forever_gearplanner.txt
3973,Smooth Leather Gloves,wowhead_forever_gearplanner.txt
3974,Smooth Leather Pants,wowhead_forever_gearplanner.txt
3975,Smooth Leather Shoulderpads,wowhead_forever_gearplanner.txt
3976,Smooth Leather Armor,wowhead_forever_gearplanner.txt
3977,Strapped Belt,wowhead_forever_gearplanner.txt
3978,Strapped Boots,wowhead_forever_gearplanner.txt
3979,Strapped Bracers,wowhead_forever_gearplanner.txt
3980,Strapped Cloak,wowhead_forever_gearplanner.txt
3981,Strapped Gloves,wowhead_forever_gearplanner.txt
3982,Strapped Pants,wowhead_forever_gearplanner.txt
3983,Strapped Shoulderpads,wowhead_forever_gearplanner.txt
3984,Strapped Armor,wowhead_forever_gearplanner.txt
3985,Monogrammed Sash,wowhead_forever_gearplanner.txt
3986,Protective Pavise,wowhead_forever_gearplanner.txt
3987,Deflecting Tower,wowhead_forever_gearplanner.txt
3988,Plate Wall Shield,wowhead_forever_gearplanner.txt
3989,Blocking Targe,wowhead_forever_gearplanner.txt
3990,Crested Buckler,wowhead_forever_gearplanner.txt
3991,Plated Buckler,wowhead_forever_gearplanner.txt
3992,Laminated Scale Belt,wowhead_forever_gearplanner.txt
3993,Laminated Scale Boots,wowhead_forever_gearplanner.txt
3994,Laminated Scale Bracers,wowhead_forever_gearplanner.txt
3995,Laminated Scale Cloak,wowhead_forever_gearplanner.txt
3996,Laminated Scale Gloves,wowhead_forever_gearplanner.txt
3997,Laminated Scale Pants,wowhead_forever_gearplanner.txt
3998,Laminated Scale Shoulderpads,wowhead_forever_gearplanner.txt
3999,Laminated Scale Armor,wowhead_forever_gearplanner.txt
4000,Overlinked Chain Belt,wowhead_forever_gearplanner.txt
4001,Overlinked Chain Boots,wowhead_forever_gearplanner.txt
4002,Overlinked Chain Bracers,wowhead_forever_gearplanner.txt
4003,Overlinked Chain Cloak,wowhead_forever_gearplanner.txt
4004,Overlinked Chain Gloves,wowhead_forever_gearplanner.txt
4005,Overlinked Chain Pants,wowhead_forever_gearplanner.txt
4006,Overlinked Chain Shoulderpads,wowhead_forever_gearplanner.txt
4007,Overlinked Chain Armor,wowhead_forever_gearplanner.txt
4008,Sterling Chain Belt,wowhead_forever_gearplanner.txt
4009,Sterling Chain Boots,wowhead_forever_gearplanner.txt
4010,Sterling Chain Bracers,wowhead_forever_gearplanner.txt
4011,Sterling Chain Cloak,wowhead_forever_gearplanner.txt
4012,Sterling Chain Gloves,wowhead_forever_gearplanner.txt
4013,Sterling Chain Pants,wowhead_forever_gearplanner.txt
4014,Sterling Chain Shoulderpads,wowhead_forever_gearplanner.txt
4015,Sterling Chain Armor,wowhead_forever_gearplanner.txt
4017,Sharp Shortsword,wowhead_forever_gearplanner.txt
4018,Whetted Claymore,wowhead_forever_gearplanner.txt
4019,Heavy Flint Axe,wowhead_forever_gearplanner.txt
4020,Splintering Battle Axe,wowhead_forever_gearplanner.txt
4021,Blunting Mace,wowhead_forever_gearplanner.txt
4022,Crushing Maul,wowhead_forever_gearplanner.txt
4023,Fine Pointed Dagger,wowhead_forever_gearplanner.txt
4024,Heavy War Staff,wowhead_forever_gearplanner.txt
4025,Balanced Long Bow,wowhead_forever_gearplanner.txt
4026,Sentinel Musket,wowhead_forever_gearplanner.txt
4029,Akiris Reed,questiedb-foreverBaseItem.lua
4035,Silver-thread Robe,wowhead_forever_gearplanner.txt
4036,Silver-thread Cuffs,wowhead_forever_gearplanner.txt
4037,Silver-thread Pants,wowhead_forever_gearplanner.txt
4038,Nightsky Robe,wowhead_forever_gearplanner.txt
4039,Nightsky Cowl,wowhead_forever_gearplanner.txt
4040,Nightsky Gloves,wowhead_forever_gearplanner.txt
4041,Aurora Cowl,wowhead_forever_gearplanner.txt
4042,Aurora Gloves,wowhead_forever_gearplanner.txt
4043,Aurora Bracers,wowhead_forever_gearplanner.txt
4044,Aurora Pants,wowhead_forever_gearplanner.txt
4045,Mistscape Bracers,wowhead_forever_gearplanner.txt
4046,Mistscape Pants,wowhead_forever_gearplanner.txt
4047,Mistscape Boots,wowhead_forever_gearplanner.txt
4048,Emblazoned Hat,wowhead_forever_gearplanner.txt
4049,Emblazoned Bracers,wowhead_forever_gearplanner.txt
4050,Emblazoned Leggings,wowhead_forever_gearplanner.txt
4051,Emblazoned Boots,wowhead_forever_gearplanner.txt
4052,Insignia Cap,wowhead_forever_gearplanner.txt
4054,Insignia Leggings,wowhead_forever_gearplanner.txt
4055,Insignia Boots,wowhead_forever_gearplanner.txt
4057,Insignia Chestguard,wowhead_forever_gearplanner.txt
4058,Glyphed Breastplate,wowhead_forever_gearplanner.txt
4059,Glyphed Bracers,wowhead_forever_gearplanner.txt
4060,Glyphed Leggings,wowhead_forever_gearplanner.txt
4061,Imperial Leather Bracers,wowhead_forever_gearplanner.txt
4062,Imperial Leather Pants,questiedb-foreverBaseItem.lua
4063,Imperial Leather Gloves,wowhead_forever_gearplanner.txt
4064,Emblazoned Buckler,questiedb-foreverBaseItem.lua
4065,Combat Shield,wowhead_forever_gearplanner.txt
4066,Insignia Buckler,wowhead_forever_gearplanner.txt
4067,Glyphed Buckler,wowhead_forever_gearplanner.txt
4068,Chief Brigadier Shield,wowhead_forever_gearplanner.txt
4069,Blackforge Buckler,wowhead_forever_gearplanner.txt
4070,Jouster's Crest,wowhead_forever_gearplanner.txt
4071,Glimmering Mail Breastplate,wowhead_forever_gearplanner.txt
4072,Glimmering Mail Gauntlets,wowhead_forever_gearplanner.txt
4073,Glimmering Mail Greaves,questiedb-foreverBaseItem.lua
4074,Mail Combat Armor,wowhead_forever_gearplanner.txt
4075,Mail Combat Gauntlets,wowhead_forever_gearplanner.txt
4076,Mail Combat Boots,wowhead_forever_gearplanner.txt
4077,Mail Combat Headguard,wowhead_forever_gearplanner.txt
4078,Chief Brigadier Coif,wowhead_forever_gearplanner.txt
4079,Chief Brigadier Leggings,wowhead_forever_gearplanner.txt
4080,Blackforge Cowl,wowhead_forever_gearplanner.txt
4082,Blackforge Breastplate,wowhead_forever_gearplanner.txt
4083,Blackforge Gauntlets,wowhead_forever_gearplanner.txt
4084,Blackforge Leggings,wowhead_forever_gearplanner.txt
4086,Flash Rifle,wowhead_forever_gearplanner.txt
4087,Trueshot Bow,wowhead_forever_gearplanner.txt
4088,Dreadblade,wowhead_forever_gearplanner.txt
4089,Ricochet Blunderbuss,wowhead_forever_gearplanner.txt
4090,Mug O' Hurt,wowhead_forever_gearplanner.txt
4091,Widowmaker,wowhead_forever_gearplanner.txt
4095,Deprecate Snare Kit,questiedb-foreverBaseItem.lua
4103,Shackle Key,questiedb-foreverBaseItem.lua
4107,Tiger Hunter Gloves,wowhead_forever_gearplanner.txt
4108,Panther Hunter Leggings,wowhead_forever_gearplanner.txt
4109,Excelsior Boots,wowhead_forever_gearplanner.txt
4112,Choker of the High Shaman,wowhead_forever_gearplanner.txt
4113,Medicine Blanket,wowhead_forever_gearplanner.txt
4114,Darktide Cape,wowhead_forever_gearplanner.txt
4115,Grom'gol Buckler,wowhead_forever_gearplanner.txt
4116,Olmann Sewar,wowhead_forever_gearplanner.txt
4117,Scorching Sash,wowhead_forever_gearplanner.txt
4118,Poobah's Nose Ring,wowhead_forever_gearplanner.txt
4119,Raptor Hunter Tunic,wowhead_forever_gearplanner.txt
4120,Robe of Crystal Waters,wowhead_forever_gearplanner.txt
4121,Gemmed Gloves,wowhead_forever_gearplanner.txt
4122,Bookmaker's Scepter,wowhead_forever_gearplanner.txt
4123,Frost Metal Pauldrons,wowhead_forever_gearplanner.txt
4124,Cap of Harmony,wowhead_forever_gearplanner.txt
4125,Tranquil Orb,questiedb-foreverBaseItem.lua
4126,Guerrilla Cleaver,wowhead_forever_gearplanner.txt
4127,Shrapnel Blaster,wowhead_forever_gearplanner.txt
4128,Silver Spade,wowhead_forever_gearplanner.txt
4129,Collection Plate,wowhead_forever_gearplanner.txt
4130,Smotts' Compass,wowhead_forever_gearplanner.txt
4131,Belt of Corruption,wowhead_forever_gearplanner.txt
4132,Darkspear Armsplints,wowhead_forever_gearplanner.txt
4133,Darkspear Cuffs,wowhead_forever_gearplanner.txt
4134,Nimboya's Mystical Staff,wowhead_forever_gearplanner.txt
4135,Bloodbone Band,wowhead_forever_gearplanner.txt
4136,Darkspear Boots,wowhead_forever_gearplanner.txt
4137,Darkspear Shoes,wowhead_forever_gearplanner.txt
4138,Blackwater Tunic,wowhead_forever_gearplanner.txt
4139,Junglewalker Sandals,wowhead_forever_gearplanner.txt
4140,Palm Frond Mantle,wowhead_forever_gearplanner.txt
4190,Feathered Armor,wowhead_forever_gearplanner.txt
4194,Feathered Bracers,wowhead_forever_gearplanner.txt
4195,Feathered Boots,wowhead_forever_gearplanner.txt
4197,Berylline Pads,wowhead_forever_gearplanner.txt
4232,Medium Hide,questiedb-foreverBaseItem.lua
4237,Handstitched Leather Belt,wowhead_forever_gearplanner.txt
4239,Embossed Leather Gloves,wowhead_forever_gearplanner.txt
4242,Embossed Leather Pants,wowhead_forever_gearplanner.txt
4243,Fine Leather Tunic,wowhead_forever_gearplanner.txt
4244,Hillman's Leather Vest,wowhead_forever_gearplanner.txt
4246,Fine Leather Belt,wowhead_forever_gearplanner.txt
4247,Hillman's Leather Gloves,wowhead_forever_gearplanner.txt
4248,Dark Leather Gloves,wowhead_forever_gearplanner.txt
4249,Dark Leather Belt,wowhead_forever_gearplanner.txt
4250,Hillman's Belt,wowhead_forever_gearplanner.txt
4251,Hillman's Shoulders,wowhead_forever_gearplanner.txt
4252,Dark Leather Shoulders,wowhead_forever_gearplanner.txt
4253,Toughened Leather Gloves,wowhead_forever_gearplanner.txt
4254,Barbaric Gloves,wowhead_forever_gearplanner.txt
4255,Green Leather Armor,wowhead_forever_gearplanner.txt
4256,Guardian Armor,wowhead_forever_gearplanner.txt
4257,Green Leather Belt,wowhead_forever_gearplanner.txt
4258,Guardian Belt,wowhead_forever_gearplanner.txt
4259,Green Leather Bracers,wowhead_forever_gearplanner.txt
4260,Guardian Leather Bracers,wowhead_forever_gearplanner.txt
4261,Solliden's Trousers,questiedb-foreverBaseItem.lua
4262,Gem-studded Leather Belt,wowhead_forever_gearplanner.txt
4263,Standard Issue Shield,wowhead_forever_gearplanner.txt
4264,Barbaric Belt,wowhead_forever_gearplanner.txt
4289,Salt,questiedb-foreverBaseItem.lua
4290,Dust Bowl,wowhead_forever_gearplanner.txt
4291,Silken Thread,questiedb-foreverBaseItem.lua
4302,Small Green Dagger,questiedb-foreverBaseItem.lua
4303,Cranial Thumper,questiedb-foreverBaseItem.lua
4307,Heavy Linen Gloves,wowhead_forever_gearplanner.txt
4308,Green Linen Bracers,wowhead_forever_gearplanner.txt
4309,Handstitched Linen Britches,wowhead_forever_gearplanner.txt
4310,Heavy Woolen Gloves,wowhead_forever_gearplanner.txt
4311,Heavy Woolen Cloak,wowhead_forever_gearplanner.txt
4312,Soft-soled Linen Boots,wowhead_forever_gearplanner.txt
4313,Red Woolen Boots,wowhead_forever_gearplanner.txt
4314,Double-Stitched Woolen Shoulders,wowhead_forever_gearplanner.txt
4315,Reinforced Woolen Shoulders,wowhead_forever_gearplanner.txt
4316,Heavy Woolen Pants,wowhead_forever_gearplanner.txt
4317,Phoenix Pants,wowhead_forever_gearplanner.txt
4318,Gloves of Meditation,wowhead_forever_gearplanner.txt
4319,Azure Silk Gloves,wowhead_forever_gearplanner.txt
4320,Spidersilk Boots,wowhead_forever_gearplanner.txt
4321,Spider Silk Slippers,wowhead_forever_gearplanner.txt
4322,Enchanter's Cowl,wowhead_forever_gearplanner.txt
4323,Shadow Hood,wowhead_forever_gearplanner.txt
4324,Azure Silk Vest,wowhead_forever_gearplanner.txt
4325,Boots of the Enchanter,wowhead_forever_gearplanner.txt
4326,Long Silken Cloak,wowhead_forever_gearplanner.txt
4327,Icy Cloak,wowhead_forever_gearplanner.txt
4328,Spider Belt,wowhead_forever_gearplanner.txt
4329,Star Belt,wowhead_forever_gearplanner.txt
4330,Stylish Red Shirt,wowhead_forever_gearplanner.txt
4331,Phoenix Gloves,wowhead_forever_gearplanner.txt
4332,Bright Yellow Shirt,wowhead_forever_gearplanner.txt
4333,Dark Silk Shirt,wowhead_forever_gearplanner.txt
4334,Formal White Shirt,wowhead_forever_gearplanner.txt
4335,Rich Purple Silk Shirt,wowhead_forever_gearplanner.txt
4336,Black Swashbuckler's Shirt,wowhead_forever_gearplanner.txt
4340,Gray Dye,questiedb-foreverBaseItem.lua
4341,Yellow Dye,questiedb-foreverBaseItem.lua
4342,Purple Dye,questiedb-foreverBaseItem.lua
4343,Brown Linen Pants,wowhead_forever_gearplanner.txt
4344,Brown Linen Shirt,wowhead_forever_gearplanner.txt
4350,Pattern: Spider Silk Slippers,questiedb-foreverBaseItem.lua
4357,Rough Blasting Powder,questiedb-foreverBaseItem.lua
4358,Rough Dynamite,questiedb-foreverBaseItem.lua
4359,Handful of Copper Bolts,questiedb-foreverBaseItem.lua
4360,Rough Copper Bomb,questiedb-foreverBaseItem.lua
4361,Copper Tube,questiedb-foreverBaseItem.lua
4362,Rough Boomstick,wowhead_forever_gearplanner.txt
4363,Copper Modulator,questiedb-foreverBaseItem.lua
4364,Coarse Blasting Powder,questiedb-foreverBaseItem.lua
4365,Coarse Dynamite,questiedb-foreverBaseItem.lua
4366,Target Dummy,questiedb-foreverBaseItem.lua
4367,Small Seaforium Charge,questiedb-foreverBaseItem.lua
4368,Flying Tiger Goggles,wowhead_forever_gearplanner.txt
4369,Deadly Blunderbuss,wowhead_forever_gearplanner.txt
4370,Large Copper Bomb,questiedb-foreverBaseItem.lua
4371,Bronze Tube,questiedb-foreverBaseItem.lua
4372,Lovingly Crafted Boomstick,wowhead_forever_gearplanner.txt
4373,Shadow Goggles,wowhead_forever_gearplanner.txt
4374,Small Bronze Bomb,questiedb-foreverBaseItem.lua
4376,Flame Deflector,questiedb-foreverBaseItem.lua
4378,Heavy Dynamite,questiedb-foreverBaseItem.lua
4379,Silver-plated Shotgun,wowhead_forever_gearplanner.txt
4380,Big Bronze Bomb,questiedb-foreverBaseItem.lua
4381,Minor Recombobulator,wowhead_forever_gearplanner.txt
4382,Bronze Framework,questiedb-foreverBaseItem.lua
4383,Moonsight Rifle,wowhead_forever_gearplanner.txt
4384,Explosive Sheep,questiedb-foreverBaseItem.lua
4385,Green Tinted Goggles,wowhead_forever_gearplanner.txt
4386,Ice Deflector,questiedb-foreverBaseItem.lua
4388,Discombobulator Ray,questiedb-foreverBaseItem.lua
4389,Gyrochronatom,questiedb-foreverBaseItem.lua
4390,Iron Grenade,questiedb-foreverBaseItem.lua
4391,Compact Harvest Reaper Kit,questiedb-foreverBaseItem.lua
4392,Advanced Target Dummy,questiedb-foreverBaseItem.lua
4393,Craftsman's Monocle,wowhead_forever_gearplanner.txt
4394,Big Iron Bomb,questiedb-foreverBaseItem.lua
4395,Goblin Land Mine,questiedb-foreverBaseItem.lua
4396,Mechanical Dragonling,wowhead_forever_gearplanner.txt
4397,Gnomish Cloaking Device,wowhead_forever_gearplanner.txt
4398,Large Seaforium Charge,questiedb-foreverBaseItem.lua
4399,Wooden Stock,questiedb-foreverBaseItem.lua
4400,Heavy Stock,questiedb-foreverBaseItem.lua
4401,Mechanical Squirrel Box,questiedb-foreverBaseItem.lua
4403,Portable Bronze Mortar,questiedb-foreverBaseItem.lua
4404,Silver Contact,questiedb-foreverBaseItem.lua
4430,Ethereal Talisman,wowhead_forever_gearplanner.txt
4434,Scarecrow Trousers,questiedb-foreverBaseItem.lua
4436,Jewel-encrusted Sash,questiedb-foreverBaseItem.lua
4437,Channeler's Staff,questiedb-foreverBaseItem.lua
4438,Pugilist Bracers,wowhead_forever_gearplanner.txt
4439,Bruiser Club,questiedb-foreverBaseItem.lua
4443,Grim Pauldrons,wowhead_forever_gearplanner.txt
4444,Black Husk Shield,questiedb-foreverBaseItem.lua
4445,Flesh Carver,questiedb-foreverBaseItem.lua
4446,Blackvenom Blade,questiedb-foreverBaseItem.lua
4447,Cloak of Night,questiedb-foreverBaseItem.lua
4448,Husk of Naraxis,questiedb-foreverBaseItem.lua
4449,Naraxis' Fang,questiedb-foreverBaseItem.lua
4454,Talon of Vultros,questiedb-foreverBaseItem.lua
4455,Raptor Hide Harness,wowhead_forever_gearplanner.txt
4456,Raptor Hide Belt,wowhead_forever_gearplanner.txt
4462,Cloak of Rot,questiedb-foreverBaseItem.lua
4463,Beaded Raptor Collar,questiedb-foreverBaseItem.lua
4464,Trouncing Boots,questiedb-foreverBaseItem.lua
4465,Bonefist Gauntlets,questiedb-foreverBaseItem.lua
4470,Simple Wood,questiedb-foreverBaseItem.lua
4471,Flint and Tinder,questiedb-foreverBaseItem.lua
4474,Ravenwood Bow,questiedb-foreverBaseItem.lua
4477,Nefarious Buckler,questiedb-foreverBaseItem.lua
4478,Iridescent Scale Leggings,questiedb-foreverBaseItem.lua
4479,Burning Charm,questiedb-foreverBaseItem.lua
4480,Thundering Charm,questiedb-foreverBaseItem.lua
4481,Cresting Charm,questiedb-foreverBaseItem.lua
4483,Burning Key,questiedb-foreverBaseItem.lua
4484,Cresting Key,questiedb-foreverBaseItem.lua
4485,Thundering Key,questiedb-foreverBaseItem.lua
4495,Bloodstone Amulet,questiedb-foreverBaseItem.lua
4496,Small Brown Pouch,questiedb-foreverBaseItem.lua
4497,Heavy Brown Bag,questiedb-foreverBaseItem.lua
4498,Brown Leather Satchel,questiedb-foreverBaseItem.lua
4504,Dwarven Guard Cloak,wowhead_forever_gearplanner.txt
4505,Swampland Trousers,wowhead_forever_gearplanner.txt
4507,Pit Fighter's Shield,wowhead_forever_gearplanner.txt
4508,Blood-tinged Armor,wowhead_forever_gearplanner.txt
4509,Seawolf Gloves,wowhead_forever_gearplanner.txt
4511,Black Water Hammer,wowhead_forever_gearplanner.txt
4534,Steel-clasped Bracers,questiedb-foreverBaseItem.lua
4535,Ironforge Memorial Ring,wowhead_forever_gearplanner.txt
4536,Shiny Red Apple,questiedb-foreverBaseItem.lua
4537,Tel'Abim Banana,questiedb-foreverBaseItem.lua
4538,Snapvine Watermelon,questiedb-foreverBaseItem.lua
4539,Goldenbark Apple,questiedb-foreverBaseItem.lua
4540,Tough Hunk of Bread,questiedb-foreverBaseItem.lua
4541,Freshly Baked Bread,questiedb-foreverBaseItem.lua
4542,Moist Cornbread,questiedb-foreverBaseItem.lua
4543,White Drakeskin Cap,wowhead_forever_gearplanner.txt
4544,Mulgore Spice Bread,questiedb-foreverBaseItem.lua
4545,Radiant Silver Bracers,wowhead_forever_gearplanner.txt
4546,Call of the Raptor,questiedb-foreverBaseItem.lua
4547,Gnomish Zapper,wowhead_forever_gearplanner.txt
4548,Servomechanic Sledgehammer,wowhead_forever_gearplanner.txt
4549,Seafire Band,wowhead_forever_gearplanner.txt
4550,Coldwater Ring,wowhead_forever_gearplanner.txt
4560,Fine Scimitar,questiedb-foreverBaseItem.lua
4561,Scalping Tomahawk,wowhead_forever_gearplanner.txt
4562,Severing Axe,wowhead_forever_gearplanner.txt
4563,Billy Club,wowhead_forever_gearplanner.txt
4564,Spiked Club,wowhead_forever_gearplanner.txt
4565,Simple Dagger,questiedb-foreverBaseItem.lua
4566,Sturdy Quarterstaff,wowhead_forever_gearplanner.txt
4567,Merc Sword,wowhead_forever_gearplanner.txt
4568,Grunt Axe,wowhead_forever_gearplanner.txt
4569,Staunch Hammer,wowhead_forever_gearplanner.txt
4570,Birchwood Maul,wowhead_forever_gearplanner.txt
4571,War Knife,wowhead_forever_gearplanner.txt
4575,Medicine Staff,wowhead_forever_gearplanner.txt
4576,Light Bow,wowhead_forever_gearplanner.txt
4577,Compact Shotgun,wowhead_forever_gearplanner.txt
4589,Long Elegant Feather,questiedb-foreverBaseItem.lua
4595,Junglevine Wine,questiedb-foreverBaseItem.lua
4596,Minor Discolored Healing Potion,questiedb-foreverBaseItem.lua
4597,Recipe: Minor Discolored Healing Potion,questiedb-foreverBaseItem.lua
4598,Goblin Fishing Pole,questiedb-foreverBaseItem.lua
4599,Cured Ham Steak,questiedb-foreverBaseItem.lua
4601,Soft Banana Bread,questiedb-foreverBaseItem.lua
4602,Moon Harvest Pumpkin,questiedb-foreverBaseItem.lua
4604,Forest Mushroom Cap,questiedb-foreverBaseItem.lua
4605,Red-speckled Mushroom,questiedb-foreverBaseItem.lua
4606,Spongy Morel,questiedb-foreverBaseItem.lua
4607,Delicious Cave Mold,questiedb-foreverBaseItem.lua
4608,Raw Black Truffle,questiedb-foreverBaseItem.lua
4611,Blue Pearl,questiedb-foreverBaseItem.lua
4614,Pendant of Myzrael,wowhead_forever_gearplanner.txt
4616,Ryedol's Lucky Pick,questiedb-foreverBaseItem.lua
4626,Small Stone Shard,questiedb-foreverBaseItem.lua
4652,Salbac Shield,wowhead_forever_gearplanner.txt
4653,Ironheel Boots,wowhead_forever_gearplanner.txt
4658,Warrior's Cloak,questiedb-foreverBaseItem.lua
4659,Warrior's Girdle,questiedb-foreverBaseItem.lua
4660,Walking Boots,questiedb-foreverBaseItem.lua
4661,Bright Mantle,wowhead_forever_gearplanner.txt
4662,Journeyman's Cloak,questiedb-foreverBaseItem.lua
4663,Journeyman's Belt,questiedb-foreverBaseItem.lua
4665,Burnt Cloak,questiedb-foreverBaseItem.lua
4666,Burnt Leather Belt,questiedb-foreverBaseItem.lua
4668,Battle Chain Cloak,questiedb-foreverBaseItem.lua
4669,Battle Chain Girdle,questiedb-foreverBaseItem.lua
4671,Ancestral Cloak,questiedb-foreverBaseItem.lua
4672,Ancestral Belt,questiedb-foreverBaseItem.lua
4674,Tribal Cloak,questiedb-foreverBaseItem.lua
4675,Tribal Belt,questiedb-foreverBaseItem.lua
4676,Skeletal Gauntlets,wowhead_forever_gearplanner.txt
4677,Veteran Cloak,questiedb-foreverBaseItem.lua
4678,Veteran Girdle,wowhead_forever_gearplanner.txt
4680,Brackwater Cloak,questiedb-foreverBaseItem.lua
4681,Brackwater Girdle,questiedb-foreverBaseItem.lua
4683,Spellbinder Cloak,questiedb-foreverBaseItem.lua
4684,Spellbinder Belt,questiedb-foreverBaseItem.lua
4686,Barbaric Cloth Cloak,wowhead_forever_gearplanner.txt
4687,Barbaric Cloth Belt,questiedb-foreverBaseItem.lua
4689,Hunting Cloak,questiedb-foreverBaseItem.lua
4690,Hunting Belt,questiedb-foreverBaseItem.lua
4692,Ceremonial Cloak,questiedb-foreverBaseItem.lua
4693,Ceremonial Leather Belt,questiedb-foreverBaseItem.lua
4694,Burnished Pauldrons,questiedb-foreverBaseItem.lua
4695,Burnished Cloak,wowhead_forever_gearplanner.txt
4696,Lapidis Tankard of Tidesippe,wowhead_forever_gearplanner.txt
4697,Burnished Girdle,questiedb-foreverBaseItem.lua
4698,Seer's Mantle,wowhead_forever_gearplanner.txt
4699,Seer's Belt,wowhead_forever_gearplanner.txt
4700,Inscribed Leather Spaulders,wowhead_forever_gearplanner.txt
4701,Inscribed Cloak,wowhead_forever_gearplanner.txt
4705,Lambent Scale Pauldrons,wowhead_forever_gearplanner.txt
4706,Lambent Scale Cloak,wowhead_forever_gearplanner.txt
4707,Lambent Scale Girdle,questiedb-foreverBaseItem.lua
4708,Bright Belt,wowhead_forever_gearplanner.txt
4709,Forest Leather Mantle,wowhead_forever_gearplanner.txt
4710,Forest Cloak,wowhead_forever_gearplanner.txt
4711,Glimmering Cloak,wowhead_forever_gearplanner.txt
4712,Glimmering Mail Girdle,wowhead_forever_gearplanner.txt
4713,Silver-thread Cloak,wowhead_forever_gearplanner.txt
4714,Silver-thread Sash,wowhead_forever_gearplanner.txt
4715,Emblazoned Cloak,wowhead_forever_gearplanner.txt
4716,Combat Cloak,questiedb-foreverBaseItem.lua
4717,Mail Combat Belt,questiedb-foreverBaseItem.lua
4718,Nightsky Mantle,wowhead_forever_gearplanner.txt
4719,Nightsky Cloak,wowhead_forever_gearplanner.txt
4720,Nightsky Sash,wowhead_forever_gearplanner.txt
4721,Insignia Mantle,wowhead_forever_gearplanner.txt
4722,Insignia Cloak,wowhead_forever_gearplanner.txt
4723,Humbert's Pants,wowhead_forever_gearplanner.txt
4724,Humbert's Helm,wowhead_forever_gearplanner.txt
4725,Chief Brigadier Pauldrons,wowhead_forever_gearplanner.txt
4726,Chief Brigadier Cloak,wowhead_forever_gearplanner.txt
4727,Chief Brigadier Girdle,wowhead_forever_gearplanner.txt
4728,Twain's Shoulder,wowhead_forever_gearplanner.txt
4729,Aurora Mantle,wowhead_forever_gearplanner.txt
4731,Glyphed Epaulets,wowhead_forever_gearplanner.txt
4732,Glyphed Cloak,wowhead_forever_gearplanner.txt
4733,Blackforge Pauldrons,wowhead_forever_gearplanner.txt
4734,Mistscape Mantle,wowhead_forever_gearplanner.txt
4735,Mistscape Cloak,wowhead_forever_gearplanner.txt
4736,Mistscape Sash,wowhead_forever_gearplanner.txt
4737,Imperial Leather Spaulders,wowhead_forever_gearplanner.txt
4738,Imperial Leather Belt,wowhead_forever_gearplanner.txt
4741,Stromgarde Cavalry Leggings,wowhead_forever_gearplanner.txt
4743,Pulsating Crystalline Shard,wowhead_forever_gearplanner.txt
4744,Arcane Runed Bracers,wowhead_forever_gearplanner.txt
4745,War Rider Bracers,wowhead_forever_gearplanner.txt
4746,Doomsayer's Robe,questiedb-foreverBaseItem.lua
4757,Cracked Egg Shells,questiedb-foreverBaseItem.lua
4758,Prairie Wolf Paw,questiedb-foreverBaseItem.lua
4765,Enamelled Broadsword,wowhead_forever_gearplanner.txt
4766,Feral Blade,wowhead_forever_gearplanner.txt
4767,Coppercloth Gloves,wowhead_forever_gearplanner.txt
4768,Adept's Gloves,questiedb-foreverBaseItem.lua
4771,Harvest Cloak,questiedb-foreverBaseItem.lua
4772,Warm Cloak,questiedb-foreverBaseItem.lua
4775,Cracked Bill,questiedb-foreverBaseItem.lua
4776,Ruffled Feather,questiedb-foreverBaseItem.lua
4777,Ironwood Maul,wowhead_forever_gearplanner.txt
4778,Heavy Spiked Mace,wowhead_forever_gearplanner.txt
4781,Whispering Vest,wowhead_forever_gearplanner.txt
4782,Solstice Robe,wowhead_forever_gearplanner.txt
4785,Brimstone Belt,questiedb-foreverBaseItem.lua
4786,Wise Man's Belt,wowhead_forever_gearplanner.txt
4788,Agile Boots,wowhead_forever_gearplanner.txt
4789,Stable Boots,wowhead_forever_gearplanner.txt
4790,Inferno Cloak,wowhead_forever_gearplanner.txt
4792,Spirit Cloak,wowhead_forever_gearplanner.txt
4793,Sylvan Cloak,wowhead_forever_gearplanner.txt
4794,Wolf Bracers,wowhead_forever_gearplanner.txt
4795,Bear Bracers,wowhead_forever_gearplanner.txt
4796,Owl Bracers,wowhead_forever_gearplanner.txt
4797,Fiery Cloak,wowhead_forever_gearplanner.txt
4798,Heavy Runed Cloak,wowhead_forever_gearplanner.txt
4799,Antiquated Cloak,wowhead_forever_gearplanner.txt
4800,Mighty Chain Pants,wowhead_forever_gearplanner.txt
4804,Prairie Wolf Heart,questiedb-foreverBaseItem.lua
4810,Boulder Pads,wowhead_forever_gearplanner.txt
4813,Small Leather Collar,questiedb-foreverBaseItem.lua
4814,Discolored Fang,questiedb-foreverBaseItem.lua
4816,Legionnaire's Leggings,wowhead_forever_gearplanner.txt
4817,Blessed Claymore,wowhead_forever_gearplanner.txt
4818,Executioner's Sword,wowhead_forever_gearplanner.txt
4820,Guardian Buckler,wowhead_forever_gearplanner.txt
4821,Bear Buckler,wowhead_forever_gearplanner.txt
4822,Owl's Disk,wowhead_forever_gearplanner.txt
4824,Blurred Axe,wowhead_forever_gearplanner.txt
4825,Callous Axe,wowhead_forever_gearplanner.txt
4826,Marauder Axe,wowhead_forever_gearplanner.txt
4827,Wizard's Belt,wowhead_forever_gearplanner.txt
4828,Nightwind Belt,wowhead_forever_gearplanner.txt
4829,Dreamer's Belt,wowhead_forever_gearplanner.txt
4830,Saber Leggings,wowhead_forever_gearplanner.txt
4831,Stalking Pants,wowhead_forever_gearplanner.txt
4832,Mystic Sarong,wowhead_forever_gearplanner.txt
4833,Glorious Shoulders,wowhead_forever_gearplanner.txt
4835,Elite Shoulders,wowhead_forever_gearplanner.txt
4836,Fireproof Orb,wowhead_forever_gearplanner.txt
4837,Strength of Will,wowhead_forever_gearplanner.txt
4838,Orb of Power,wowhead_forever_gearplanner.txt
4840,Long Bayonet,wowhead_forever_gearplanner.txt
4852,Flash Bomb,questiedb-foreverBaseItem.lua
4854,Demon Scarred Cloak,wowhead_forever_gearplanner.txt
4861,Sleek Feathered Tunic,questiedb-foreverBaseItem.lua
4871,Searing Collar,questiedb-foreverBaseItem.lua
4873,Dry Hardened Barnacle,questiedb-foreverBaseItem.lua
4874,Clean Fishbones,questiedb-foreverBaseItem.lua
4877,Stone Arrowhead,questiedb-foreverBaseItem.lua
4878,Broken Bloodstained Bow,questiedb-foreverBaseItem.lua
4882,Benedict's Key,questiedb-foreverBaseItem.lua
4892,Durotar Tiger Fur,questiedb-foreverBaseItem.lua
4906,Rainwalker Boots,wowhead_forever_gearplanner.txt
4907,Woodland Tunic,wowhead_forever_gearplanner.txt
4908,Nomadic Bracers,wowhead_forever_gearplanner.txt
4909,Kodo Hunter's Leggings,wowhead_forever_gearplanner.txt
4910,Painted Chain Gloves,wowhead_forever_gearplanner.txt
4911,Thick Bark Buckler,wowhead_forever_gearplanner.txt
4913,Painted Chain Belt,wowhead_forever_gearplanner.txt
4914,Battleworn Leather Gloves,wowhead_forever_gearplanner.txt
4915,Soft Wool Boots,wowhead_forever_gearplanner.txt
4916,Soft Wool Vest,wowhead_forever_gearplanner.txt
4917,Battleworn Chain Leggings,wowhead_forever_gearplanner.txt
4919,Soft Wool Belt,wowhead_forever_gearplanner.txt
4920,Battleworn Cape,wowhead_forever_gearplanner.txt
4921,Dust-covered Leggings,wowhead_forever_gearplanner.txt
4922,Jagged Chain Vest,wowhead_forever_gearplanner.txt
4923,Primitive Hatchet,wowhead_forever_gearplanner.txt
4924,Primitive Club,wowhead_forever_gearplanner.txt
4925,Primitive Hand Blade,wowhead_forever_gearplanner.txt
4928,Sandrunner Wristguards,wowhead_forever_gearplanner.txt
4929,Light Scorpid Armor,wowhead_forever_gearplanner.txt
4931,Hickory Shortbow,wowhead_forever_gearplanner.txt
4932,Harpy Wing Clipper,wowhead_forever_gearplanner.txt
4933,Seasoned Fighter's Cloak,wowhead_forever_gearplanner.txt
4935,Wide Metal Girdle,wowhead_forever_gearplanner.txt
4936,Dirt-trodden Boots,wowhead_forever_gearplanner.txt
4937,Charging Buckler,wowhead_forever_gearplanner.txt
4938,Blemished Wooden Staff,wowhead_forever_gearplanner.txt
4939,Steady Bastard Sword,wowhead_forever_gearplanner.txt
4940,Veiled Grips,wowhead_forever_gearplanner.txt
4941,Really Sticky Glue,questiedb-foreverBaseItem.lua
4942,Tiger Hide Boots,wowhead_forever_gearplanner.txt
4944,Handsewn Cloak,wowhead_forever_gearplanner.txt
4945,Faintly Glowing Skull,questiedb-foreverBaseItem.lua
4946,Lightweight Boots,wowhead_forever_gearplanner.txt
4947,Jagged Dagger,wowhead_forever_gearplanner.txt
4948,Stinging Mace,wowhead_forever_gearplanner.txt
4949,Orcish Cleaver,wowhead_forever_gearplanner.txt
4951,Squealer's Belt,wowhead_forever_gearplanner.txt
4952,Stormstout,questiedb-foreverBaseItem.lua
4953,Trogg Brew,questiedb-foreverBaseItem.lua
4954,Nomadic Belt,wowhead_forever_gearplanner.txt
4958,Sun-beaten Cloak,wowhead_forever_gearplanner.txt
4961,Dreamwatcher Staff,questiedb-foreverBaseItem.lua
4962,Double-layered Gloves,wowhead_forever_gearplanner.txt
4963,Thunderhorn Cloak,wowhead_forever_gearplanner.txt
4964,Goblin Smasher,wowhead_forever_gearplanner.txt
4967,Tribal Warrior's Shield,wowhead_forever_gearplanner.txt
4968,Bound Harness,wowhead_forever_gearplanner.txt
4969,Fortified Bindings,wowhead_forever_gearplanner.txt
4970,Rough-hewn Kodo Leggings,wowhead_forever_gearplanner.txt
4971,Skorn's Hammer,wowhead_forever_gearplanner.txt
4972,Cliff Runner Boots,wowhead_forever_gearplanner.txt
4973,Plains Hunter Wristguards,wowhead_forever_gearplanner.txt
4974,Compact Fighting Knife,wowhead_forever_gearplanner.txt
4975,Vigilant Buckler,wowhead_forever_gearplanner.txt
4976,Mistspray Kilt,questiedb-foreverBaseItem.lua
4977,Sword of Hammerfall,wowhead_forever_gearplanner.txt
4978,Ryedol's Hammer,wowhead_forever_gearplanner.txt
4979,Enchanted Stonecloth Bracers,wowhead_forever_gearplanner.txt
4982,Ripped Prospector Belt,wowhead_forever_gearplanner.txt
4983,Rock Pulverizer,wowhead_forever_gearplanner.txt
4984,Skull of Impending Doom,wowhead_forever_gearplanner.txt
4987,Dwarf Captain's Sword,wowhead_forever_gearplanner.txt
4988,Burning Obsidian Band,wowhead_forever_gearplanner.txt
4989,Mage Dragon Robe,wowhead_forever_gearplanner.txt
4998,Blood Ring,wowhead_forever_gearplanner.txt
4999,Azora's Will,wowhead_forever_gearplanner.txt
5001,Heart Ring,wowhead_forever_gearplanner.txt
5002,Glowing Green Talisman,wowhead_forever_gearplanner.txt
5003,Crystal Starfire Medallion,wowhead_forever_gearplanner.txt
5007,Band of Thorns,questiedb-foreverBaseItem.lua
5009,Mindbender Loop,wowhead_forever_gearplanner.txt
5011,Welken Ring,wowhead_forever_gearplanner.txt
5013,Fertile Bulb,questiedb-foreverBaseItem.lua
5014,Wrapping Paper (PT),questiedb-foreverBaseItem.lua
5015,Wrapped Item (PT),questiedb-foreverBaseItem.lua
5016,Artisan's Trousers,wowhead_forever_gearplanner.txt
5020,Kolkar Booty Key,questiedb-foreverBaseItem.lua
5026,Fire Tar,questiedb-foreverBaseItem.lua
5028,Lord Sakrasis' Scepter,wowhead_forever_gearplanner.txt
5029,Talisman of the Naga Lord,wowhead_forever_gearplanner.txt
5040,Shadow Hunter Knife,wowhead_forever_gearplanner.txt
5042,Red Ribboned Wrapping Paper,questiedb-foreverBaseItem.lua
5043,Red Ribboned Gift,questiedb-foreverBaseItem.lua
5044,Blue Ribboned Gift,questiedb-foreverBaseItem.lua
5045,Skull Gift,questiedb-foreverBaseItem.lua
5046,Locked Gift,questiedb-foreverBaseItem.lua
5047,Skull Wrapping Paper,questiedb-foreverBaseItem.lua
5048,Blue Ribboned Wrapping Paper,questiedb-foreverBaseItem.lua
5049,Self-locking Ironpaper,questiedb-foreverBaseItem.lua
5050,Ignition Key,questiedb-foreverBaseItem.lua
5052,Unconscious Dig Rat,questiedb-foreverBaseItem.lua
5060,Thieves' Tools,questiedb-foreverBaseItem.lua
5069,Fire Wand,wowhead_forever_gearplanner.txt
5071,Shadow Wand,wowhead_forever_gearplanner.txt
5078,Theramore Medal,questiedb-foreverBaseItem.lua
5079,Cold Basilisk Eye,wowhead_forever_gearplanner.txt
5085,Bristleback Quilboar Tusk,questiedb-foreverBaseItem.lua
5089,Console Key,questiedb-foreverBaseItem.lua
5092,Charred Razormane Wand,wowhead_forever_gearplanner.txt
5093,Razormane Backstabber,wowhead_forever_gearplanner.txt
5094,Razormane War Shield,wowhead_forever_gearplanner.txt
5098,Altered Snapjaw Shell,questiedb-foreverBaseItem.lua
5107,Deckhand's Shirt,wowhead_forever_gearplanner.txt
5109,Stonesplinter Rags,wowhead_forever_gearplanner.txt
5110,Dalaran Wizard's Robe,wowhead_forever_gearplanner.txt
5111,Rathorian's Cape,questiedb-foreverBaseItem.lua
5112,Ritual Blade,questiedb-foreverBaseItem.lua
5114,Severed Talon,questiedb-foreverBaseItem.lua
5115,Broken Wishbone,questiedb-foreverBaseItem.lua
5116,Long Tail Feather,questiedb-foreverBaseItem.lua
5140,Flash Powder,questiedb-foreverBaseItem.lua
5166,Webwood Venom Sac,questiedb-foreverBaseItem.lua
5168,Timberling Seed,questiedb-foreverBaseItem.lua
5173,Deathweed,questiedb-foreverBaseItem.lua
5175,Earth Totem,questiedb-foreverBaseItem.lua
5176,Fire Totem,questiedb-foreverBaseItem.lua
5177,Water Totem,questiedb-foreverBaseItem.lua
5181,Vibrant Silk Cape,questiedb-foreverBaseItem.lua
5182,Shiver Blade,questiedb-foreverBaseItem.lua
5183,Pulsating Hydra Heart,questiedb-foreverBaseItem.lua
5187,Rhahk'Zor's Hammer,questiedb-foreverBaseItem.lua
5191,Cruel Barb,wowhead_forever_gearplanner.txt
5192,Thief's Blade,wowhead_forever_gearplanner.txt
5193,Cape of the Brotherhood,questiedb-foreverBaseItem.lua
5194,Taskmaster Axe,wowhead_forever_gearplanner.txt
5195,Gold-flecked Gloves,wowhead_forever_gearplanner.txt
5196,Smite's Reaver,questiedb-foreverBaseItem.lua
5197,Cookie's Tenderizer,wowhead_forever_gearplanner.txt
5198,Cookie's Stirring Rod,wowhead_forever_gearplanner.txt
5199,Smelting Pants,wowhead_forever_gearplanner.txt
5200,Impaling Harpoon,questiedb-foreverBaseItem.lua
5201,Emberstone Staff,questiedb-foreverBaseItem.lua
5202,Corsair's Overshirt,questiedb-foreverBaseItem.lua
5204,Bloodfeather Belt,questiedb-foreverBaseItem.lua
5205,Sprouted Frond,questiedb-foreverBaseItem.lua
5206,Bogling Root,questiedb-foreverBaseItem.lua
5207,Opaque Wand,wowhead_forever_gearplanner.txt
5208,Smoldering Wand,questiedb-foreverBaseItem.lua
5209,Gloom Wand,questiedb-foreverBaseItem.lua
5210,Burning Wand,questiedb-foreverBaseItem.lua
5211,Dusk Wand,questiedb-foreverBaseItem.lua
5212,Blazing Wand,wowhead_forever_gearplanner.txt
5213,Scorching Wand,wowhead_forever_gearplanner.txt
5214,Wand of Eventide,wowhead_forever_gearplanner.txt
5215,Ember Wand,wowhead_forever_gearplanner.txt
5216,Umbral Wand,wowhead_forever_gearplanner.txt
5223,Empty Mana Gem,questiedb-foreverBaseItem.lua
5227,Empty Mana Jewel,questiedb-foreverBaseItem.lua
5229,Empty Greater Bloodstone,questiedb-foreverBaseItem.lua
5232,Minor Soulstone,questiedb-foreverBaseItem.lua
5233,Stone of Relu,questiedb-foreverBaseItem.lua
5236,Combustible Wand,questiedb-foreverBaseItem.lua
5238,Pitchwood Wand,questiedb-foreverBaseItem.lua
5239,Blackbone Wand,questiedb-foreverBaseItem.lua
5240,Torchlight Wand,wowhead_forever_gearplanner.txt
5241,Dwarven Flamestick,wowhead_forever_gearplanner.txt
5242,Cinder Wand,wowhead_forever_gearplanner.txt
5243,Firebelcher,questiedb-foreverBaseItem.lua
5244,Consecrated Wand,wowhead_forever_gearplanner.txt
5246,Excavation Rod,wowhead_forever_gearplanner.txt
5247,Rod of Sorrow,questiedb-foreverBaseItem.lua
5248,Flash Wand,wowhead_forever_gearplanner.txt
5249,Burning Sliver,wowhead_forever_gearplanner.txt
5250,Charred Wand,wowhead_forever_gearplanner.txt
5252,Wand of Decay,wowhead_forever_gearplanner.txt
5253,Goblin Igniter,wowhead_forever_gearplanner.txt
5254,Rugged Spaulders,questiedb-foreverBaseItem.lua
5256,Kovork's Rattle,questiedb-foreverBaseItem.lua
5264,Complimentary Beer Token,questiedb-foreverBaseItem.lua
5266,Eye of Adaegus,wowhead_forever_gearplanner.txt
5267,Scarlet Kris,wowhead_forever_gearplanner.txt
5274,Rose Mantle,wowhead_forever_gearplanner.txt
5275,Binding Girdle,wowhead_forever_gearplanner.txt
5279,Harpy Skinner,wowhead_forever_gearplanner.txt
5299,Gloves of the Moon,wowhead_forever_gearplanner.txt
5302,Cobalt Buckler,wowhead_forever_gearplanner.txt
5306,Wind Rider Staff,wowhead_forever_gearplanner.txt
5309,Privateer Musket,wowhead_forever_gearplanner.txt
5310,Sea Dog Britches,wowhead_forever_gearplanner.txt
5311,Buckled Boots,wowhead_forever_gearplanner.txt
5312,Riveted Gauntlets,questiedb-foreverBaseItem.lua
5313,Totemic Clan Ring,wowhead_forever_gearplanner.txt
5314,Boar Hunter's Cape,wowhead_forever_gearplanner.txt
5315,Timberland Armguards,wowhead_forever_gearplanner.txt
5316,Barkshell Tunic,wowhead_forever_gearplanner.txt
5317,Dry Moss Tunic,wowhead_forever_gearplanner.txt
5318,Zhovur Axe,wowhead_forever_gearplanner.txt
5319,Bashing Pauldrons,wowhead_forever_gearplanner.txt
5320,Padded Lamellar Boots,wowhead_forever_gearplanner.txt
5321,Elegant Shortsword,wowhead_forever_gearplanner.txt
5322,Demolition Hammer,wowhead_forever_gearplanner.txt
5323,Everglow Lantern,wowhead_forever_gearplanner.txt
5324,Engineer's Hammer,wowhead_forever_gearplanner.txt
5325,Welding Shield,wowhead_forever_gearplanner.txt
5326,Flaring Baton,wowhead_forever_gearplanner.txt
5327,Greasy Tinker's Pants,wowhead_forever_gearplanner.txt
5328,Cinched Belt,wowhead_forever_gearplanner.txt
5337,Wayfaring Gloves,wowhead_forever_gearplanner.txt
5340,Cauldron Stirrer,wowhead_forever_gearplanner.txt
5341,Spore-covered Tunic,wowhead_forever_gearplanner.txt
5343,Barkeeper's Cloak,wowhead_forever_gearplanner.txt
5344,Pointed Axe,wowhead_forever_gearplanner.txt
5345,Stonewood Hammer,wowhead_forever_gearplanner.txt
5346,Orcish Battle Bow,wowhead_forever_gearplanner.txt
5347,Pestilent Wand,questiedb-foreverBaseItem.lua
5351,Bounty Hunter's Ring,wowhead_forever_gearplanner.txt
5355,Beastmaster's Girdle,wowhead_forever_gearplanner.txt
5356,Branding Rod,wowhead_forever_gearplanner.txt
5357,Ward of the Vale,wowhead_forever_gearplanner.txt
5360,Highborne Relic,questiedb-foreverBaseItem.lua
5363,Folded Handkerchief,questiedb-foreverBaseItem.lua
5374,Small Pocket Watch,questiedb-foreverBaseItem.lua
5378,Shane Test (DELETE ME),questiedb-foreverBaseItem.lua
5379,Boot Knife,wowhead_forever_gearplanner.txt
5383,Athrikus Narassin's Head,questiedb-foreverBaseItem.lua
5387,Enchanted Moonstalker Cloak,wowhead_forever_gearplanner.txt
5392,Thistlewood Dagger,wowhead_forever_gearplanner.txt
5393,Thistlewood Staff,wowhead_forever_gearplanner.txt
5394,Archery Training Gloves,wowhead_forever_gearplanner.txt
5395,Woodland Shield,wowhead_forever_gearplanner.txt
5398,Canopy Leggings,wowhead_forever_gearplanner.txt
5399,Tracking Boots,wowhead_forever_gearplanner.txt
5404,Serpent's Shoulders,wowhead_forever_gearplanner.txt
5405,Draped Cloak,wowhead_forever_gearplanner.txt
5406,Empty Minor Bloodstone,questiedb-foreverBaseItem.lua
5411,Winterhoof Cleansing Totem,wowhead_forever_gearplanner.txt
5419,Feral Bracers,wowhead_forever_gearplanner.txt
5420,Banshee Armor,wowhead_forever_gearplanner.txt
5421,Fiery Blaze Enchantment,questiedb-foreverBaseItem.lua
5422,Brambleweed Leggings,questiedb-foreverBaseItem.lua
5423,Boahn's Fang,questiedb-foreverBaseItem.lua
5425,Runescale Girdle,questiedb-foreverBaseItem.lua
5426,Serpent's Kiss,questiedb-foreverBaseItem.lua
5439,Small Quiver,questiedb-foreverBaseItem.lua
5441,Small Shot Pouch,questiedb-foreverBaseItem.lua
5443,Gold-plated Buckler,questiedb-foreverBaseItem.lua
5444,Miner's Cape,questiedb-foreverBaseItem.lua
5457,Severed Voodoo Claw,questiedb-foreverBaseItem.lua
5458,Dirtwood Belt,wowhead_forever_gearplanner.txt
5459,Defender Axe,wowhead_forever_gearplanner.txt
5465,Small Spider Leg,questiedb-foreverBaseItem.lua
5469,Strider Meat,questiedb-foreverBaseItem.lua
5472,Kaldorei Spider Kabob,questiedb-foreverBaseItem.lua
5473,Scorpid Surprise,questiedb-foreverBaseItem.lua
5477,Strider Stew,questiedb-foreverBaseItem.lua
5478,Dig Rat Stew,questiedb-foreverBaseItem.lua
5479,Crispy Lizard Tail,questiedb-foreverBaseItem.lua
5481,Satyr Horns,questiedb-foreverBaseItem.lua
5483,Recipe: Scorpid Surprise,questiedb-foreverBaseItem.lua
5498,Small Lustrous Pearl,questiedb-foreverBaseItem.lua
5500,Iridescent Pearl,questiedb-foreverBaseItem.lua
5507,Ornate Spyglass,questiedb-foreverBaseItem.lua
5509,Healthstone,questiedb-foreverBaseItem.lua
5510,Greater Healthstone,questiedb-foreverBaseItem.lua
5511,Lesser Healthstone,questiedb-foreverBaseItem.lua
5512,Minor Healthstone,questiedb-foreverBaseItem.lua
5513,Mana Jade,questiedb-foreverBaseItem.lua
5514,Mana Agate,wowhead_forever_gearplanner.txt
5516,Threshadon Fang,wowhead_forever_gearplanner.txt
5522,Spellstone,wowhead_forever_gearplanner.txt
5523,Small Barnacled Clam,questiedb-foreverBaseItem.lua
5525,Boiled Clams,questiedb-foreverBaseItem.lua
5526,Clam Chowder,questiedb-foreverBaseItem.lua
5540,Pearl-handled Dagger,wowhead_forever_gearplanner.txt
5541,Iridescent Hammer,wowhead_forever_gearplanner.txt
5542,Pearl-clasped Cloak,wowhead_forever_gearplanner.txt
5565,Infernal Stone,questiedb-foreverBaseItem.lua
5579,Militia Warhammer,wowhead_forever_gearplanner.txt
5580,Militia Hammer,wowhead_forever_gearplanner.txt
5581,Smooth Walking Staff,wowhead_forever_gearplanner.txt
5586,Thistlewood Blade,wowhead_forever_gearplanner.txt
5587,Thornroot Club,wowhead_forever_gearplanner.txt
5589,Moss-covered Gauntlets,wowhead_forever_gearplanner.txt
5590,Cord Bracers,wowhead_forever_gearplanner.txt
5591,Rain-spotted Cape,wowhead_forever_gearplanner.txt
5592,Shackled Girdle,wowhead_forever_gearplanner.txt
5593,Crag Buckler,wowhead_forever_gearplanner.txt
5595,Thicket Hammer,wowhead_forever_gearplanner.txt
5596,Ashwood Bow,wowhead_forever_gearplanner.txt
5604,Elven Wand,wowhead_forever_gearplanner.txt
5605,Pruning Knife,wowhead_forever_gearplanner.txt
5606,Gardening Gloves,wowhead_forever_gearplanner.txt
5608,Living Cowl,wowhead_forever_gearplanner.txt
5609,Steadfast Cinch,wowhead_forever_gearplanner.txt
5610,Gustweald Cloak,wowhead_forever_gearplanner.txt
5611,Tear of Grief,wowhead_forever_gearplanner.txt
5612,Ivy Cuffs,wowhead_forever_gearplanner.txt
5613,Staff of the Purifier,wowhead_forever_gearplanner.txt
5614,Seraph's Strike,wowhead_forever_gearplanner.txt
5615,Woodsman Sword,wowhead_forever_gearplanner.txt
5617,Vagabond Leggings,wowhead_forever_gearplanner.txt
5618,Scout's Cloak,wowhead_forever_gearplanner.txt
5622,Clergy Ring,wowhead_forever_gearplanner.txt
5626,Skullchipper,wowhead_forever_gearplanner.txt
5627,Relic Blade,wowhead_forever_gearplanner.txt
5629,Hammerfist Gloves,wowhead_forever_gearplanner.txt
5630,Windfelt Gloves,wowhead_forever_gearplanner.txt
5635,Sharp Claw,questiedb-foreverBaseItem.lua
5654,Instant Toxin,questiedb-foreverBaseItem.lua
5739,Barbaric Harness,wowhead_forever_gearplanner.txt
5740,Red Fireworks Rocket,questiedb-foreverBaseItem.lua
5743,Prismstone Ring,wowhead_forever_gearplanner.txt
5744,Pale Skinner,questiedb-foreverBaseItem.lua
5749,Scythe Axe,questiedb-foreverBaseItem.lua
5750,Warchief's Girdle,questiedb-foreverBaseItem.lua
5751,Webwing Cloak,questiedb-foreverBaseItem.lua
5752,Wyvern Tailspike,questiedb-foreverBaseItem.lua
5757,Hardwood Cudgel,wowhead_forever_gearplanner.txt
5761,Anvilmar Sledge,wowhead_forever_gearplanner.txt
5766,Lesser Wizard's Robe,wowhead_forever_gearplanner.txt
5767,Violet Robes,wowhead_forever_gearplanner.txt
5770,Robes of Arcana,wowhead_forever_gearplanner.txt
5776,Elder's Cane,wowhead_forever_gearplanner.txt
5777,Brave's Axe,wowhead_forever_gearplanner.txt
5778,Primitive Walking Stick,wowhead_forever_gearplanner.txt
5779,Forsaken Bastard Sword,wowhead_forever_gearplanner.txt
5780,Murloc Scale Belt,wowhead_forever_gearplanner.txt
5781,Murloc Scale Breastplate,wowhead_forever_gearplanner.txt
5782,Thick Murloc Armor,wowhead_forever_gearplanner.txt
5783,Murloc Scale Bracers,wowhead_forever_gearplanner.txt
5797,Indurium Flake,questiedb-foreverBaseItem.lua
5801,Kraul Guano,questiedb-foreverBaseItem.lua
5805,Heart of Zeal,questiedb-foreverBaseItem.lua
5808,Pridewing Venom Sac,questiedb-foreverBaseItem.lua
5812,Robes of Antiquity,wowhead_forever_gearplanner.txt
5813,Emil's Brand,wowhead_forever_gearplanner.txt
5814,Snapbrook Armor,wowhead_forever_gearplanner.txt
5815,Glacial Stone,wowhead_forever_gearplanner.txt
5817,Lunaris Bow,wowhead_forever_gearplanner.txt
5818,Moonbeam Wand,wowhead_forever_gearplanner.txt
5820,Faerie Mantle,wowhead_forever_gearplanner.txt
5821,Darkstalker Boots,wowhead_forever_gearplanner.txt
5822,Hedgeseed Gauntlets,wowhead_forever_gearplanner.txt
5823,Poisonous Mushroom,questiedb-foreverBaseItem.lua
5833,Indurium Ore,questiedb-foreverBaseItem.lua
5845,Flank of Meat,questiedb-foreverBaseItem.lua
5851,Cozzle's Key,questiedb-foreverBaseItem.lua
5856,Monster - Throwing Axe,wowhead_forever_gearplanner.txt
5859,Party Grenade,questiedb-foreverBaseItem.lua
5870,Monster - Throwing Spear,wowhead_forever_gearplanner.txt
5878,Super Snuff,questiedb-foreverBaseItem.lua
5880,Crate With Holes,questiedb-foreverBaseItem.lua
5916,Gnome Camera Key,questiedb-foreverBaseItem.lua
5936,Animal Skin Belt,wowhead_forever_gearplanner.txt
5937,Goblin Camera Key,questiedb-foreverBaseItem.lua
5939,Sewing Gloves,wowhead_forever_gearplanner.txt
5940,Bone Buckler,wowhead_forever_gearplanner.txt
5941,Brass Scale Pants,wowhead_forever_gearplanner.txt
5943,Rift Bracers,wowhead_forever_gearplanner.txt
5944,Greaves of the People's Militia,wowhead_forever_gearplanner.txt
5951,Moist Towelette,questiedb-foreverBaseItem.lua
5952,Corrupted Brain Stem,questiedb-foreverBaseItem.lua
5956,Blacksmith Hammer,questiedb-foreverBaseItem.lua
5957,Handstitched Leather Vest,questiedb-foreverBaseItem.lua
5958,Fine Leather Pants,wowhead_forever_gearplanner.txt
5961,Dark Leather Pants,wowhead_forever_gearplanner.txt
5962,Guardian Pants,wowhead_forever_gearplanner.txt
5963,Barbaric Leggings,wowhead_forever_gearplanner.txt
5964,Barbaric Shoulders,wowhead_forever_gearplanner.txt
5965,Guardian Cloak,wowhead_forever_gearplanner.txt
5966,Guardian Gloves,wowhead_forever_gearplanner.txt
5967,Girdle of Nobility,questiedb-foreverBaseItem.lua
5969,Regent's Cloak,questiedb-foreverBaseItem.lua
5970,Serpent Gloves,wowhead_forever_gearplanner.txt
5971,Feathered Cape,questiedb-foreverBaseItem.lua
5975,Ruffian Belt,questiedb-foreverBaseItem.lua
5976,Guild Tabard,wowhead_forever_gearplanner.txt
5996,Draught of Water Breathing,questiedb-foreverBaseItem.lua
6040,Golden Scale Bracers,wowhead_forever_gearplanner.txt
6058,Blackened Leather Belt,wowhead_forever_gearplanner.txt
6059,Nomadic Vest,wowhead_forever_gearplanner.txt
6060,Flax Bracers,wowhead_forever_gearplanner.txt
6061,Graystone Bracers,wowhead_forever_gearplanner.txt
6062,Heavy Cord Bracers,wowhead_forever_gearplanner.txt
6063,Cold Steel Gauntlets,wowhead_forever_gearplanner.txt
6067,Centaur Ear,questiedb-foreverBaseItem.lua
6070,Wolfskin Bracers,wowhead_forever_gearplanner.txt
6074,War Horn Mouthpiece,questiedb-foreverBaseItem.lua
6076,Tapered Pants,wowhead_forever_gearplanner.txt
6078,Pikeman Shield,wowhead_forever_gearplanner.txt
6080,Shadow Panther Heart,questiedb-foreverBaseItem.lua
6084,Stormwind Guard Leggings,wowhead_forever_gearplanner.txt
6085,Footman Tunic,wowhead_forever_gearplanner.txt
6087,Chausses of Westfall,wowhead_forever_gearplanner.txt
6088,"Monster - Torch, Ranged",wowhead_forever_gearplanner.txt
6092,Black Whelp Boots,wowhead_forever_gearplanner.txt
6093,Orc Crusher,wowhead_forever_gearplanner.txt
6094,Piercing Axe,questiedb-foreverBaseItem.lua
6095,Wandering Boots,wowhead_forever_gearplanner.txt
6096,Apprentice's Shirt,wowhead_forever_gearplanner.txt
6097,Acolyte's Shirt,wowhead_forever_gearplanner.txt
6098,Neophyte's Robe,wowhead_forever_gearplanner.txt
6116,Apprentice's Robe,wowhead_forever_gearplanner.txt
6117,Squire's Shirt,wowhead_forever_gearplanner.txt
6118,Squire's Pants,wowhead_forever_gearplanner.txt
6119,Neophyte's Robe,wowhead_forever_gearplanner.txt
6120,Recruit's Shirt,wowhead_forever_gearplanner.txt
6121,Recruit's Pants,wowhead_forever_gearplanner.txt
6122,Recruit's Boots,wowhead_forever_gearplanner.txt
6123,Novice's Robe,wowhead_forever_gearplanner.txt
6124,Novice's Pants,wowhead_forever_gearplanner.txt
6125,Brawler's Harness,wowhead_forever_gearplanner.txt
6126,Trapper's Pants,wowhead_forever_gearplanner.txt
6127,Trapper's Boots,wowhead_forever_gearplanner.txt
6129,Acolyte's Robe,wowhead_forever_gearplanner.txt
6134,Primitive Mantle,wowhead_forever_gearplanner.txt
6135,Primitive Kilt,wowhead_forever_gearplanner.txt
6136,Thug Shirt,wowhead_forever_gearplanner.txt
6137,Thug Pants,wowhead_forever_gearplanner.txt
6138,Thug Boots,wowhead_forever_gearplanner.txt
6139,Novice's Robe,wowhead_forever_gearplanner.txt
6140,Apprentice's Robe,wowhead_forever_gearplanner.txt
6144,Neophyte's Robe,wowhead_forever_gearplanner.txt
6147,Ratty Old Belt,questiedb-foreverBaseItem.lua
6148,Web-covered Boots,wowhead_forever_gearplanner.txt
6150,A Frayed Knot,questiedb-foreverBaseItem.lua
6171,Wolf Handler Gloves,wowhead_forever_gearplanner.txt
6173,Snow Boots,wowhead_forever_gearplanner.txt
6174,Twain Random Sword,wowhead_forever_gearplanner.txt
6176,Dwarven Kite Shield,wowhead_forever_gearplanner.txt
6177,Ironwrought Bracers,wowhead_forever_gearplanner.txt
6179,Privateer's Cape,questiedb-foreverBaseItem.lua
6180,Slarkskin,questiedb-foreverBaseItem.lua
6181,Fetish of Hakkar,questiedb-foreverBaseItem.lua
6182,Dim Torch,wowhead_forever_gearplanner.txt
6183,Unlit Poor Torch,questiedb-foreverBaseItem.lua
6185,Bear Shawl,wowhead_forever_gearplanner.txt
6186,Trogg Slicer,wowhead_forever_gearplanner.txt
6187,Dwarven Defender,wowhead_forever_gearplanner.txt
6188,Mud Stompers,wowhead_forever_gearplanner.txt
6189,Durable Chain Shoulders,wowhead_forever_gearplanner.txt
6191,Kimbra Boots,questiedb-foreverBaseItem.lua
6194,Barreling Reaper,wowhead_forever_gearplanner.txt
6195,Wax-polished Armor,questiedb-foreverBaseItem.lua
6196,Noboru's Cudgel,wowhead_forever_gearplanner.txt
6197,Loch Croc Hide Vest,questiedb-foreverBaseItem.lua
6198,Jurassic Wristguards,questiedb-foreverBaseItem.lua
6199,Black Widow Band,questiedb-foreverBaseItem.lua
6200,Garneg's War Belt,questiedb-foreverBaseItem.lua
6201,Lithe Boots,questiedb-foreverBaseItem.lua
6202,Fingerless Gloves,questiedb-foreverBaseItem.lua
6203,Thuggish Shield,questiedb-foreverBaseItem.lua
6204,Tribal Worg Helm,questiedb-foreverBaseItem.lua
6205,Burrowing Shovel,questiedb-foreverBaseItem.lua
6206,Rock Chipper,questiedb-foreverBaseItem.lua
6207,PVP - Horde Tower Plans,questiedb-foreverBaseItem.lua
6208,PVP - Alliance Tower Plans,questiedb-foreverBaseItem.lua
6209,PVP - Horde Mine Deed,questiedb-foreverBaseItem.lua
6210,PVP - Alliance Mine Deed,questiedb-foreverBaseItem.lua
6214,Heavy Copper Maul,wowhead_forever_gearplanner.txt
6215,Balanced Fighting Stick,wowhead_forever_gearplanner.txt
6217,Copper Rod,questiedb-foreverBaseItem.lua
6219,Arclight Spanner,wowhead_forever_gearplanner.txt
6220,Meteor Shard,questiedb-foreverBaseItem.lua
6222,Formula: Imbue Chest - Minor Spirit,questiedb-foreverBaseItem.lua
6223,Crest of Darkshire,wowhead_forever_gearplanner.txt
6226,Bloody Apron,questiedb-foreverBaseItem.lua
6238,Brown Linen Robe,wowhead_forever_gearplanner.txt
6239,Red Linen Vest,wowhead_forever_gearplanner.txt
6240,Blue Linen Vest,wowhead_forever_gearplanner.txt
6241,White Linen Robe,wowhead_forever_gearplanner.txt
6242,Blue Linen Robe,wowhead_forever_gearplanner.txt
6243,Green Woolen Robe,wowhead_forever_gearplanner.txt
6244,ggggfg,questiedb-foreverBaseItem.lua
6249,Aged Kodo Hide,questiedb-foreverBaseItem.lua
6252,Doomwarder Blood,questiedb-foreverBaseItem.lua
6256,Fishing Pole,questiedb-foreverBaseItem.lua
6259,Groddoc Liver,questiedb-foreverBaseItem.lua
6260,Blue Dye,questiedb-foreverBaseItem.lua
6261,Orange Dye,questiedb-foreverBaseItem.lua
6263,Blue Overalls,wowhead_forever_gearplanner.txt
6264,Greater Adept's Robe,wowhead_forever_gearplanner.txt
6266,Disciple's Vest,questiedb-foreverBaseItem.lua
6267,Disciple's Pants,questiedb-foreverBaseItem.lua
6268,Pioneer Tunic,questiedb-foreverBaseItem.lua
6269,Pioneer Trousers,questiedb-foreverBaseItem.lua
6282,Sacred Burial Trousers,wowhead_forever_gearplanner.txt
6290,Brilliant Smallfish,questiedb-foreverBaseItem.lua
6292,10 Pound Mud Snapper,wowhead_forever_gearplanner.txt
6294,12 Pound Mud Snapper,wowhead_forever_gearplanner.txt
6295,15 Pound Mud Snapper,wowhead_forever_gearplanner.txt
6297,Old Skull,questiedb-foreverBaseItem.lua
6303,Raw Slitherskin Mackerel,questiedb-foreverBaseItem.lua
6309,17 Pound Catfish,wowhead_forever_gearplanner.txt
6310,19 Pound Catfish,wowhead_forever_gearplanner.txt
6311,22 Pound Catfish,wowhead_forever_gearplanner.txt
6314,Wolfmaster Cape,wowhead_forever_gearplanner.txt
6315,Steelarrow Crossbow,wowhead_forever_gearplanner.txt
6318,Odo's Ley Staff,wowhead_forever_gearplanner.txt
6319,Girdle of the Blindwatcher,wowhead_forever_gearplanner.txt
6320,Commander's Crest,questiedb-foreverBaseItem.lua
6321,Silverlaine's Family Seal,wowhead_forever_gearplanner.txt
6323,Baron's Scepter,questiedb-foreverBaseItem.lua
6324,Robes of Arugal,questiedb-foreverBaseItem.lua
6325,Recipe: Brilliant Smallfish,questiedb-foreverBaseItem.lua
6326,Recipe: Slitherskin Mackerel,questiedb-foreverBaseItem.lua
6328,Recipe: Longjaw Mud Snapper,questiedb-foreverBaseItem.lua
6330,Recipe: Bristle Whisker Catfish,questiedb-foreverBaseItem.lua
6331,Howling Blade,questiedb-foreverBaseItem.lua
6332,Black Pearl Ring,questiedb-foreverBaseItem.lua
6333,Spikelash Dagger,questiedb-foreverBaseItem.lua
6335,Grizzled Boots,questiedb-foreverBaseItem.lua
6336,Infantry Tunic,questiedb-foreverBaseItem.lua
6337,Infantry Leggings,questiedb-foreverBaseItem.lua
6340,Fenrus' Hide,questiedb-foreverBaseItem.lua
6341,Eerie Stable Lantern,questiedb-foreverBaseItem.lua
6342,Formula: Enchant Chest - Minor Intellect,questiedb-foreverBaseItem.lua
6343,Formula: Imbue Chest - Spirit,questiedb-foreverBaseItem.lua
6350,Rough Bronze Boots,wowhead_forever_gearplanner.txt
6351,Dented Crate,questiedb-foreverBaseItem.lua
6352,Waterlogged Crate,questiedb-foreverBaseItem.lua
6357,Sealed Crate,questiedb-foreverBaseItem.lua
6358,Oily Blackmouth,questiedb-foreverBaseItem.lua
6359,Firefin Snapper,questiedb-foreverBaseItem.lua
6360,Steelscale Crushfish,wowhead_forever_gearplanner.txt
6363,26 Pound Catfish,wowhead_forever_gearplanner.txt
6364,32 Pound Catfish,wowhead_forever_gearplanner.txt
6365,Strong Fishing Pole,questiedb-foreverBaseItem.lua
6367,Big Iron Fishing Pole,wowhead_forever_gearplanner.txt
6368,Recipe: Rainbow Fin Albacore,questiedb-foreverBaseItem.lua
6370,Blackmouth Oil,questiedb-foreverBaseItem.lua
6371,Fire Oil,questiedb-foreverBaseItem.lua
6378,Seer's Cape,wowhead_forever_gearplanner.txt
6379,Inscribed Leather Belt,wowhead_forever_gearplanner.txt
6380,Inscribed Buckler,questiedb-foreverBaseItem.lua
6381,Bright Cloak,wowhead_forever_gearplanner.txt
6382,Forest Leather Belt,wowhead_forever_gearplanner.txt
6383,Forest Buckler,wowhead_forever_gearplanner.txt
6384,Stylish Blue Shirt,wowhead_forever_gearplanner.txt
6385,Stylish Green Shirt,wowhead_forever_gearplanner.txt
6386,Glimmering Mail Legguards,wowhead_forever_gearplanner.txt
6387,Glimmering Mail Bracers,wowhead_forever_gearplanner.txt
6388,Glimmering Mail Pauldrons,questiedb-foreverBaseItem.lua
6389,Glimmering Mail Coif,wowhead_forever_gearplanner.txt
6392,Belt of Arugal,questiedb-foreverBaseItem.lua
6393,Silver-thread Gloves,wowhead_forever_gearplanner.txt
6394,Silver-thread Boots,wowhead_forever_gearplanner.txt
6395,Silver-thread Amice,wowhead_forever_gearplanner.txt
6396,Emblazoned Chestpiece,questiedb-foreverBaseItem.lua
6397,Emblazoned Gloves,wowhead_forever_gearplanner.txt
6398,Emblazoned Belt,wowhead_forever_gearplanner.txt
6399,Emblazoned Shoulders,wowhead_forever_gearplanner.txt
6400,Glimmering Shield,questiedb-foreverBaseItem.lua
6402,Mail Combat Leggings,wowhead_forever_gearplanner.txt
6403,Mail Combat Armguards,wowhead_forever_gearplanner.txt
6404,Mail Combat Spaulders,wowhead_forever_gearplanner.txt
6405,Nightsky Trousers,wowhead_forever_gearplanner.txt
6406,Nightsky Boots,wowhead_forever_gearplanner.txt
6407,Nightsky Wristbands,questiedb-foreverBaseItem.lua
6408,Insignia Gloves,wowhead_forever_gearplanner.txt
6409,Insignia Belt,wowhead_forever_gearplanner.txt
6410,Insignia Bracers,wowhead_forever_gearplanner.txt
6411,Chief Brigadier Armor,wowhead_forever_gearplanner.txt
6412,Chief Brigadier Boots,wowhead_forever_gearplanner.txt
6413,Chief Brigadier Bracers,wowhead_forever_gearplanner.txt
6414,Seal of Sylvanas,wowhead_forever_gearplanner.txt
6415,Aurora Robe,wowhead_forever_gearplanner.txt
6416,Aurora Boots,wowhead_forever_gearplanner.txt
6417,Aurora Cloak,wowhead_forever_gearplanner.txt
6418,Aurora Sash,wowhead_forever_gearplanner.txt
6419,Glyphed Mitts,wowhead_forever_gearplanner.txt
6420,Glyphed Boots,wowhead_forever_gearplanner.txt
6421,Glyphed Belt,wowhead_forever_gearplanner.txt
6422,Glyphed Helm,wowhead_forever_gearplanner.txt
6423,Blackforge Greaves,questiedb-foreverBaseItem.lua
6424,Blackforge Cape,wowhead_forever_gearplanner.txt
6425,Blackforge Girdle,wowhead_forever_gearplanner.txt
6426,Blackforge Bracers,wowhead_forever_gearplanner.txt
6427,Mistscape Robe,wowhead_forever_gearplanner.txt
6428,Mistscape Gloves,wowhead_forever_gearplanner.txt
6429,Mistscape Wizard Hat,wowhead_forever_gearplanner.txt
6430,Imperial Leather Breastplate,wowhead_forever_gearplanner.txt
6431,Imperial Leather Boots,wowhead_forever_gearplanner.txt
6432,Imperial Cloak,wowhead_forever_gearplanner.txt
6433,Imperial Leather Helm,wowhead_forever_gearplanner.txt
6443,Deviate Hide,questiedb-foreverBaseItem.lua
6447,Worn Turtle Shell Shield,questiedb-foreverBaseItem.lua
6448,Tail Spike,questiedb-foreverBaseItem.lua
6449,Glowing Lizardscale Cloak,questiedb-foreverBaseItem.lua
6452,Anti-Venom,questiedb-foreverBaseItem.lua
6453,Strong Anti-Venom,questiedb-foreverBaseItem.lua
6458,Oil Covered Fish,questiedb-foreverBaseItem.lua
6459,Savage Trodders,wowhead_forever_gearplanner.txt
6460,Cobrahn's Grasp,questiedb-foreverBaseItem.lua
6461,Slime-encrusted Pads,questiedb-foreverBaseItem.lua
6463,Deep Fathom Ring,questiedb-foreverBaseItem.lua
6464,Wailing Essence,questiedb-foreverBaseItem.lua
6465,Robe of the Moccasin,wowhead_forever_gearplanner.txt
6466,Deviate Scale Cloak,wowhead_forever_gearplanner.txt
6467,Deviate Scale Gloves,wowhead_forever_gearplanner.txt
6468,Deviate Scale Belt,wowhead_forever_gearplanner.txt
6469,Venomstrike,wowhead_forever_gearplanner.txt
6470,Deviate Scale,questiedb-foreverBaseItem.lua
6471,Perfect Deviate Scale,questiedb-foreverBaseItem.lua
6472,Stinging Viper,wowhead_forever_gearplanner.txt
6473,Armor of the Fang,wowhead_forever_gearplanner.txt
6477,Grassland Sash,wowhead_forever_gearplanner.txt
6478,Rat Stompers,wowhead_forever_gearplanner.txt
6480,Slick Deviate Leggings,wowhead_forever_gearplanner.txt
6481,Dagmire Gauntlets,wowhead_forever_gearplanner.txt
6482,Firewalker Boots,wowhead_forever_gearplanner.txt
6486,Singed Scale,questiedb-foreverBaseItem.lua
6502,Violet Scale Armor,wowhead_forever_gearplanner.txt
6503,Harlequin Robes,wowhead_forever_gearplanner.txt
6504,Wingblade,wowhead_forever_gearplanner.txt
6505,Crescent Staff,wowhead_forever_gearplanner.txt
6506,Infantry Boots,questiedb-foreverBaseItem.lua
6507,Infantry Bracers,questiedb-foreverBaseItem.lua
6508,Infantry Cloak,questiedb-foreverBaseItem.lua
6509,Infantry Belt,questiedb-foreverBaseItem.lua
6510,Infantry Gauntlets,questiedb-foreverBaseItem.lua
6511,Journeyman's Robe,questiedb-foreverBaseItem.lua
6512,Disciple's Robe,questiedb-foreverBaseItem.lua
6513,Disciple's Sash,questiedb-foreverBaseItem.lua
6514,Disciple's Cloak,questiedb-foreverBaseItem.lua
6515,Disciple's Gloves,questiedb-foreverBaseItem.lua
6517,Pioneer Belt,questiedb-foreverBaseItem.lua
6518,Pioneer Boots,questiedb-foreverBaseItem.lua
6519,Pioneer Bracers,questiedb-foreverBaseItem.lua
6520,Pioneer Cloak,questiedb-foreverBaseItem.lua
6521,Pioneer Gloves,questiedb-foreverBaseItem.lua
6523,Buckled Harness,wowhead_forever_gearplanner.txt
6524,Studded Leather Harness,wowhead_forever_gearplanner.txt
6525,Grunt's Harness,wowhead_forever_gearplanner.txt
6526,Battle Harness,wowhead_forever_gearplanner.txt
6527,Ancestral Robe,questiedb-foreverBaseItem.lua
6528,Spellbinder Robe,questiedb-foreverBaseItem.lua
6529,Shiny Bauble,questiedb-foreverBaseItem.lua
6530,Nightcrawlers,questiedb-foreverBaseItem.lua
6531,Barbaric Cloth Robe,questiedb-foreverBaseItem.lua
6532,Bright Baubles,questiedb-foreverBaseItem.lua
6533,Aquadynamic Fish Attractor,questiedb-foreverBaseItem.lua
6536,Willow Vest,wowhead_forever_gearplanner.txt
6537,Willow Boots,questiedb-foreverBaseItem.lua
6538,Willow Robe,questiedb-foreverBaseItem.lua
6539,Willow Belt,wowhead_forever_gearplanner.txt
6540,Willow Pants,wowhead_forever_gearplanner.txt
6541,Willow Gloves,questiedb-foreverBaseItem.lua
6542,Willow Cape,wowhead_forever_gearplanner.txt
6543,Willow Bracers,questiedb-foreverBaseItem.lua
6545,Soldier's Armor,wowhead_forever_gearplanner.txt
6546,Soldier's Leggings,wowhead_forever_gearplanner.txt
6547,Soldier's Gauntlets,wowhead_forever_gearplanner.txt
6548,Soldier's Girdle,questiedb-foreverBaseItem.lua
6549,Soldier's Cloak,questiedb-foreverBaseItem.lua
6550,Soldier's Wristguards,wowhead_forever_gearplanner.txt
6551,Soldier's Boots,wowhead_forever_gearplanner.txt
6552,Bard's Tunic,wowhead_forever_gearplanner.txt
6553,Bard's Trousers,wowhead_forever_gearplanner.txt
6554,Bard's Gloves,wowhead_forever_gearplanner.txt
6555,Bard's Cloak,wowhead_forever_gearplanner.txt
6556,Bard's Bracers,questiedb-foreverBaseItem.lua
6557,Bard's Boots,questiedb-foreverBaseItem.lua
6558,Bard's Belt,questiedb-foreverBaseItem.lua
6559,Bard's Buckler,wowhead_forever_gearplanner.txt
6560,Soldier's Shield,wowhead_forever_gearplanner.txt
6561,Seer's Padded Armor,wowhead_forever_gearplanner.txt
6562,Shimmering Boots,wowhead_forever_gearplanner.txt
6563,Shimmering Bracers,questiedb-foreverBaseItem.lua
6564,Shimmering Cloak,wowhead_forever_gearplanner.txt
6565,Shimmering Gloves,wowhead_forever_gearplanner.txt
6566,Shimmering Amice,wowhead_forever_gearplanner.txt
6567,Shimmering Armor,questiedb-foreverBaseItem.lua
6568,Shimmering Trousers,wowhead_forever_gearplanner.txt
6569,Shimmering Robe,wowhead_forever_gearplanner.txt
6570,Shimmering Sash,wowhead_forever_gearplanner.txt
6571,Scouting Buckler,wowhead_forever_gearplanner.txt
6572,Defender Shield,questiedb-foreverBaseItem.lua
6573,Defender Boots,wowhead_forever_gearplanner.txt
6574,Defender Bracers,wowhead_forever_gearplanner.txt
6575,Defender Cloak,questiedb-foreverBaseItem.lua
6576,Defender Girdle,wowhead_forever_gearplanner.txt
6577,Defender Gauntlets,wowhead_forever_gearplanner.txt
6578,Defender Leggings,wowhead_forever_gearplanner.txt
6579,Defender Spaulders,wowhead_forever_gearplanner.txt
6580,Defender Tunic,wowhead_forever_gearplanner.txt
6581,Scouting Belt,questiedb-foreverBaseItem.lua
6582,Scouting Boots,wowhead_forever_gearplanner.txt
6583,Scouting Bracers,wowhead_forever_gearplanner.txt
6584,Scouting Tunic,wowhead_forever_gearplanner.txt
6585,Scouting Cloak,questiedb-foreverBaseItem.lua
6586,Scouting Gloves,wowhead_forever_gearplanner.txt
6587,Scouting Trousers,questiedb-foreverBaseItem.lua
6588,Scouting Spaulders,wowhead_forever_gearplanner.txt
6590,Battleforge Boots,wowhead_forever_gearplanner.txt
6591,Battleforge Wristguards,wowhead_forever_gearplanner.txt
6592,Battleforge Armor,wowhead_forever_gearplanner.txt
6593,Battleforge Cloak,wowhead_forever_gearplanner.txt
6594,Battleforge Girdle,wowhead_forever_gearplanner.txt
6595,Battleforge Gauntlets,wowhead_forever_gearplanner.txt
6596,Battleforge Legguards,wowhead_forever_gearplanner.txt
6597,Battleforge Shoulderguards,wowhead_forever_gearplanner.txt
6598,Dervish Buckler,wowhead_forever_gearplanner.txt
6599,Battleforge Shield,wowhead_forever_gearplanner.txt
6600,Dervish Belt,wowhead_forever_gearplanner.txt
6601,Dervish Boots,wowhead_forever_gearplanner.txt
6602,Dervish Bracers,wowhead_forever_gearplanner.txt
6603,Dervish Tunic,wowhead_forever_gearplanner.txt
6604,Dervish Cape,wowhead_forever_gearplanner.txt
6605,Dervish Gloves,questiedb-foreverBaseItem.lua
6607,Dervish Leggings,wowhead_forever_gearplanner.txt
6608,Bright Armor,wowhead_forever_gearplanner.txt
6609,Sage's Cloth,wowhead_forever_gearplanner.txt
6610,Sage's Robe,wowhead_forever_gearplanner.txt
6611,Sage's Sash,wowhead_forever_gearplanner.txt
6612,Sage's Boots,wowhead_forever_gearplanner.txt
6613,Sage's Bracers,wowhead_forever_gearplanner.txt
6614,Sage's Cloak,wowhead_forever_gearplanner.txt
6615,Sage's Gloves,wowhead_forever_gearplanner.txt
6616,Sage's Pants,wowhead_forever_gearplanner.txt
6617,Sage's Mantle,wowhead_forever_gearplanner.txt
6622,Sword of Zeal,wowhead_forever_gearplanner.txt
6627,Mutant Scale Breastplate,questiedb-foreverBaseItem.lua
6628,Raven's Claws,questiedb-foreverBaseItem.lua
6629,Sporid Cape,questiedb-foreverBaseItem.lua
6630,Seedcloud Buckler,questiedb-foreverBaseItem.lua
6631,Living Root,questiedb-foreverBaseItem.lua
6632,Feyscale Cloak,questiedb-foreverBaseItem.lua
6633,Butcher's Slicer,wowhead_forever_gearplanner.txt
6635,Earth Sapta,questiedb-foreverBaseItem.lua
6636,Fire Sapta,questiedb-foreverBaseItem.lua
6637,Water Sapta,questiedb-foreverBaseItem.lua
6638,Air Sapta,questiedb-foreverBaseItem.lua
6641,Haunting Blade,questiedb-foreverBaseItem.lua
6642,Phantom Armor,questiedb-foreverBaseItem.lua
6643,Bloated Brilliant Smallfish,questiedb-foreverBaseItem.lua
6644,Bloated Mackerel,questiedb-foreverBaseItem.lua
6645,Bloated Mud Snapper,questiedb-foreverBaseItem.lua
6646,Bloated Albacore,questiedb-foreverBaseItem.lua
6647,Bloated Bristle Whisker Catfish,questiedb-foreverBaseItem.lua
6651,Broken Wine Bottle,wowhead_forever_gearplanner.txt
6652,Reagent Pouch,questiedb-foreverBaseItem.lua
6653,Torch of the Dormant Flame,questiedb-foreverBaseItem.lua
6654,Torch of the Eternal Flame,questiedb-foreverBaseItem.lua
6655,Glowing Ember,questiedb-foreverBaseItem.lua
6656,Rough Quartz,questiedb-foreverBaseItem.lua
6657,Savory Deviate Delight,questiedb-foreverBaseItem.lua
6659,Scarab Trousers,wowhead_forever_gearplanner.txt
6660,Julie's Dagger,wowhead_forever_gearplanner.txt
6664,Voodoo Mantle,wowhead_forever_gearplanner.txt
6665,Hexed Bracers,wowhead_forever_gearplanner.txt
6666,Dredge Boots,wowhead_forever_gearplanner.txt
6667,Engineer's Cloak,wowhead_forever_gearplanner.txt
6668,Draftsman Boots,wowhead_forever_gearplanner.txt
6669,Sacred Band,wowhead_forever_gearplanner.txt
6670,Panther Armor,wowhead_forever_gearplanner.txt
6671,Juggernaut Leggings,wowhead_forever_gearplanner.txt
6675,Tempered Bracers,wowhead_forever_gearplanner.txt
6676,Constable Buckler,wowhead_forever_gearplanner.txt
6677,Spellcrafter Wand,wowhead_forever_gearplanner.txt
6678,Band of Elven Grace,wowhead_forever_gearplanner.txt
6679,Armor Piercer,wowhead_forever_gearplanner.txt
6681,Thornspike,wowhead_forever_gearplanner.txt
6682,Death Speaker Robes,wowhead_forever_gearplanner.txt
6685,Death Speaker Mantle,questiedb-foreverBaseItem.lua
6686,Tusken Helm,questiedb-foreverBaseItem.lua
6687,Corpsemaker,wowhead_forever_gearplanner.txt
6688,Whisperwind Headdress,wowhead_forever_gearplanner.txt
6689,Wind Spirit Staff,wowhead_forever_gearplanner.txt
6690,Ferine Leggings,wowhead_forever_gearplanner.txt
6691,Swinetusk Shank,wowhead_forever_gearplanner.txt
6692,Pronged Reaver,questiedb-foreverBaseItem.lua
6693,Agamaggan's Clutch,wowhead_forever_gearplanner.txt
6695,Stygian Bone Amulet,questiedb-foreverBaseItem.lua
6696,Nightstalker Bow,questiedb-foreverBaseItem.lua
6697,Batwing Mantle,questiedb-foreverBaseItem.lua
6709,Moonglow Vest,wowhead_forever_gearplanner.txt
6713,Ripped Pants,wowhead_forever_gearplanner.txt
6714,Ez-Thro Dynamite,questiedb-foreverBaseItem.lua
6715,Ruined Jumper Cables,questiedb-foreverBaseItem.lua
6719,Windborne Belt,wowhead_forever_gearplanner.txt
6720,Spirit Hunter Headdress,wowhead_forever_gearplanner.txt
6721,Chestplate of Kor,wowhead_forever_gearplanner.txt
6722,Beastial Manacles,wowhead_forever_gearplanner.txt
6725,Marbled Buckler,wowhead_forever_gearplanner.txt
6726,Razzeric's Customized Seatbelt,wowhead_forever_gearplanner.txt
6727,Razzeric's Racing Grips,wowhead_forever_gearplanner.txt
6729,Fizzle's Zippy Lighter,wowhead_forever_gearplanner.txt
6730,Ironforge Chain,wowhead_forever_gearplanner.txt
6731,Ironforge Breastplate,wowhead_forever_gearplanner.txt
6732,Gnomish Mechanic's Gloves,wowhead_forever_gearplanner.txt
6733,Ironforge Gauntlets,wowhead_forever_gearplanner.txt
6737,Dryleaf Pants,wowhead_forever_gearplanner.txt
6738,Bleeding Crescent,wowhead_forever_gearplanner.txt
6739,Cliffrunner's Aim,wowhead_forever_gearplanner.txt
6740,Azure Sash,wowhead_forever_gearplanner.txt
6741,Orcish War Sword,wowhead_forever_gearplanner.txt
6742,Stonefist Girdle,wowhead_forever_gearplanner.txt
6743,Sustaining Ring,wowhead_forever_gearplanner.txt
6744,Gloves of Kapelan,wowhead_forever_gearplanner.txt
6745,Swiftrunner Cape,wowhead_forever_gearplanner.txt
6746,Basalt Buckler,questiedb-foreverBaseItem.lua
6747,Enforcer Pauldrons,questiedb-foreverBaseItem.lua
6748,Monkey Ring,questiedb-foreverBaseItem.lua
6750,Snake Hoop,questiedb-foreverBaseItem.lua
6752,Lancer Boots,questiedb-foreverBaseItem.lua
6757,Jaina's Signet Ring,wowhead_forever_gearplanner.txt
6767,Tyranis' Pendant,questiedb-foreverBaseItem.lua
6773,Kolkar Marauder Chain,wowhead_forever_gearplanner.txt
6774,Traitor's Finger,wowhead_forever_gearplanner.txt
6780,Lilac Sash,wowhead_forever_gearplanner.txt
6781,Bartleby's Mug,questiedb-foreverBaseItem.lua
6782,Marshal Haggard's Badge,questiedb-foreverBaseItem.lua
6784,Braced Handguards,wowhead_forever_gearplanner.txt
6786,Simple Dress,wowhead_forever_gearplanner.txt
6787,White Woolen Dress,wowhead_forever_gearplanner.txt
6788,Kolkar Hunter's Belt,wowhead_forever_gearplanner.txt
6789,Ceremonial Centaur Blanket,wowhead_forever_gearplanner.txt
6790,Ring of Calm,wowhead_forever_gearplanner.txt
6791,Hellion Boots,wowhead_forever_gearplanner.txt
6792,Sanguine Pauldrons,wowhead_forever_gearplanner.txt
6793,Auric Bracers,wowhead_forever_gearplanner.txt
6794,Stormfire Gauntlets,wowhead_forever_gearplanner.txt
6795,White Swashbuckler's Shirt,wowhead_forever_gearplanner.txt
6796,Red Swashbuckler's Shirt,wowhead_forever_gearplanner.txt
6797,Eyepoker,wowhead_forever_gearplanner.txt
6798,Blasting Hackbut,wowhead_forever_gearplanner.txt
6801,Baroque Apron,wowhead_forever_gearplanner.txt
6812,Case of Elunite,questiedb-foreverBaseItem.lua
6828,Visionary Buckler,wowhead_forever_gearplanner.txt
6829,Sword of Serenity,wowhead_forever_gearplanner.txt
6830,Bonebiter,wowhead_forever_gearplanner.txt
6831,Black Menace,wowhead_forever_gearplanner.txt
6832,Cloak of Blight,wowhead_forever_gearplanner.txt
6833,White Tuxedo Shirt,wowhead_forever_gearplanner.txt
6834,Black Tuxedo,wowhead_forever_gearplanner.txt
6835,Black Tuxedo Pants,questiedb-foreverBaseItem.lua
6836,Dress Shoes,wowhead_forever_gearplanner.txt
6838,Scorched Spider Fang,questiedb-foreverBaseItem.lua
6841,Vial of Phlogiston,questiedb-foreverBaseItem.lua
6842,Furen's Instructions,questiedb-foreverBaseItem.lua
6845,Burning Rock,questiedb-foreverBaseItem.lua
6846,Defias Script,questiedb-foreverBaseItem.lua
6851,Essence of the Exile,questiedb-foreverBaseItem.lua
6852,Eternal Eye,questiedb-foreverBaseItem.lua
6866,Symbol of Life,questiedb-foreverBaseItem.lua
6886,Monster - Throwing Knife,wowhead_forever_gearplanner.txt
6888,Herb Baked Egg,questiedb-foreverBaseItem.lua
6889,Small Egg,questiedb-foreverBaseItem.lua
6890,Smoked Bear Meat,questiedb-foreverBaseItem.lua
6898,Orb of Soran'ruk,wowhead_forever_gearplanner.txt
6900,Enchanted Gold Bloodrobe,wowhead_forever_gearplanner.txt
6901,Glowing Thresher Cape,wowhead_forever_gearplanner.txt
6902,Bands of Serra'kis,wowhead_forever_gearplanner.txt
6903,Gaze Dreamer Pants,wowhead_forever_gearplanner.txt
6904,Bite of Serra'kis,wowhead_forever_gearplanner.txt
6905,Reef Axe,wowhead_forever_gearplanner.txt
6906,Algae Fists,wowhead_forever_gearplanner.txt
6907,Tortoise Armor,questiedb-foreverBaseItem.lua
6908,Ghamoo-ra's Bind,questiedb-foreverBaseItem.lua
6909,Strike of the Hydra,wowhead_forever_gearplanner.txt
6910,Leech Pants,questiedb-foreverBaseItem.lua
6911,Moss Cinch,questiedb-foreverBaseItem.lua
6926,Furen's Notes,questiedb-foreverBaseItem.lua
6927,Big Will's Ear,questiedb-foreverBaseItem.lua
6929,Bath'rah's Parchment,questiedb-foreverBaseItem.lua
6930,Rod of Channeling,questiedb-foreverBaseItem.lua
6952,Thick Bear Fur,questiedb-foreverBaseItem.lua
6953,Verigan's Fist,wowhead_forever_gearplanner.txt
6966,Elunite Axe,wowhead_forever_gearplanner.txt
6967,Elunite Sword,wowhead_forever_gearplanner.txt
6968,Elunite Hammer,wowhead_forever_gearplanner.txt
6969,Elunite Dagger,wowhead_forever_gearplanner.txt
6970,Furen's Favor,wowhead_forever_gearplanner.txt
6971,Fire Hardened Coif,wowhead_forever_gearplanner.txt
6972,Fire Hardened Hauberk,wowhead_forever_gearplanner.txt
6973,Fire Hardened Leggings,wowhead_forever_gearplanner.txt
6974,Fire Hardened Gauntlets,wowhead_forever_gearplanner.txt
6975,Whirlwind Axe,wowhead_forever_gearplanner.txt
6976,Whirlwind Warhammer,wowhead_forever_gearplanner.txt
6977,Whirlwind Sword,wowhead_forever_gearplanner.txt
6978,Umbral Axe,wowhead_forever_gearplanner.txt
6979,Haggard's Axe,wowhead_forever_gearplanner.txt
6980,Haggard's Dagger,wowhead_forever_gearplanner.txt
6981,Umbral Dagger,wowhead_forever_gearplanner.txt
6982,Umbral Mace,wowhead_forever_gearplanner.txt
6983,Haggard's Hammer,wowhead_forever_gearplanner.txt
6984,Umbral Sword,wowhead_forever_gearplanner.txt
6985,Haggard's Sword,wowhead_forever_gearplanner.txt
6986,Crimson Lotus,questiedb-foreverBaseItem.lua
6994,Whitestone Oak Lumber,questiedb-foreverBaseItem.lua
6995,Corrupted Kor Gem,questiedb-foreverBaseItem.lua
6998,Nimbus Boots,questiedb-foreverBaseItem.lua
7000,Heartwood Girdle,questiedb-foreverBaseItem.lua
7001,Gravestone Scepter,wowhead_forever_gearplanner.txt
7002,Arctic Buckler,wowhead_forever_gearplanner.txt
7003,Beetle Clasps,questiedb-foreverBaseItem.lua
7004,Prelacy Cape,questiedb-foreverBaseItem.lua
7005,Skinning Knife,questiedb-foreverBaseItem.lua
7026,Linen Belt,wowhead_forever_gearplanner.txt
7027,Boots of Darkness,wowhead_forever_gearplanner.txt
7046,Azure Silk Pants,wowhead_forever_gearplanner.txt
7047,Hands of Darkness,wowhead_forever_gearplanner.txt
7048,Azure Silk Hood,wowhead_forever_gearplanner.txt
7049,Truefaith Gloves,wowhead_forever_gearplanner.txt
7050,Silk Headband,wowhead_forever_gearplanner.txt
7051,Earthen Vest,wowhead_forever_gearplanner.txt
7052,Azure Silk Belt,wowhead_forever_gearplanner.txt
7053,Azure Silk Cloak,wowhead_forever_gearplanner.txt
7054,Robe of Power,wowhead_forever_gearplanner.txt
7055,Crimson Silk Belt,wowhead_forever_gearplanner.txt
7056,Crimson Silk Cloak,wowhead_forever_gearplanner.txt
7057,Green Silken Shoulders,wowhead_forever_gearplanner.txt
7058,Crimson Silk Vest,wowhead_forever_gearplanner.txt
7059,Crimson Silk Shoulders,wowhead_forever_gearplanner.txt
7060,Azure Shoulders,wowhead_forever_gearplanner.txt
7061,Earthen Silk Belt,wowhead_forever_gearplanner.txt
7062,Crimson Silk Pantaloons,wowhead_forever_gearplanner.txt
7063,Crimson Silk Robe,wowhead_forever_gearplanner.txt
7064,Crimson Silk Gloves,wowhead_forever_gearplanner.txt
7065,Green Silk Armor,wowhead_forever_gearplanner.txt
7066,Exotic Silk Dress,questiedb-foreverBaseItem.lua
7071,Iron Buckle,questiedb-foreverBaseItem.lua
7072,Naga Scale,questiedb-foreverBaseItem.lua
7087,Pattern: Crimson Silk Cloak,questiedb-foreverBaseItem.lua
7088,Pattern: Crimson Silk Robe,questiedb-foreverBaseItem.lua
7089,Pattern: Azure Silk Cloak,questiedb-foreverBaseItem.lua
7094,Driftwood Branch,wowhead_forever_gearplanner.txt
7095,Bog Boots,wowhead_forever_gearplanner.txt
7096,Plucked Feather,questiedb-foreverBaseItem.lua
7097,Leg Meat,questiedb-foreverBaseItem.lua
7100,Sticky Ichor,questiedb-foreverBaseItem.lua
7101,Bug Eye,questiedb-foreverBaseItem.lua
7106,Zodiac Gloves,wowhead_forever_gearplanner.txt
7107,Belt of the Stars,wowhead_forever_gearplanner.txt
7108,Infantry Shield,questiedb-foreverBaseItem.lua
7109,Pioneer Buckler,questiedb-foreverBaseItem.lua
7110,Silver-thread Armor,wowhead_forever_gearplanner.txt
7111,Nightsky Armor,wowhead_forever_gearplanner.txt
7112,Aurora Armor,wowhead_forever_gearplanner.txt
7113,Mistscape Armor,wowhead_forever_gearplanner.txt
7115,Heirloom Axe,wowhead_forever_gearplanner.txt
7116,Heirloom Dagger,wowhead_forever_gearplanner.txt
7117,Heirloom Hammer,wowhead_forever_gearplanner.txt
7118,Heirloom Sword,wowhead_forever_gearplanner.txt
7119,Twitching Antenna,questiedb-foreverBaseItem.lua
7120,Ruga's Bulwark,wowhead_forever_gearplanner.txt
7127,Powdered Azurite,questiedb-foreverBaseItem.lua
7128,Uncloven Satyr Hoof,questiedb-foreverBaseItem.lua
7129,Brutal Gauntlets,wowhead_forever_gearplanner.txt
7130,Brutal Helm,wowhead_forever_gearplanner.txt
7131,Dragonmaw Shinbone,questiedb-foreverBaseItem.lua
7132,Brutal Legguards,wowhead_forever_gearplanner.txt
7133,Brutal Hauberk,wowhead_forever_gearplanner.txt
7135,Broken Dragonmaw Shinbone,questiedb-foreverBaseItem.lua
7148,Goblin Jumper Cables,wowhead_forever_gearplanner.txt
7166,Copper Dagger,wowhead_forever_gearplanner.txt
7170,Twain Random Sword FOO,wowhead_forever_gearplanner.txt
7189,Goblin Rocket Boots,wowhead_forever_gearplanner.txt
7227,Balnir Snapdragons,questiedb-foreverBaseItem.lua
7229,Explorer's Vest,wowhead_forever_gearplanner.txt
7230,Smite's Mighty Hammer,wowhead_forever_gearplanner.txt
7266,Ur's Treatise on Shadow Magic,questiedb-foreverBaseItem.lua
7276,Handstitched Leather Cloak,wowhead_forever_gearplanner.txt
7277,Handstitched Leather Bracers,wowhead_forever_gearplanner.txt
7278,Light Leather Quiver,wowhead_forever_gearplanner.txt
7279,Small Leather Ammo Pouch,wowhead_forever_gearplanner.txt
7280,Rugged Leather Pants,wowhead_forever_gearplanner.txt
7281,Light Leather Bracers,wowhead_forever_gearplanner.txt
7282,Light Leather Pants,wowhead_forever_gearplanner.txt
7283,Black Whelp Cloak,wowhead_forever_gearplanner.txt
7284,Red Whelp Gloves,wowhead_forever_gearplanner.txt
7285,Nimble Leather Gloves,wowhead_forever_gearplanner.txt
7287,Red Whelp Scale,questiedb-foreverBaseItem.lua
7293,Dalaran Mana Gem,questiedb-foreverBaseItem.lua
7297,Morbent's Bane,wowhead_forever_gearplanner.txt
7298,Blade of Cunning,wowhead_forever_gearplanner.txt
7326,Thun'grim's Axe,wowhead_forever_gearplanner.txt
7327,Thun'grim's Dagger,wowhead_forever_gearplanner.txt
7328,Thun'grim's Mace,wowhead_forever_gearplanner.txt
7329,Thun'grim's Sword,wowhead_forever_gearplanner.txt
7330,Infiltrator Buckler,questiedb-foreverBaseItem.lua
7331,Phalanx Shield,wowhead_forever_gearplanner.txt
7332,Regal Armor,questiedb-foreverBaseItem.lua
7334,Efflorescent Robe,wowhead_forever_gearplanner.txt
7335,Grizzly Tunic,wowhead_forever_gearplanner.txt
7336,Wildwood Chain,wowhead_forever_gearplanner.txt
7337,The Rock,questiedb-foreverBaseItem.lua
7338,Mood Ring,questiedb-foreverBaseItem.lua
7339,Miniscule Diamond Ring,questiedb-foreverBaseItem.lua
7340,Flawless Diamond Solitaire,questiedb-foreverBaseItem.lua
7341,Cubic Zirconia Ring,questiedb-foreverBaseItem.lua
7342,Silver Piffeny Band,questiedb-foreverBaseItem.lua
7344,Torch of Holy Flame,wowhead_forever_gearplanner.txt
7348,Fletcher's Gloves,wowhead_forever_gearplanner.txt
7349,Herbalist's Gloves,wowhead_forever_gearplanner.txt
7350,Disciple's Bracers,questiedb-foreverBaseItem.lua
7351,Disciple's Boots,questiedb-foreverBaseItem.lua
7352,Earthen Leather Shoulders,wowhead_forever_gearplanner.txt
7353,Elder's Padded Armor,wowhead_forever_gearplanner.txt
7354,Elder's Boots,wowhead_forever_gearplanner.txt
7355,Elder's Bracers,wowhead_forever_gearplanner.txt
7356,Elder's Cloak,wowhead_forever_gearplanner.txt
7357,Elder's Hat,wowhead_forever_gearplanner.txt
7358,Pilferer's Gloves,wowhead_forever_gearplanner.txt
7359,Heavy Earthen Gloves,wowhead_forever_gearplanner.txt
7366,Elder's Gloves,wowhead_forever_gearplanner.txt
7367,Elder's Mantle,wowhead_forever_gearplanner.txt
7368,Elder's Pants,wowhead_forever_gearplanner.txt
7369,Elder's Robe,wowhead_forever_gearplanner.txt
7370,Elder's Sash,wowhead_forever_gearplanner.txt
7371,Heavy Quiver,wowhead_forever_gearplanner.txt
7372,Heavy Leather Ammo Pouch,wowhead_forever_gearplanner.txt
7373,Dusky Leather Leggings,wowhead_forever_gearplanner.txt
7374,Dusky Leather Armor,wowhead_forever_gearplanner.txt
7375,Green Whelp Armor,wowhead_forever_gearplanner.txt
7377,Frost Leather Cloak,wowhead_forever_gearplanner.txt
7378,Dusky Bracers,wowhead_forever_gearplanner.txt
7386,Green Whelp Bracers,wowhead_forever_gearplanner.txt
7387,Dusky Belt,wowhead_forever_gearplanner.txt
7388,Skull Key,questiedb-foreverBaseItem.lua
7390,Dusky Boots,wowhead_forever_gearplanner.txt
7391,Swift Boots,wowhead_forever_gearplanner.txt
7406,Infiltrator Cord,wowhead_forever_gearplanner.txt
7407,Infiltrator Armor,wowhead_forever_gearplanner.txt
7408,Infiltrator Shoulders,wowhead_forever_gearplanner.txt
7409,Infiltrator Boots,wowhead_forever_gearplanner.txt
7410,Infiltrator Bracers,wowhead_forever_gearplanner.txt
7411,Infiltrator Cloak,wowhead_forever_gearplanner.txt
7412,Infiltrator Gloves,wowhead_forever_gearplanner.txt
7413,Infiltrator Cap,wowhead_forever_gearplanner.txt
7414,Infiltrator Pants,wowhead_forever_gearplanner.txt
7415,Dervish Spaulders,wowhead_forever_gearplanner.txt
7416,Phalanx Bracers,wowhead_forever_gearplanner.txt
7417,Phalanx Boots,wowhead_forever_gearplanner.txt
7418,Phalanx Breastplate,wowhead_forever_gearplanner.txt
7419,Phalanx Cloak,wowhead_forever_gearplanner.txt
7420,Phalanx Headguard,wowhead_forever_gearplanner.txt
7421,Phalanx Gauntlets,wowhead_forever_gearplanner.txt
7422,Phalanx Girdle,wowhead_forever_gearplanner.txt
7423,Phalanx Leggings,wowhead_forever_gearplanner.txt
7424,Phalanx Spaulders,wowhead_forever_gearplanner.txt
7428,Shadowcat Hide,questiedb-foreverBaseItem.lua
7429,Twilight Armor,wowhead_forever_gearplanner.txt
7430,Twilight Robe,wowhead_forever_gearplanner.txt
7431,Twilight Pants,wowhead_forever_gearplanner.txt
7432,Twilight Cowl,wowhead_forever_gearplanner.txt
7433,Twilight Gloves,wowhead_forever_gearplanner.txt
7434,Twilight Boots,wowhead_forever_gearplanner.txt
7435,Twilight Mantle,wowhead_forever_gearplanner.txt
7436,Twilight Cape,wowhead_forever_gearplanner.txt
7437,Twilight Cuffs,wowhead_forever_gearplanner.txt
7438,Twilight Belt,wowhead_forever_gearplanner.txt
7439,Sentinel Breastplate,wowhead_forever_gearplanner.txt
7440,Sentinel Trousers,wowhead_forever_gearplanner.txt
7441,Sentinel Cap,wowhead_forever_gearplanner.txt
7443,Sentinel Gloves,wowhead_forever_gearplanner.txt
7444,Sentinel Boots,wowhead_forever_gearplanner.txt
7445,Sentinel Shoulders,wowhead_forever_gearplanner.txt
7446,Sentinel Cloak,wowhead_forever_gearplanner.txt
7447,Sentinel Bracers,wowhead_forever_gearplanner.txt
7448,Sentinel Girdle,wowhead_forever_gearplanner.txt
7454,Knight's Breastplate,wowhead_forever_gearplanner.txt
7455,Knight's Legguards,wowhead_forever_gearplanner.txt
7456,Knight's Headguard,wowhead_forever_gearplanner.txt
7457,Knight's Gauntlets,wowhead_forever_gearplanner.txt
7458,Knight's Boots,wowhead_forever_gearplanner.txt
7459,Knight's Pauldrons,wowhead_forever_gearplanner.txt
7460,Knight's Cloak,wowhead_forever_gearplanner.txt
7461,Knight's Bracers,wowhead_forever_gearplanner.txt
7462,Knight's Girdle,wowhead_forever_gearplanner.txt
7463,Sentinel Buckler,wowhead_forever_gearplanner.txt
7465,Knight's Crest,wowhead_forever_gearplanner.txt
7468,Regal Robe,questiedb-foreverBaseItem.lua
7469,Regal Leggings,wowhead_forever_gearplanner.txt
7470,Regal Wizard Hat,wowhead_forever_gearplanner.txt
7471,Regal Gloves,wowhead_forever_gearplanner.txt
7472,Regal Boots,wowhead_forever_gearplanner.txt
7473,Regal Mantle,wowhead_forever_gearplanner.txt
7474,Regal Cloak,wowhead_forever_gearplanner.txt
7475,Regal Cuffs,wowhead_forever_gearplanner.txt
7476,Regal Sash,wowhead_forever_gearplanner.txt
7477,Ranger Tunic,wowhead_forever_gearplanner.txt
7478,Ranger Leggings,wowhead_forever_gearplanner.txt
7479,Ranger Helm,wowhead_forever_gearplanner.txt
7480,Ranger Gloves,wowhead_forever_gearplanner.txt
7481,Ranger Boots,wowhead_forever_gearplanner.txt
7482,Ranger Shoulders,questiedb-foreverBaseItem.lua
7483,Ranger Cloak,wowhead_forever_gearplanner.txt
7484,Ranger Wristguards,wowhead_forever_gearplanner.txt
7485,Ranger Cord,wowhead_forever_gearplanner.txt
7486,Captain's Breastplate,wowhead_forever_gearplanner.txt
7487,Captain's Leggings,wowhead_forever_gearplanner.txt
7488,Captain's Circlet,wowhead_forever_gearplanner.txt
7489,Captain's Gauntlets,wowhead_forever_gearplanner.txt
7490,Captain's Boots,wowhead_forever_gearplanner.txt
7491,Captain's Shoulderguards,wowhead_forever_gearplanner.txt
7492,Captain's Cloak,wowhead_forever_gearplanner.txt
7493,Captain's Bracers,wowhead_forever_gearplanner.txt
7494,Captain's Waistguard,wowhead_forever_gearplanner.txt
7495,Captain's Buckler,questiedb-foreverBaseItem.lua
7496,Field Plate Shield,wowhead_forever_gearplanner.txt
7506,Gnomish Universal Remote,wowhead_forever_gearplanner.txt
7507,Arcane Orb,wowhead_forever_gearplanner.txt
7508,Ley Orb,wowhead_forever_gearplanner.txt
7509,Manaweave Robe,wowhead_forever_gearplanner.txt
7510,Lesser Spellfire Robes,wowhead_forever_gearplanner.txt
7511,Astral Knot Robe,wowhead_forever_gearplanner.txt
7512,Nether-lace Robe,wowhead_forever_gearplanner.txt
7513,Ragefire Wand,wowhead_forever_gearplanner.txt
7514,Icefury Wand,wowhead_forever_gearplanner.txt
7515,Celestial Orb,wowhead_forever_gearplanner.txt
7516,Tabetha's Instructions,questiedb-foreverBaseItem.lua
7517,Gossamer Tunic,wowhead_forever_gearplanner.txt
7518,Gossamer Robe,wowhead_forever_gearplanner.txt
7519,Gossamer Pants,wowhead_forever_gearplanner.txt
7520,Gossamer Headpiece,wowhead_forever_gearplanner.txt
7521,Gossamer Gloves,wowhead_forever_gearplanner.txt
7522,Gossamer Boots,wowhead_forever_gearplanner.txt
7523,Gossamer Shoulderpads,wowhead_forever_gearplanner.txt
7524,Gossamer Cape,wowhead_forever_gearplanner.txt
7525,Gossamer Bracers,wowhead_forever_gearplanner.txt
7526,Gossamer Belt,wowhead_forever_gearplanner.txt
7527,Cabalist Chestpiece,wowhead_forever_gearplanner.txt
7528,Cabalist Leggings,wowhead_forever_gearplanner.txt
7529,Cabalist Helm,wowhead_forever_gearplanner.txt
7530,Cabalist Gloves,wowhead_forever_gearplanner.txt
7531,Cabalist Boots,wowhead_forever_gearplanner.txt
7532,Cabalist Spaulders,questiedb-foreverBaseItem.lua
7533,Cabalist Cloak,wowhead_forever_gearplanner.txt
7534,Cabalist Bracers,wowhead_forever_gearplanner.txt
7535,Cabalist Belt,wowhead_forever_gearplanner.txt
7536,Champion's Wall Shield,wowhead_forever_gearplanner.txt
7537,Gothic Shield,wowhead_forever_gearplanner.txt
7538,Champion's Armor,wowhead_forever_gearplanner.txt
7539,Champion's Leggings,wowhead_forever_gearplanner.txt
7540,Champion's Helmet,wowhead_forever_gearplanner.txt
7541,Champion's Gauntlets,wowhead_forever_gearplanner.txt
7542,Champion's Greaves,questiedb-foreverBaseItem.lua
7543,Champion's Pauldrons,wowhead_forever_gearplanner.txt
7544,Champion's Cape,wowhead_forever_gearplanner.txt
7545,Champion's Bracers,wowhead_forever_gearplanner.txt
7546,Champion's Girdle,wowhead_forever_gearplanner.txt
7552,Falcon's Hook,questiedb-foreverBaseItem.lua
7553,Band of the Unicorn,wowhead_forever_gearplanner.txt
7554,Willow Branch,questiedb-foreverBaseItem.lua
7555,Regal Star,wowhead_forever_gearplanner.txt
7556,Twilight Orb,questiedb-foreverBaseItem.lua
7557,Gossamer Rod,wowhead_forever_gearplanner.txt
7558,Shimmering Stave,wowhead_forever_gearplanner.txt
7559,Runic Cane,questiedb-foreverBaseItem.lua
7606,Polar Gauntlets,wowhead_forever_gearplanner.txt
7607,Sable Wand,wowhead_forever_gearplanner.txt
7608,Seer's Fine Stein,questiedb-foreverBaseItem.lua
7609,Elder's Amber Stave,wowhead_forever_gearplanner.txt
7610,Aurora Sphere,wowhead_forever_gearplanner.txt
7611,Mistscape Stave,wowhead_forever_gearplanner.txt
7627,Dolanaar Delivery,questiedb-foreverBaseItem.lua
7629,Ukor's Burden,questiedb-foreverBaseItem.lua
7682,Torturing Poker,wowhead_forever_gearplanner.txt
7683,Bloody Brass Knuckles,wowhead_forever_gearplanner.txt
7684,Bloodmage Mantle,wowhead_forever_gearplanner.txt
7685,Orb of the Forgotten Seer,questiedb-foreverBaseItem.lua
7686,Ironspine's Eye,wowhead_forever_gearplanner.txt
7687,Ironspine's Fist,wowhead_forever_gearplanner.txt
7688,Ironspine's Ribcage,wowhead_forever_gearplanner.txt
7689,Morbid Dawn,wowhead_forever_gearplanner.txt
7690,Ebon Vise,wowhead_forever_gearplanner.txt
7691,Embalmed Shroud,wowhead_forever_gearplanner.txt
7708,Necrotic Wand,wowhead_forever_gearplanner.txt
7709,Blighted Leggings,wowhead_forever_gearplanner.txt
7710,Loksey's Training Stick,wowhead_forever_gearplanner.txt
7711,Robe of Doan,questiedb-foreverBaseItem.lua
7713,Illusionary Rod,wowhead_forever_gearplanner.txt
7714,Hypnotic Blade,wowhead_forever_gearplanner.txt
7717,Ravager,wowhead_forever_gearplanner.txt
7719,Raging Berserker's Helm,wowhead_forever_gearplanner.txt
7721,Hand of Righteousness,wowhead_forever_gearplanner.txt
7723,Mograine's Might,wowhead_forever_gearplanner.txt
7724,Gauntlets of Divinity,wowhead_forever_gearplanner.txt
7726,Aegis of the Scarlet Commander,wowhead_forever_gearplanner.txt
7727,Watchman Pauldrons,wowhead_forever_gearplanner.txt
7730,Cobalt Crusher,wowhead_forever_gearplanner.txt
7731,Ghostshard Talisman,wowhead_forever_gearplanner.txt
7734,Six Demon Bag,wowhead_forever_gearplanner.txt
7738,Evergreen Gloves,wowhead_forever_gearplanner.txt
7739,Timberland Cape,wowhead_forever_gearplanner.txt
7746,Explorers' League Commendation,questiedb-foreverBaseItem.lua
7749,Omega Orb,questiedb-foreverBaseItem.lua
7752,Dreamslayer,wowhead_forever_gearplanner.txt
7754,Harbinger Boots,wowhead_forever_gearplanner.txt
7757,Windweaver Staff,wowhead_forever_gearplanner.txt
7786,Headsplitter,wowhead_forever_gearplanner.txt
7810,Vial of Purest Water,questiedb-foreverBaseItem.lua
7811,Remaining Drops of Purest Water,questiedb-foreverBaseItem.lua
7812,Corrupt Manifestation's Bracers,questiedb-foreverBaseItem.lua
7813,Shard of Water,questiedb-foreverBaseItem.lua
7847,Buzzard Gizzard,questiedb-foreverBaseItem.lua
7848,Rock Elemental Shard,questiedb-foreverBaseItem.lua
7906,Horns of Nez'ra,questiedb-foreverBaseItem.lua
7909,Aquamarine,questiedb-foreverBaseItem.lua
7910,Star Ruby,questiedb-foreverBaseItem.lua
7913,Barbaric Iron Shoulders,wowhead_forever_gearplanner.txt
7914,Barbaric Iron Breastplate,wowhead_forever_gearplanner.txt
7915,Barbaric Iron Helm,wowhead_forever_gearplanner.txt
7916,Barbaric Iron Boots,wowhead_forever_gearplanner.txt
7917,Barbaric Iron Gloves,wowhead_forever_gearplanner.txt
7918,Heavy Mithril Shoulder,wowhead_forever_gearplanner.txt
7919,Heavy Mithril Gauntlet,wowhead_forever_gearplanner.txt
7920,Mithril Plate Pants,questiedb-foreverBaseItem.lua
7921,Heavy Mithril Pants,wowhead_forever_gearplanner.txt
7922,Steel Plate Helm,questiedb-foreverBaseItem.lua
7923,Defias Tower Key,questiedb-foreverBaseItem.lua
7924,Mithril Plate Bracers,questiedb-foreverBaseItem.lua
7925,Mithril Plate Gloves,questiedb-foreverBaseItem.lua
7926,Ornate Mithril Pants,wowhead_forever_gearplanner.txt
7927,Ornate Mithril Gloves,wowhead_forever_gearplanner.txt
7928,Ornate Mithril Shoulders,questiedb-foreverBaseItem.lua
7929,Orcish War Leggings,questiedb-foreverBaseItem.lua
7930,Heavy Mithril Breastplate,wowhead_forever_gearplanner.txt
7931,Mithril Coif,wowhead_forever_gearplanner.txt
7932,Mithril Plate Shoulders,wowhead_forever_gearplanner.txt
7933,Heavy Mithril Boots,wowhead_forever_gearplanner.txt
7934,Heavy Mithril Helm,wowhead_forever_gearplanner.txt
7935,Ornate Mithril Breastplate,wowhead_forever_gearplanner.txt
7936,Ornate Mithril Boots,wowhead_forever_gearplanner.txt
7937,Ornate Mithril Helm,wowhead_forever_gearplanner.txt
7938,Truesilver Gauntlets,wowhead_forever_gearplanner.txt
7939,Truesilver Breastplate,wowhead_forever_gearplanner.txt
7941,Heavy Mithril Axe,questiedb-foreverBaseItem.lua
7942,Blue Glittering Axe,wowhead_forever_gearplanner.txt
7943,Wicked Mithril Blade,wowhead_forever_gearplanner.txt
7944,Dazzling Mithril Rapier,wowhead_forever_gearplanner.txt
7945,Big Black Mace,wowhead_forever_gearplanner.txt
7946,Runed Mithril Hammer,wowhead_forever_gearplanner.txt
7947,Ebon Shiv,wowhead_forever_gearplanner.txt
7954,The Shatterer,wowhead_forever_gearplanner.txt
7955,Copper Claymore,wowhead_forever_gearplanner.txt
7956,Bronze Warhammer,wowhead_forever_gearplanner.txt
7957,Bronze Greatsword,wowhead_forever_gearplanner.txt
7958,Bronze Battle Axe,wowhead_forever_gearplanner.txt
7959,Blight,wowhead_forever_gearplanner.txt
7960,Truesilver Champion,wowhead_forever_gearplanner.txt
7961,Phantom Blade,wowhead_forever_gearplanner.txt
7963,Steel Breastplate,wowhead_forever_gearplanner.txt
7970,E.C.A.C.,questiedb-foreverBaseItem.lua
7971,Black Pearl,questiedb-foreverBaseItem.lua
7996,Worn Fishing Hat,wowhead_forever_gearplanner.txt
7997,Red Defias Mask,wowhead_forever_gearplanner.txt
8006,The Ziggler,wowhead_forever_gearplanner.txt
8007,Mana Citrine,questiedb-foreverBaseItem.lua
8008,Mana Ruby,questiedb-foreverBaseItem.lua
8048,Emerald Dreamcatcher,questiedb-foreverBaseItem.lua
8071,Sizzle Stick,wowhead_forever_gearplanner.txt
8072,Silixiz's Tower Key,questiedb-foreverBaseItem.lua
8080,Light Plate Chestpiece,wowhead_forever_gearplanner.txt
8081,Light Plate Belt,wowhead_forever_gearplanner.txt
8082,Light Plate Boots,wowhead_forever_gearplanner.txt
8083,Light Plate Bracers,wowhead_forever_gearplanner.txt
8084,Light Plate Gloves,wowhead_forever_gearplanner.txt
8085,Light Plate Pants,wowhead_forever_gearplanner.txt
8086,Light Plate Shoulderpads,wowhead_forever_gearplanner.txt
8088,Platemail Belt,wowhead_forever_gearplanner.txt
8089,Platemail Boots,wowhead_forever_gearplanner.txt
8090,Platemail Bracers,wowhead_forever_gearplanner.txt
8091,Platemail Gloves,wowhead_forever_gearplanner.txt
8092,Platemail Helm,wowhead_forever_gearplanner.txt
8093,Platemail Leggings,wowhead_forever_gearplanner.txt
8094,Platemail Armor,wowhead_forever_gearplanner.txt
8095,Hinott's Oil,questiedb-foreverBaseItem.lua
8106,Hibernal Armor,wowhead_forever_gearplanner.txt
8107,Hibernal Boots,wowhead_forever_gearplanner.txt
8108,Hibernal Bracers,wowhead_forever_gearplanner.txt
8109,Hibernal Cloak,wowhead_forever_gearplanner.txt
8110,Hibernal Gloves,wowhead_forever_gearplanner.txt
8111,Hibernal Mantle,wowhead_forever_gearplanner.txt
8112,Hibernal Pants,wowhead_forever_gearplanner.txt
8113,Hibernal Robe,wowhead_forever_gearplanner.txt
8114,Hibernal Sash,wowhead_forever_gearplanner.txt
8115,Hibernal Cowl,wowhead_forever_gearplanner.txt
8116,Heraldic Belt,wowhead_forever_gearplanner.txt
8117,Heraldic Boots,wowhead_forever_gearplanner.txt
8118,Heraldic Bracers,wowhead_forever_gearplanner.txt
8119,Heraldic Breastplate,wowhead_forever_gearplanner.txt
8120,Heraldic Cloak,wowhead_forever_gearplanner.txt
8121,Heraldic Gloves,wowhead_forever_gearplanner.txt
8122,Heraldic Headpiece,questiedb-foreverBaseItem.lua
8123,Heraldic Leggings,wowhead_forever_gearplanner.txt
8124,Heraldic Spaulders,wowhead_forever_gearplanner.txt
8125,Myrmidon's Bracers,wowhead_forever_gearplanner.txt
8126,Myrmidon's Breastplate,wowhead_forever_gearplanner.txt
8127,Myrmidon's Cape,wowhead_forever_gearplanner.txt
8128,Myrmidon's Gauntlets,wowhead_forever_gearplanner.txt
8129,Myrmidon's Girdle,wowhead_forever_gearplanner.txt
8130,Myrmidon's Greaves,wowhead_forever_gearplanner.txt
8131,Myrmidon's Helm,wowhead_forever_gearplanner.txt
8132,Myrmidon's Leggings,wowhead_forever_gearplanner.txt
8133,Myrmidon's Pauldrons,wowhead_forever_gearplanner.txt
8134,Myrmidon's Defender,wowhead_forever_gearplanner.txt
8135,Chromite Shield,wowhead_forever_gearplanner.txt
8137,Chromite Bracers,wowhead_forever_gearplanner.txt
8138,Chromite Chestplate,wowhead_forever_gearplanner.txt
8139,Chromite Gauntlets,wowhead_forever_gearplanner.txt
8140,Chromite Girdle,wowhead_forever_gearplanner.txt
8141,Chromite Greaves,wowhead_forever_gearplanner.txt
8142,Chromite Barbute,wowhead_forever_gearplanner.txt
8143,Chromite Legplates,wowhead_forever_gearplanner.txt
8144,Chromite Pauldrons,questiedb-foreverBaseItem.lua
8146,Wicked Claw,questiedb-foreverBaseItem.lua
8150,Deeprock Salt,questiedb-foreverBaseItem.lua
8151,Flask of Mojo,questiedb-foreverBaseItem.lua
8152,Flask of Big Mojo,questiedb-foreverBaseItem.lua
8156,Jouster's Wristguards,wowhead_forever_gearplanner.txt
8157,Jouster's Chestplate,questiedb-foreverBaseItem.lua
8158,Jouster's Gauntlets,wowhead_forever_gearplanner.txt
8159,Jouster's Girdle,wowhead_forever_gearplanner.txt
8160,Jouster's Greaves,wowhead_forever_gearplanner.txt
8161,Jouster's Visor,wowhead_forever_gearplanner.txt
8162,Jouster's Legplates,wowhead_forever_gearplanner.txt
8163,Jouster's Pauldrons,wowhead_forever_gearplanner.txt
8165,Worn Dragonscale,questiedb-foreverBaseItem.lua
8168,Jet Black Feather,questiedb-foreverBaseItem.lua
8174,Comfortable Leather Hat,wowhead_forever_gearplanner.txt
8175,Nightscape Tunic,wowhead_forever_gearplanner.txt
8176,Nightscape Headband,wowhead_forever_gearplanner.txt
8177,Practice Sword,questiedb-foreverBaseItem.lua
8178,Training Sword,wowhead_forever_gearplanner.txt
8179,Cadet's Bow,questiedb-foreverBaseItem.lua
8180,Hunting Bow,wowhead_forever_gearplanner.txt
8181,Hunting Rifle,wowhead_forever_gearplanner.txt
8182,Pellet Rifle,questiedb-foreverBaseItem.lua
8183,Precision Bow,wowhead_forever_gearplanner.txt
8184,Firestarter,wowhead_forever_gearplanner.txt
8185,Turtle Scale Leggings,wowhead_forever_gearplanner.txt
8186,Dire Wand,wowhead_forever_gearplanner.txt
8187,Turtle Scale Gloves,wowhead_forever_gearplanner.txt
8188,Explosive Shotgun,wowhead_forever_gearplanner.txt
8189,Turtle Scale Breastplate,questiedb-foreverBaseItem.lua
8190,Hanzo Sword,wowhead_forever_gearplanner.txt
8191,Turtle Scale Helm,wowhead_forever_gearplanner.txt
8192,Nightscape Shoulders,wowhead_forever_gearplanner.txt
8193,Nightscape Pants,wowhead_forever_gearplanner.txt
8194,Goblin Nutcracker,wowhead_forever_gearplanner.txt
8195,Nightscape Cloak,wowhead_forever_gearplanner.txt
8196,Ebon Scimitar,wowhead_forever_gearplanner.txt
8197,Nightscape Boots,wowhead_forever_gearplanner.txt
8198,Turtle Scale Bracers,wowhead_forever_gearplanner.txt
8199,Battlefield Destroyer,wowhead_forever_gearplanner.txt
8200,Big Voodoo Robe,wowhead_forever_gearplanner.txt
8201,Big Voodoo Mask,wowhead_forever_gearplanner.txt
8202,Big Voodoo Pants,wowhead_forever_gearplanner.txt
8203,Tough Scorpid Breastplate,wowhead_forever_gearplanner.txt
8204,Tough Scorpid Gloves,wowhead_forever_gearplanner.txt
8205,Tough Scorpid Bracers,wowhead_forever_gearplanner.txt
8206,Tough Scorpid Leggings,wowhead_forever_gearplanner.txt
8207,Tough Scorpid Shoulders,wowhead_forever_gearplanner.txt
8208,Tough Scorpid Helm,wowhead_forever_gearplanner.txt
8209,Tough Scorpid Boots,wowhead_forever_gearplanner.txt
8210,Wild Leather Shoulders,wowhead_forever_gearplanner.txt
8211,Wild Leather Vest,wowhead_forever_gearplanner.txt
8212,Wild Leather Leggings,wowhead_forever_gearplanner.txt
8213,Wild Leather Boots,wowhead_forever_gearplanner.txt
8214,Wild Leather Helmet,questiedb-foreverBaseItem.lua
8215,Wild Leather Cloak,wowhead_forever_gearplanner.txt
8216,Big Voodoo Cloak,wowhead_forever_gearplanner.txt
8217,Quickdraw Quiver,wowhead_forever_gearplanner.txt
8218,Thick Leather Ammo Pouch,wowhead_forever_gearplanner.txt
8245,Imperial Red Tunic,wowhead_forever_gearplanner.txt
8246,Imperial Red Boots,wowhead_forever_gearplanner.txt
8247,Imperial Red Bracers,wowhead_forever_gearplanner.txt
8248,Imperial Red Cloak,wowhead_forever_gearplanner.txt
8249,Imperial Red Gloves,wowhead_forever_gearplanner.txt
8250,Imperial Red Mantle,wowhead_forever_gearplanner.txt
8251,Imperial Red Pants,wowhead_forever_gearplanner.txt
8252,Imperial Red Robe,wowhead_forever_gearplanner.txt
8253,Imperial Red Sash,wowhead_forever_gearplanner.txt
8254,Imperial Red Circlet,wowhead_forever_gearplanner.txt
8255,Serpentskin Girdle,wowhead_forever_gearplanner.txt
8256,Serpentskin Boots,wowhead_forever_gearplanner.txt
8257,Serpentskin Bracers,wowhead_forever_gearplanner.txt
8258,Serpentskin Armor,wowhead_forever_gearplanner.txt
8259,Serpentskin Cloak,wowhead_forever_gearplanner.txt
8260,Serpentskin Gloves,wowhead_forever_gearplanner.txt
8261,Serpentskin Helm,wowhead_forever_gearplanner.txt
8262,Serpentskin Leggings,wowhead_forever_gearplanner.txt
8263,Serpentskin Spaulders,wowhead_forever_gearplanner.txt
8264,Ebonhold Wristguards,wowhead_forever_gearplanner.txt
8265,Ebonhold Armor,wowhead_forever_gearplanner.txt
8266,Ebonhold Cloak,wowhead_forever_gearplanner.txt
8267,Ebonhold Gauntlets,wowhead_forever_gearplanner.txt
8268,Ebonhold Girdle,wowhead_forever_gearplanner.txt
8269,Ebonhold Boots,wowhead_forever_gearplanner.txt
8270,Ebonhold Helmet,wowhead_forever_gearplanner.txt
8271,Ebonhold Leggings,wowhead_forever_gearplanner.txt
8272,Ebonhold Shoulderpads,wowhead_forever_gearplanner.txt
8273,Valorous Wristguards,wowhead_forever_gearplanner.txt
8274,Valorous Chestguard,wowhead_forever_gearplanner.txt
8275,Ebonhold Buckler,wowhead_forever_gearplanner.txt
8276,Valorous Gauntlets,wowhead_forever_gearplanner.txt
8277,Valorous Girdle,wowhead_forever_gearplanner.txt
8278,Valorous Greaves,wowhead_forever_gearplanner.txt
8279,Valorous Helm,wowhead_forever_gearplanner.txt
8280,Valorous Legguards,wowhead_forever_gearplanner.txt
8281,Valorous Pauldrons,wowhead_forever_gearplanner.txt
8282,Valorous Shield,wowhead_forever_gearplanner.txt
8283,Arcane Armor,wowhead_forever_gearplanner.txt
8284,Arcane Boots,wowhead_forever_gearplanner.txt
8285,Arcane Bands,wowhead_forever_gearplanner.txt
8286,Arcane Cloak,wowhead_forever_gearplanner.txt
8287,Arcane Gloves,wowhead_forever_gearplanner.txt
8288,Arcane Pads,wowhead_forever_gearplanner.txt
8289,Arcane Leggings,wowhead_forever_gearplanner.txt
8290,Arcane Robe,wowhead_forever_gearplanner.txt
8291,Arcane Sash,wowhead_forever_gearplanner.txt
8292,Arcane Cover,wowhead_forever_gearplanner.txt
8293,Traveler's Belt,wowhead_forever_gearplanner.txt
8294,Traveler's Boots,wowhead_forever_gearplanner.txt
8295,Traveler's Bracers,wowhead_forever_gearplanner.txt
8296,Traveler's Jerkin,wowhead_forever_gearplanner.txt
8297,Traveler's Cloak,wowhead_forever_gearplanner.txt
8298,Traveler's Gloves,wowhead_forever_gearplanner.txt
8299,Traveler's Helm,wowhead_forever_gearplanner.txt
8300,Traveler's Leggings,wowhead_forever_gearplanner.txt
8301,Traveler's Spaulders,wowhead_forever_gearplanner.txt
8302,Hero's Bracers,wowhead_forever_gearplanner.txt
8303,Hero's Breastplate,wowhead_forever_gearplanner.txt
8304,Hero's Cape,wowhead_forever_gearplanner.txt
8305,Hero's Gauntlets,wowhead_forever_gearplanner.txt
8306,Hero's Belt,wowhead_forever_gearplanner.txt
8307,Hero's Boots,wowhead_forever_gearplanner.txt
8308,Hero's Band,wowhead_forever_gearplanner.txt
8309,Hero's Leggings,wowhead_forever_gearplanner.txt
8310,Hero's Pauldrons,wowhead_forever_gearplanner.txt
8311,Alabaster Plate Vambraces,wowhead_forever_gearplanner.txt
8312,Alabaster Breastplate,wowhead_forever_gearplanner.txt
8313,Hero's Buckler,wowhead_forever_gearplanner.txt
8314,Alabaster Plate Gauntlets,wowhead_forever_gearplanner.txt
8315,Alabaster Plate Girdle,wowhead_forever_gearplanner.txt
8316,Alabaster Plate Greaves,wowhead_forever_gearplanner.txt
8317,Alabaster Plate Helmet,wowhead_forever_gearplanner.txt
8318,Alabaster Plate Leggings,wowhead_forever_gearplanner.txt
8319,Alabaster Plate Pauldrons,wowhead_forever_gearplanner.txt
8320,Alabaster Shield,wowhead_forever_gearplanner.txt
8343,Heavy Silken Thread,questiedb-foreverBaseItem.lua
8345,Wolfshead Helm,wowhead_forever_gearplanner.txt
8346,Gauntlets of the Sea,wowhead_forever_gearplanner.txt
8347,Dragonscale Gauntlets,wowhead_forever_gearplanner.txt
8348,Helm of Fire,wowhead_forever_gearplanner.txt
8349,Feathered Breastplate,wowhead_forever_gearplanner.txt
8350,The 1 Ring,wowhead_forever_gearplanner.txt
8366,Bloated Mithril Head Trout,questiedb-foreverBaseItem.lua
8367,Dragonscale Breastplate,wowhead_forever_gearplanner.txt
8368,Thick Wolfhide,questiedb-foreverBaseItem.lua
8432,Eau de Mixilpixil,questiedb-foreverBaseItem.lua
8444,Executioner's Key,questiedb-foreverBaseItem.lua
8489,Cat Carrier (White Kitten),questiedb-foreverBaseItem.lua
8493,Weegli's Barrel,questiedb-foreverBaseItem.lua
8546,Powerful Smelling Salts,questiedb-foreverBaseItem.lua
8548,Divino-matic Rod,questiedb-foreverBaseItem.lua
8624,Red Sparkler,wowhead_forever_gearplanner.txt
8625,White Sparkler,wowhead_forever_gearplanner.txt
8626,Blue Sparkler,wowhead_forever_gearplanner.txt
8663,Mithril Insignia,wowhead_forever_gearplanner.txt
8703,Signet of Expertise,wowhead_forever_gearplanner.txt
8708,Hammer of Expertise,wowhead_forever_gearplanner.txt
8746,Interlaced Cowl,wowhead_forever_gearplanner.txt
8747,Hardened Leather Helm,wowhead_forever_gearplanner.txt
8748,Double Mail Coif,wowhead_forever_gearplanner.txt
8749,Crochet Hat,wowhead_forever_gearplanner.txt
8750,Thick Leather Hat,wowhead_forever_gearplanner.txt
8751,Overlinked Coif,wowhead_forever_gearplanner.txt
8752,Laminated Scale Circlet,wowhead_forever_gearplanner.txt
8753,Smooth Leather Helmet,wowhead_forever_gearplanner.txt
8754,Twill Cover,wowhead_forever_gearplanner.txt
8755,Light Plate Helmet,wowhead_forever_gearplanner.txt
8766,Morning Glory Dew,questiedb-foreverBaseItem.lua
8831,Purple Lotus,questiedb-foreverBaseItem.lua
8846,Gromsblood,questiedb-foreverBaseItem.lua
8923,Essence of Agony,questiedb-foreverBaseItem.lua
8924,Dust of Deterioration,questiedb-foreverBaseItem.lua
8925,Crystal Vial,questiedb-foreverBaseItem.lua
8932,Alterac Swiss,questiedb-foreverBaseItem.lua
8948,Dried King Bolete,questiedb-foreverBaseItem.lua
8950,Homemade Cherry Pie,questiedb-foreverBaseItem.lua
8952,Roasted Quail,questiedb-foreverBaseItem.lua
8953,Deep Fried Plantains,questiedb-foreverBaseItem.lua
8956,Oil of Immolation,questiedb-foreverBaseItem.lua
9036,Magic Resistance Potion,questiedb-foreverBaseItem.lua
9060,Inlaid Mithril Cylinder,questiedb-foreverBaseItem.lua
9061,Goblin Rocket Fuel,questiedb-foreverBaseItem.lua
9149,Philosopher's Stone,questiedb-foreverBaseItem.lua
9173,Goblin Transponder,questiedb-foreverBaseItem.lua
9206,Elixir of Greater Strength,questiedb-foreverBaseItem.lua
9224,Potion of Demon Slaying,questiedb-foreverBaseItem.lua
9249,Captain's Key,questiedb-foreverBaseItem.lua
9285,Field Plate Vambraces,wowhead_forever_gearplanner.txt
9286,Field Plate Armor,wowhead_forever_gearplanner.txt
9287,Field Plate Gauntlets,wowhead_forever_gearplanner.txt
9288,Field Plate Girdle,wowhead_forever_gearplanner.txt
9289,Field Plate Boots,wowhead_forever_gearplanner.txt
9290,Field Plate Helmet,questiedb-foreverBaseItem.lua
9291,Field Plate Leggings,wowhead_forever_gearplanner.txt
9292,Field Plate Pauldrons,wowhead_forever_gearplanner.txt
9299,Thermaplugg's Safe Combination,questiedb-foreverBaseItem.lua
9309,Robo-mechanical Guts,questiedb-foreverBaseItem.lua
9311,Default Stationery,questiedb-foreverBaseItem.lua
9312,Blue Firework,questiedb-foreverBaseItem.lua
9313,Green Firework,questiedb-foreverBaseItem.lua
9314,Red Streaks Firework,questiedb-foreverBaseItem.lua
9315,Yellow Rose Firework,questiedb-foreverBaseItem.lua
9317,"Red, White and Blue Firework",questiedb-foreverBaseItem.lua
9318,Red Firework,questiedb-foreverBaseItem.lua
9319,Nimboya's Laden Pike,questiedb-foreverBaseItem.lua
9324,Shadra's Venom,questiedb-foreverBaseItem.lua
9327,Security DELTA Data Access Card,questiedb-foreverBaseItem.lua
9333,Tarnished Silver Necklace,wowhead_forever_gearplanner.txt
9359,Southsea Lamp,wowhead_forever_gearplanner.txt
9362,Brilliant Gold Ring,wowhead_forever_gearplanner.txt
9363,Sparklematic-Wrapped Box,questiedb-foreverBaseItem.lua
9366,Golden Scale Gauntlets,wowhead_forever_gearplanner.txt
9372,Sul'thraze the Lasher,wowhead_forever_gearplanner.txt
9378,Shovelphlange's Mining Axe,wowhead_forever_gearplanner.txt
9379,Sang'thraze the Deflector,questiedb-foreverBaseItem.lua
9382,Tromping Miner's Boots,wowhead_forever_gearplanner.txt
9384,Stonevault Shiv,wowhead_forever_gearplanner.txt
9385,Archaic Defender,wowhead_forever_gearplanner.txt
9389,Revelosh's Spaulders,questiedb-foreverBaseItem.lua
9390,Revelosh's Gloves,questiedb-foreverBaseItem.lua
9395,Gloves of Old,wowhead_forever_gearplanner.txt
9402,Earthborn Kilt,wowhead_forever_gearplanner.txt
9405,Girdle of Golem Strength,wowhead_forever_gearplanner.txt
9407,Stoneweaver Leggings,questiedb-foreverBaseItem.lua
9411,Rockshard Pauldrons,questiedb-foreverBaseItem.lua
9414,Oilskin Leggings,questiedb-foreverBaseItem.lua
9415,Grimlok's Tribal Vestments,wowhead_forever_gearplanner.txt
9416,Grimlok's Charge,wowhead_forever_gearplanner.txt
9420,Adventurer's Pith Helmet,wowhead_forever_gearplanner.txt
9421,Major Healthstone,questiedb-foreverBaseItem.lua
9433,Forgotten Wraps,wowhead_forever_gearplanner.txt
9434,Elemental Raiment,wowhead_forever_gearplanner.txt
9435,Reticulated Bone Gauntlets,wowhead_forever_gearplanner.txt
9443,Used Monster Sample,questiedb-foreverBaseItem.lua
9444,Techbot CPU Shell,wowhead_forever_gearplanner.txt
9445,Grubbis Paws,wowhead_forever_gearplanner.txt
9446,Electrocutioner Leg,wowhead_forever_gearplanner.txt
9447,Electrocutioner Lagnut,wowhead_forever_gearplanner.txt
9448,Spidertank Oilrag,questiedb-foreverBaseItem.lua
9449,Manual Crowd Pummeler,wowhead_forever_gearplanner.txt
9450,Gnomebot Operating Boots,questiedb-foreverBaseItem.lua
9452,Hydrocane,wowhead_forever_gearplanner.txt
9453,Toxic Revenger,wowhead_forever_gearplanner.txt
9454,Acidic Walkers,wowhead_forever_gearplanner.txt
9458,Thermaplugg's Central Core,questiedb-foreverBaseItem.lua
9461,Charged Gear,questiedb-foreverBaseItem.lua
9467,Gahz'rilla Fang,questiedb-foreverBaseItem.lua
9469,Gahz'rilla Scale Armor,wowhead_forever_gearplanner.txt
9470,Bad Mojo Mask,wowhead_forever_gearplanner.txt
9473,Jinxed Hoodoo Skin,wowhead_forever_gearplanner.txt
9474,Jinxed Hoodoo Kilt,wowhead_forever_gearplanner.txt
9475,Diabolic Skiver,wowhead_forever_gearplanner.txt
9476,Big Bad Pauldrons,wowhead_forever_gearplanner.txt
9477,The Chief's Enforcer,wowhead_forever_gearplanner.txt
9486,Supercharger Battle Axe,wowhead_forever_gearplanner.txt
9488,Oscillating Power Hammer,wowhead_forever_gearplanner.txt
9490,Gizmotron Megachopper,wowhead_forever_gearplanner.txt
9491,Hotshot Pilot's Gloves,wowhead_forever_gearplanner.txt
9509,Petrolspill Leggings,wowhead_forever_gearplanner.txt
9510,Caverndeep Trudgers,questiedb-foreverBaseItem.lua
9513,Ley Staff,wowhead_forever_gearplanner.txt
9514,Arcane Staff,wowhead_forever_gearplanner.txt
9515,Nether-lace Tunic,wowhead_forever_gearplanner.txt
9516,Astral Knot Blouse,wowhead_forever_gearplanner.txt
9517,Celestial Stave,wowhead_forever_gearplanner.txt
9518,Mud's Crushers,wowhead_forever_gearplanner.txt
9519,Durtfeet Stompers,wowhead_forever_gearplanner.txt
9520,Silent Hunter,wowhead_forever_gearplanner.txt
9521,Skullsplitter,wowhead_forever_gearplanner.txt
9522,Energized Stone Circle,questiedb-foreverBaseItem.lua
9523,Troll Temper,questiedb-foreverBaseItem.lua
9527,Spellshifter Rod,questiedb-foreverBaseItem.lua
9531,Gemshale Pauldrons,questiedb-foreverBaseItem.lua
9533,Masons Fraternity Ring,questiedb-foreverBaseItem.lua
9534,Engineer's Guild Headpiece,questiedb-foreverBaseItem.lua
9535,Fire-welded Bracers,questiedb-foreverBaseItem.lua
9536,Fairywing Mantle,questiedb-foreverBaseItem.lua
9538,Talvash's Gold Ring,questiedb-foreverBaseItem.lua
9546,Simple Scroll,questiedb-foreverBaseItem.lua
9569,Hallowed Scroll,questiedb-foreverBaseItem.lua
9590,Splintered Log,questiedb-foreverBaseItem.lua
9592,Metallic Fragments,questiedb-foreverBaseItem.lua
9598,Sleeping Robes,wowhead_forever_gearplanner.txt
9599,Barkmail Leggings,wowhead_forever_gearplanner.txt
9600,Lace Pants,wowhead_forever_gearplanner.txt
9601,Cushioned Boots,wowhead_forever_gearplanner.txt
9603,Gritroot Staff,wowhead_forever_gearplanner.txt
9604,Mechanic's Pipehammer,questiedb-foreverBaseItem.lua
9605,Repairman's Cape,questiedb-foreverBaseItem.lua
9607,Bastion of Stormwind,wowhead_forever_gearplanner.txt
9608,Shoni's Disarming Tool,questiedb-foreverBaseItem.lua
9609,Shilly Mitts,questiedb-foreverBaseItem.lua
9622,Reedknot Ring,wowhead_forever_gearplanner.txt
9623,Civinad Robes,wowhead_forever_gearplanner.txt
9624,Triprunner Dungarees,wowhead_forever_gearplanner.txt
9625,Dual Reinforced Leggings,wowhead_forever_gearplanner.txt
9630,Pratt's Handcrafted Boots,wowhead_forever_gearplanner.txt
9631,Pratt's Handcrafted Gloves,wowhead_forever_gearplanner.txt
9632,Jangdor's Handcrafted Gloves,wowhead_forever_gearplanner.txt
9633,Jangdor's Handcrafted Boots,wowhead_forever_gearplanner.txt
9634,Skilled Handling Gloves,wowhead_forever_gearplanner.txt
9635,Master Apothecary Cape,wowhead_forever_gearplanner.txt
9636,Swashbuckler Sash,wowhead_forever_gearplanner.txt
9637,Shinkicker Boots,wowhead_forever_gearplanner.txt
9638,Chelonian Cuffs,wowhead_forever_gearplanner.txt
9639,The Hand of Antu'sul,questiedb-foreverBaseItem.lua
9640,Vice Grips,questiedb-foreverBaseItem.lua
9642,Band of the Great Tortoise,wowhead_forever_gearplanner.txt
9643,Optomatic Deflector,wowhead_forever_gearplanner.txt
9644,Thermotastic Egg Timer,wowhead_forever_gearplanner.txt
9645,Gnomish Inventor Boots,wowhead_forever_gearplanner.txt
9646,Gnomish Water Sinking Device,wowhead_forever_gearplanner.txt
9647,Failed Flying Experiment,wowhead_forever_gearplanner.txt
9648,Chainlink Towel,wowhead_forever_gearplanner.txt
9649,Royal Highmark Vestments,wowhead_forever_gearplanner.txt
9650,Honorguard Chestpiece,wowhead_forever_gearplanner.txt
9651,Gryphon Rider's Stormhammer,wowhead_forever_gearplanner.txt
9652,Gryphon Rider's Leggings,wowhead_forever_gearplanner.txt
9653,Speedy Racer Goggles,wowhead_forever_gearplanner.txt
9654,Cairnstone Sliver,wowhead_forever_gearplanner.txt
9655,Seedtime Hoop,wowhead_forever_gearplanner.txt
9656,Granite Grips,wowhead_forever_gearplanner.txt
9657,Vinehedge Cinch,wowhead_forever_gearplanner.txt
9658,Boots of the Maharishi,wowhead_forever_gearplanner.txt
9660,Stargazer Cloak,wowhead_forever_gearplanner.txt
9661,Earthclasp Barrier,wowhead_forever_gearplanner.txt
9662,Rushridge Boots,wowhead_forever_gearplanner.txt
9663,Dawnrider's Chestpiece,wowhead_forever_gearplanner.txt
9664,Sentinel's Guard,wowhead_forever_gearplanner.txt
9665,Wingcrest Gloves,wowhead_forever_gearplanner.txt
9666,Stronghorn Girdle,wowhead_forever_gearplanner.txt
9678,Tok'kar's Murloc Basher,wowhead_forever_gearplanner.txt
9679,Tok'kar's Murloc Chopper,wowhead_forever_gearplanner.txt
9680,Tok'kar's Murloc Shanker,wowhead_forever_gearplanner.txt
9682,Leather Chef's Belt,wowhead_forever_gearplanner.txt
9683,Strength of the Treant,wowhead_forever_gearplanner.txt
9684,Force of the Hippogryph,wowhead_forever_gearplanner.txt
9686,Spirit of the Faerie Dragon,wowhead_forever_gearplanner.txt
9687,Grappler's Belt,wowhead_forever_gearplanner.txt
9698,Gloves of Insight,wowhead_forever_gearplanner.txt
9699,Garrison Cloak,wowhead_forever_gearplanner.txt
9703,Scorched Cape,wowhead_forever_gearplanner.txt
9704,Rustler Gloves,wowhead_forever_gearplanner.txt
9705,Tharg's Shoelace,wowhead_forever_gearplanner.txt
9706,Tharg's Disk,wowhead_forever_gearplanner.txt
9718,Reforged Blade of Heroes,wowhead_forever_gearplanner.txt
9738,Gem of Cobrahn,questiedb-foreverBaseItem.lua
9742,Simple Cord,questiedb-foreverBaseItem.lua
9743,Simple Shoes,questiedb-foreverBaseItem.lua
9744,Simple Bands,questiedb-foreverBaseItem.lua
9745,Simple Cape,questiedb-foreverBaseItem.lua
9746,Simple Gloves,questiedb-foreverBaseItem.lua
9747,Simple Britches,questiedb-foreverBaseItem.lua
9748,Simple Robe,wowhead_forever_gearplanner.txt
9749,Simple Blouse,questiedb-foreverBaseItem.lua
9750,Nomad Sash,questiedb-foreverBaseItem.lua
9751,Nomad Sandals,questiedb-foreverBaseItem.lua
9752,Nomad Bands,questiedb-foreverBaseItem.lua
9753,Nomad Buckler,questiedb-foreverBaseItem.lua
9754,Nomad Cloak,questiedb-foreverBaseItem.lua
9755,Nomad Gloves,questiedb-foreverBaseItem.lua
9756,Nomad Trousers,questiedb-foreverBaseItem.lua
9757,Nomad Tunic,wowhead_forever_gearplanner.txt
9758,Cadet Belt,questiedb-foreverBaseItem.lua
9759,Cadet Boots,questiedb-foreverBaseItem.lua
9760,Cadet Bracers,questiedb-foreverBaseItem.lua
9761,Cadet Cloak,questiedb-foreverBaseItem.lua
9762,Cadet Gauntlets,questiedb-foreverBaseItem.lua
9763,Cadet Leggings,questiedb-foreverBaseItem.lua
9764,Cadet Shield,questiedb-foreverBaseItem.lua
9765,Cadet Vest,wowhead_forever_gearplanner.txt
9766,Greenweave Sash,wowhead_forever_gearplanner.txt
9767,Greenweave Sandals,questiedb-foreverBaseItem.lua
9768,Greenweave Bracers,questiedb-foreverBaseItem.lua
9769,Greenweave Branch,wowhead_forever_gearplanner.txt
9770,Greenweave Cloak,wowhead_forever_gearplanner.txt
9771,Greenweave Gloves,wowhead_forever_gearplanner.txt
9772,Greenweave Leggings,wowhead_forever_gearplanner.txt
9773,Greenweave Robe,wowhead_forever_gearplanner.txt
9774,Greenweave Vest,wowhead_forever_gearplanner.txt
9775,Bandit Cinch,wowhead_forever_gearplanner.txt
9776,Bandit Boots,wowhead_forever_gearplanner.txt
9777,Bandit Bracers,wowhead_forever_gearplanner.txt
9778,Bandit Buckler,wowhead_forever_gearplanner.txt
9779,Bandit Cloak,questiedb-foreverBaseItem.lua
9780,Bandit Gloves,wowhead_forever_gearplanner.txt
9781,Bandit Pants,wowhead_forever_gearplanner.txt
9782,Bandit Jerkin,wowhead_forever_gearplanner.txt
9783,Raider's Chestpiece,wowhead_forever_gearplanner.txt
9784,Raider's Boots,wowhead_forever_gearplanner.txt
9785,Raider's Bracers,wowhead_forever_gearplanner.txt
9786,Raider's Cloak,wowhead_forever_gearplanner.txt
9787,Raider's Gauntlets,wowhead_forever_gearplanner.txt
9788,Raider's Belt,questiedb-foreverBaseItem.lua
9789,Raider's Legguards,wowhead_forever_gearplanner.txt
9790,Raider's Shield,wowhead_forever_gearplanner.txt
9791,Ivycloth Tunic,wowhead_forever_gearplanner.txt
9792,Ivycloth Boots,wowhead_forever_gearplanner.txt
9793,Ivycloth Bracelets,questiedb-foreverBaseItem.lua
9794,Ivycloth Cloak,wowhead_forever_gearplanner.txt
9795,Ivycloth Gloves,wowhead_forever_gearplanner.txt
9796,Ivycloth Mantle,wowhead_forever_gearplanner.txt
9797,Ivycloth Pants,wowhead_forever_gearplanner.txt
9798,Ivycloth Robe,wowhead_forever_gearplanner.txt
9799,Ivycloth Sash,wowhead_forever_gearplanner.txt
9800,Ivy Orb,wowhead_forever_gearplanner.txt
9801,Superior Belt,wowhead_forever_gearplanner.txt
9802,Superior Boots,questiedb-foreverBaseItem.lua
9803,Superior Bracers,wowhead_forever_gearplanner.txt
9804,Superior Buckler,questiedb-foreverBaseItem.lua
9805,Superior Cloak,wowhead_forever_gearplanner.txt
9806,Superior Gloves,wowhead_forever_gearplanner.txt
9807,Superior Shoulders,wowhead_forever_gearplanner.txt
9808,Superior Leggings,wowhead_forever_gearplanner.txt
9809,Superior Tunic,questiedb-foreverBaseItem.lua
9810,Fortified Boots,wowhead_forever_gearplanner.txt
9811,Fortified Bracers,wowhead_forever_gearplanner.txt
9812,Fortified Cloak,wowhead_forever_gearplanner.txt
9813,Fortified Gauntlets,wowhead_forever_gearplanner.txt
9814,Fortified Belt,wowhead_forever_gearplanner.txt
9815,Fortified Leggings,wowhead_forever_gearplanner.txt
9816,Fortified Shield,wowhead_forever_gearplanner.txt
9817,Fortified Spaulders,wowhead_forever_gearplanner.txt
9818,Fortified Chain,wowhead_forever_gearplanner.txt
9819,Durable Tunic,questiedb-foreverBaseItem.lua
9820,Durable Boots,wowhead_forever_gearplanner.txt
9821,Durable Bracers,wowhead_forever_gearplanner.txt
9822,Durable Cape,wowhead_forever_gearplanner.txt
9823,Durable Gloves,wowhead_forever_gearplanner.txt
9824,Durable Shoulders,wowhead_forever_gearplanner.txt
9825,Durable Pants,wowhead_forever_gearplanner.txt
9826,Durable Robe,wowhead_forever_gearplanner.txt
9827,Scaled Leather Belt,wowhead_forever_gearplanner.txt
9828,Scaled Leather Boots,wowhead_forever_gearplanner.txt
9829,Scaled Leather Bracers,questiedb-foreverBaseItem.lua
9830,Scaled Shield,wowhead_forever_gearplanner.txt
9831,Scaled Cloak,wowhead_forever_gearplanner.txt
9832,Scaled Leather Gloves,wowhead_forever_gearplanner.txt
9833,Scaled Leather Leggings,wowhead_forever_gearplanner.txt
9834,Scaled Leather Shoulders,wowhead_forever_gearplanner.txt
9835,Scaled Leather Tunic,wowhead_forever_gearplanner.txt
9836,Banded Armor,wowhead_forever_gearplanner.txt
9837,Banded Bracers,wowhead_forever_gearplanner.txt
9838,Banded Cloak,wowhead_forever_gearplanner.txt
9839,Banded Gauntlets,wowhead_forever_gearplanner.txt
9840,Banded Girdle,wowhead_forever_gearplanner.txt
9841,Banded Leggings,wowhead_forever_gearplanner.txt
9842,Banded Pauldrons,wowhead_forever_gearplanner.txt
9843,Banded Shield,wowhead_forever_gearplanner.txt
9844,Conjurer's Vest,wowhead_forever_gearplanner.txt
9845,Conjurer's Shoes,wowhead_forever_gearplanner.txt
9846,Conjurer's Bracers,wowhead_forever_gearplanner.txt
9847,Conjurer's Cloak,wowhead_forever_gearplanner.txt
9848,Conjurer's Gloves,wowhead_forever_gearplanner.txt
9849,Conjurer's Hood,wowhead_forever_gearplanner.txt
9850,Conjurer's Mantle,wowhead_forever_gearplanner.txt
9851,Conjurer's Breeches,wowhead_forever_gearplanner.txt
9852,Conjurer's Robe,wowhead_forever_gearplanner.txt
9853,Conjurer's Cinch,wowhead_forever_gearplanner.txt
9854,Archer's Jerkin,wowhead_forever_gearplanner.txt
9855,Archer's Belt,wowhead_forever_gearplanner.txt
9856,Archer's Boots,wowhead_forever_gearplanner.txt
9857,Archer's Bracers,wowhead_forever_gearplanner.txt
9858,Archer's Buckler,wowhead_forever_gearplanner.txt
9859,Archer's Cap,wowhead_forever_gearplanner.txt
9860,Archer's Cloak,wowhead_forever_gearplanner.txt
9861,Archer's Gloves,wowhead_forever_gearplanner.txt
9862,Archer's Trousers,wowhead_forever_gearplanner.txt
9863,Archer's Shoulderpads,wowhead_forever_gearplanner.txt
9864,Renegade Boots,wowhead_forever_gearplanner.txt
9865,Renegade Bracers,wowhead_forever_gearplanner.txt
9866,Renegade Chestguard,wowhead_forever_gearplanner.txt
9867,Renegade Cloak,wowhead_forever_gearplanner.txt
9868,Renegade Gauntlets,wowhead_forever_gearplanner.txt
9869,Renegade Belt,wowhead_forever_gearplanner.txt
9870,Renegade Circlet,wowhead_forever_gearplanner.txt
9871,Renegade Leggings,wowhead_forever_gearplanner.txt
9872,Renegade Pauldrons,wowhead_forever_gearplanner.txt
9873,Renegade Shield,wowhead_forever_gearplanner.txt
9874,Sorcerer Drape,wowhead_forever_gearplanner.txt
9875,Sorcerer Sash,wowhead_forever_gearplanner.txt
9876,Sorcerer Slippers,wowhead_forever_gearplanner.txt
9877,Sorcerer Cloak,wowhead_forever_gearplanner.txt
9878,Sorcerer Hat,wowhead_forever_gearplanner.txt
9879,Sorcerer Bracelets,wowhead_forever_gearplanner.txt
9880,Sorcerer Gloves,wowhead_forever_gearplanner.txt
9881,Sorcerer Mantle,wowhead_forever_gearplanner.txt
9882,Sorcerer Sphere,wowhead_forever_gearplanner.txt
9883,Sorcerer Pants,wowhead_forever_gearplanner.txt
9884,Sorcerer Robe,wowhead_forever_gearplanner.txt
9885,Huntsman's Boots,wowhead_forever_gearplanner.txt
9886,Huntsman's Bands,wowhead_forever_gearplanner.txt
9887,Huntsman's Armor,wowhead_forever_gearplanner.txt
9889,Huntsman's Cap,wowhead_forever_gearplanner.txt
9890,Huntsman's Cape,wowhead_forever_gearplanner.txt
9891,Huntsman's Belt,wowhead_forever_gearplanner.txt
9892,Huntsman's Gloves,wowhead_forever_gearplanner.txt
9893,Huntsman's Leggings,wowhead_forever_gearplanner.txt
9894,Huntsman's Shoulders,wowhead_forever_gearplanner.txt
9895,Jazeraint Boots,wowhead_forever_gearplanner.txt
9896,Jazeraint Bracers,wowhead_forever_gearplanner.txt
9897,Jazeraint Chestguard,wowhead_forever_gearplanner.txt
9898,Jazeraint Cloak,wowhead_forever_gearplanner.txt
9899,Jazeraint Shield,questiedb-foreverBaseItem.lua
9900,Jazeraint Gauntlets,wowhead_forever_gearplanner.txt
9901,Jazeraint Belt,wowhead_forever_gearplanner.txt
9902,Jazeraint Helm,wowhead_forever_gearplanner.txt
9903,Jazeraint Leggings,wowhead_forever_gearplanner.txt
9904,Jazeraint Pauldrons,wowhead_forever_gearplanner.txt
9905,Royal Blouse,wowhead_forever_gearplanner.txt
9906,Royal Sash,wowhead_forever_gearplanner.txt
9907,Royal Boots,wowhead_forever_gearplanner.txt
9908,Royal Cape,wowhead_forever_gearplanner.txt
9909,Royal Bands,wowhead_forever_gearplanner.txt
9910,Royal Gloves,wowhead_forever_gearplanner.txt
9911,Royal Trousers,wowhead_forever_gearplanner.txt
9912,Royal Amice,wowhead_forever_gearplanner.txt
9913,Royal Gown,wowhead_forever_gearplanner.txt
9914,Royal Scepter,wowhead_forever_gearplanner.txt
9915,Royal Headband,wowhead_forever_gearplanner.txt
9916,Tracker's Belt,wowhead_forever_gearplanner.txt
9917,Tracker's Boots,wowhead_forever_gearplanner.txt
9918,Brigade Defender,wowhead_forever_gearplanner.txt
9919,Tracker's Cloak,wowhead_forever_gearplanner.txt
9920,Tracker's Gloves,wowhead_forever_gearplanner.txt
9921,Tracker's Headband,wowhead_forever_gearplanner.txt
9922,Tracker's Leggings,wowhead_forever_gearplanner.txt
9923,Tracker's Shoulderpads,wowhead_forever_gearplanner.txt
9924,Tracker's Tunic,wowhead_forever_gearplanner.txt
9925,Tracker's Wristguards,wowhead_forever_gearplanner.txt
9926,Brigade Boots,wowhead_forever_gearplanner.txt
9927,Brigade Bracers,wowhead_forever_gearplanner.txt
9928,Brigade Breastplate,wowhead_forever_gearplanner.txt
9929,Brigade Cloak,wowhead_forever_gearplanner.txt
9930,Brigade Gauntlets,questiedb-foreverBaseItem.lua
9931,Brigade Girdle,wowhead_forever_gearplanner.txt
9932,Brigade Circlet,wowhead_forever_gearplanner.txt
9933,Brigade Leggings,wowhead_forever_gearplanner.txt
9934,Brigade Pauldrons,wowhead_forever_gearplanner.txt
9935,Embossed Plate Shield,wowhead_forever_gearplanner.txt
9936,Abjurer's Boots,wowhead_forever_gearplanner.txt
9937,Abjurer's Bands,wowhead_forever_gearplanner.txt
9938,Abjurer's Cloak,wowhead_forever_gearplanner.txt
9939,Abjurer's Gloves,wowhead_forever_gearplanner.txt
9940,Abjurer's Hood,wowhead_forever_gearplanner.txt
9941,Abjurer's Mantle,wowhead_forever_gearplanner.txt
9942,Abjurer's Pants,wowhead_forever_gearplanner.txt
9943,Abjurer's Robe,wowhead_forever_gearplanner.txt
9944,Abjurer's Crystal,wowhead_forever_gearplanner.txt
9945,Abjurer's Sash,wowhead_forever_gearplanner.txt
9946,Abjurer's Tunic,wowhead_forever_gearplanner.txt
9947,Chieftain's Belt,wowhead_forever_gearplanner.txt
9948,Chieftain's Boots,wowhead_forever_gearplanner.txt
9949,Chieftain's Bracers,wowhead_forever_gearplanner.txt
9950,Chieftain's Breastplate,wowhead_forever_gearplanner.txt
9951,Chieftain's Cloak,wowhead_forever_gearplanner.txt
9952,Chieftain's Gloves,wowhead_forever_gearplanner.txt
9953,Chieftain's Headdress,wowhead_forever_gearplanner.txt
9954,Chieftain's Leggings,wowhead_forever_gearplanner.txt
9955,Chieftain's Shoulders,wowhead_forever_gearplanner.txt
9956,Warmonger's Bracers,wowhead_forever_gearplanner.txt
9957,Warmonger's Chestpiece,wowhead_forever_gearplanner.txt
9958,Warmonger's Buckler,wowhead_forever_gearplanner.txt
9959,Warmonger's Cloak,wowhead_forever_gearplanner.txt
9960,Warmonger's Gauntlets,wowhead_forever_gearplanner.txt
9961,Warmonger's Belt,wowhead_forever_gearplanner.txt
9962,Warmonger's Greaves,wowhead_forever_gearplanner.txt
9963,Warmonger's Circlet,wowhead_forever_gearplanner.txt
9964,Warmonger's Leggings,wowhead_forever_gearplanner.txt
9965,Warmonger's Pauldrons,wowhead_forever_gearplanner.txt
9966,Embossed Plate Armor,wowhead_forever_gearplanner.txt
9967,Embossed Plate Gauntlets,wowhead_forever_gearplanner.txt
9968,Embossed Plate Girdle,wowhead_forever_gearplanner.txt
9969,Embossed Plate Helmet,wowhead_forever_gearplanner.txt
9970,Embossed Plate Leggings,wowhead_forever_gearplanner.txt
9971,Embossed Plate Pauldrons,wowhead_forever_gearplanner.txt
9972,Embossed Plate Bracers,wowhead_forever_gearplanner.txt
9973,Embossed Plate Boots,questiedb-foreverBaseItem.lua
9974,Overlord's Shield,wowhead_forever_gearplanner.txt
9998,Black Mageweave Vest,wowhead_forever_gearplanner.txt
9999,Black Mageweave Leggings,wowhead_forever_gearplanner.txt
10001,Black Mageweave Robe,wowhead_forever_gearplanner.txt
10002,Shadoweave Pants,wowhead_forever_gearplanner.txt
10003,Black Mageweave Gloves,wowhead_forever_gearplanner.txt
10004,Shadoweave Robe,wowhead_forever_gearplanner.txt
10007,Red Mageweave Vest,wowhead_forever_gearplanner.txt
10008,White Bandit Mask,wowhead_forever_gearplanner.txt
10009,Red Mageweave Pants,wowhead_forever_gearplanner.txt
10010,Stormcloth Pants,wowhead_forever_gearplanner.txt
10011,Stormcloth Gloves,wowhead_forever_gearplanner.txt
10018,Red Mageweave Gloves,wowhead_forever_gearplanner.txt
10019,Dreamweave Gloves,wowhead_forever_gearplanner.txt
10020,Stormcloth Vest,wowhead_forever_gearplanner.txt
10021,Dreamweave Vest,wowhead_forever_gearplanner.txt
10023,Shadoweave Gloves,wowhead_forever_gearplanner.txt
10024,Black Mageweave Headband,wowhead_forever_gearplanner.txt
10025,Shadoweave Mask,wowhead_forever_gearplanner.txt
10026,Black Mageweave Boots,wowhead_forever_gearplanner.txt
10027,Black Mageweave Shoulders,wowhead_forever_gearplanner.txt
10028,Shadoweave Shoulders,wowhead_forever_gearplanner.txt
10029,Red Mageweave Shoulders,wowhead_forever_gearplanner.txt
10030,Admiral's Hat,wowhead_forever_gearplanner.txt
10031,Shadoweave Boots,wowhead_forever_gearplanner.txt
10032,Stormcloth Headband,wowhead_forever_gearplanner.txt
10033,Red Mageweave Headband,wowhead_forever_gearplanner.txt
10034,Tuxedo Shirt,wowhead_forever_gearplanner.txt
10035,Tuxedo Pants,wowhead_forever_gearplanner.txt
10036,Tuxedo Jacket,wowhead_forever_gearplanner.txt
10037,DEPRECATED,questiedb-foreverBaseItem.lua
10038,Stormcloth Shoulders,wowhead_forever_gearplanner.txt
10039,Stormcloth Boots,wowhead_forever_gearplanner.txt
10040,White Wedding Dress,wowhead_forever_gearplanner.txt
10041,Dreamweave Circlet,wowhead_forever_gearplanner.txt
10042,Cindercloth Robe,wowhead_forever_gearplanner.txt
10043,Pious Legwraps,wowhead_forever_gearplanner.txt
10044,Cindercloth Boots,wowhead_forever_gearplanner.txt
10045,Simple Linen Pants,wowhead_forever_gearplanner.txt
10046,Simple Linen Boots,wowhead_forever_gearplanner.txt
10047,Simple Kilt,wowhead_forever_gearplanner.txt
10048,Colorful Kilt,questiedb-foreverBaseItem.lua
10052,Orange Martial Shirt,wowhead_forever_gearplanner.txt
10053,Simple Black Dress,wowhead_forever_gearplanner.txt
10054,Lavender Mageweave Shirt,wowhead_forever_gearplanner.txt
10055,Pink Mageweave Shirt,wowhead_forever_gearplanner.txt
10056,Orange Mageweave Shirt,wowhead_forever_gearplanner.txt
10057,Duskwoven Tunic,wowhead_forever_gearplanner.txt
10058,Duskwoven Sandals,wowhead_forever_gearplanner.txt
10059,Duskwoven Bracers,wowhead_forever_gearplanner.txt
10060,Duskwoven Cape,wowhead_forever_gearplanner.txt
10061,Duskwoven Turban,wowhead_forever_gearplanner.txt
10062,Duskwoven Gloves,wowhead_forever_gearplanner.txt
10063,Duskwoven Amice,wowhead_forever_gearplanner.txt
10064,Duskwoven Pants,wowhead_forever_gearplanner.txt
10065,Duskwoven Robe,wowhead_forever_gearplanner.txt
10066,Duskwoven Sash,wowhead_forever_gearplanner.txt
10067,Righteous Waistguard,wowhead_forever_gearplanner.txt
10068,Righteous Boots,wowhead_forever_gearplanner.txt
10069,Righteous Bracers,wowhead_forever_gearplanner.txt
10070,Righteous Armor,wowhead_forever_gearplanner.txt
10071,Righteous Cloak,wowhead_forever_gearplanner.txt
10072,Righteous Gloves,wowhead_forever_gearplanner.txt
10073,Righteous Helmet,wowhead_forever_gearplanner.txt
10074,Righteous Leggings,wowhead_forever_gearplanner.txt
10075,Righteous Spaulders,wowhead_forever_gearplanner.txt
10076,Lord's Armguards,wowhead_forever_gearplanner.txt
10077,Lord's Breastplate,wowhead_forever_gearplanner.txt
10078,Lord's Crest,wowhead_forever_gearplanner.txt
10079,Lord's Cape,wowhead_forever_gearplanner.txt
10080,Lord's Gauntlets,wowhead_forever_gearplanner.txt
10081,Lord's Girdle,wowhead_forever_gearplanner.txt
10082,Lord's Boots,wowhead_forever_gearplanner.txt
10083,Lord's Crown,wowhead_forever_gearplanner.txt
10084,Lord's Legguards,wowhead_forever_gearplanner.txt
10085,Lord's Pauldrons,wowhead_forever_gearplanner.txt
10086,Gothic Plate Armor,wowhead_forever_gearplanner.txt
10087,Gothic Plate Gauntlets,wowhead_forever_gearplanner.txt
10088,Gothic Plate Girdle,questiedb-foreverBaseItem.lua
10089,Gothic Sabatons,wowhead_forever_gearplanner.txt
10090,Gothic Plate Helmet,wowhead_forever_gearplanner.txt
10091,Gothic Plate Leggings,wowhead_forever_gearplanner.txt
10092,Gothic Plate Spaulders,wowhead_forever_gearplanner.txt
10093,Revenant Deflector,wowhead_forever_gearplanner.txt
10094,Gothic Plate Vambraces,wowhead_forever_gearplanner.txt
10095,Councillor's Boots,wowhead_forever_gearplanner.txt
10096,Councillor's Cuffs,questiedb-foreverBaseItem.lua
10097,Councillor's Circlet,wowhead_forever_gearplanner.txt
10098,Councillor's Cloak,wowhead_forever_gearplanner.txt
10099,Councillor's Gloves,wowhead_forever_gearplanner.txt
10100,Councillor's Shoulders,wowhead_forever_gearplanner.txt
10101,Councillor's Pants,wowhead_forever_gearplanner.txt
10102,Councillor's Robes,wowhead_forever_gearplanner.txt
10103,Councillor's Sash,wowhead_forever_gearplanner.txt
10104,Councillor's Tunic,wowhead_forever_gearplanner.txt
10105,Wanderer's Armor,wowhead_forever_gearplanner.txt
10106,Wanderer's Boots,wowhead_forever_gearplanner.txt
10107,Wanderer's Bracers,wowhead_forever_gearplanner.txt
10108,Wanderer's Cloak,wowhead_forever_gearplanner.txt
10109,Wanderer's Belt,wowhead_forever_gearplanner.txt
10110,Wanderer's Gloves,questiedb-foreverBaseItem.lua
10111,Wanderer's Hat,wowhead_forever_gearplanner.txt
10112,Wanderer's Leggings,wowhead_forever_gearplanner.txt
10113,Wanderer's Shoulders,wowhead_forever_gearplanner.txt
10118,Ornate Breastplate,wowhead_forever_gearplanner.txt
10119,Ornate Greaves,wowhead_forever_gearplanner.txt
10120,Ornate Cloak,wowhead_forever_gearplanner.txt
10121,Ornate Gauntlets,wowhead_forever_gearplanner.txt
10122,Ornate Girdle,wowhead_forever_gearplanner.txt
10123,Ornate Circlet,wowhead_forever_gearplanner.txt
10124,Ornate Legguards,wowhead_forever_gearplanner.txt
10125,Ornate Pauldrons,wowhead_forever_gearplanner.txt
10126,Ornate Bracers,wowhead_forever_gearplanner.txt
10127,Revenant Bracers,wowhead_forever_gearplanner.txt
10128,Revenant Chestplate,wowhead_forever_gearplanner.txt
10129,Revenant Gauntlets,wowhead_forever_gearplanner.txt
10130,Revenant Girdle,wowhead_forever_gearplanner.txt
10131,Revenant Boots,wowhead_forever_gearplanner.txt
10132,Revenant Helmet,wowhead_forever_gearplanner.txt
10133,Revenant Leggings,wowhead_forever_gearplanner.txt
10134,Revenant Shoulders,wowhead_forever_gearplanner.txt
10135,High Councillor's Tunic,wowhead_forever_gearplanner.txt
10136,High Councillor's Bracers,wowhead_forever_gearplanner.txt
10137,High Councillor's Boots,wowhead_forever_gearplanner.txt
10138,High Councillor's Cloak,wowhead_forever_gearplanner.txt
10139,High Councillor's Circlet,wowhead_forever_gearplanner.txt
10140,High Councillor's Gloves,wowhead_forever_gearplanner.txt
10141,High Councillor's Pants,wowhead_forever_gearplanner.txt
10142,High Councillor's Mantle,wowhead_forever_gearplanner.txt
10143,High Councillor's Robe,wowhead_forever_gearplanner.txt
10144,High Councillor's Sash,wowhead_forever_gearplanner.txt
10145,Mighty Girdle,wowhead_forever_gearplanner.txt
10146,Mighty Boots,wowhead_forever_gearplanner.txt
10147,Mighty Armsplints,wowhead_forever_gearplanner.txt
10148,Mighty Cloak,wowhead_forever_gearplanner.txt
10149,Mighty Gauntlets,wowhead_forever_gearplanner.txt
10150,Mighty Helmet,wowhead_forever_gearplanner.txt
10151,Mighty Tunic,wowhead_forever_gearplanner.txt
10152,Mighty Leggings,wowhead_forever_gearplanner.txt
10153,Mighty Spaulders,wowhead_forever_gearplanner.txt
10154,Mercurial Girdle,wowhead_forever_gearplanner.txt
10155,Mercurial Greaves,wowhead_forever_gearplanner.txt
10156,Mercurial Bracers,wowhead_forever_gearplanner.txt
10157,Mercurial Breastplate,wowhead_forever_gearplanner.txt
10158,Mercurial Guard,wowhead_forever_gearplanner.txt
10159,Mercurial Cloak,wowhead_forever_gearplanner.txt
10160,Mercurial Circlet,wowhead_forever_gearplanner.txt
10161,Mercurial Gauntlets,wowhead_forever_gearplanner.txt
10162,Mercurial Legguards,wowhead_forever_gearplanner.txt
10163,Mercurial Pauldrons,wowhead_forever_gearplanner.txt
10164,Templar Chestplate,wowhead_forever_gearplanner.txt
10165,Templar Gauntlets,wowhead_forever_gearplanner.txt
10166,Templar Girdle,wowhead_forever_gearplanner.txt
10167,Templar Boots,questiedb-foreverBaseItem.lua
10168,Templar Crown,wowhead_forever_gearplanner.txt
10169,Templar Legplates,wowhead_forever_gearplanner.txt
10170,Templar Pauldrons,wowhead_forever_gearplanner.txt
10171,Templar Bracers,wowhead_forever_gearplanner.txt
10172,Mystical Mantle,wowhead_forever_gearplanner.txt
10173,Mystical Bracers,wowhead_forever_gearplanner.txt
10174,Mystical Cape,wowhead_forever_gearplanner.txt
10175,Mystical Headwrap,wowhead_forever_gearplanner.txt
10176,Mystical Gloves,wowhead_forever_gearplanner.txt
10177,Mystical Leggings,wowhead_forever_gearplanner.txt
10178,Mystical Robe,wowhead_forever_gearplanner.txt
10179,Mystical Boots,wowhead_forever_gearplanner.txt
10180,Mystical Belt,wowhead_forever_gearplanner.txt
10181,Mystical Armor,wowhead_forever_gearplanner.txt
10182,Swashbuckler's Breastplate,wowhead_forever_gearplanner.txt
10183,Swashbuckler's Boots,wowhead_forever_gearplanner.txt
10184,Swashbuckler's Bracers,wowhead_forever_gearplanner.txt
10185,Swashbuckler's Cape,wowhead_forever_gearplanner.txt
10186,Swashbuckler's Gloves,wowhead_forever_gearplanner.txt
10187,Swashbuckler's Eyepatch,wowhead_forever_gearplanner.txt
10188,Swashbuckler's Leggings,wowhead_forever_gearplanner.txt
10189,Swashbuckler's Shoulderpads,wowhead_forever_gearplanner.txt
10190,Swashbuckler's Belt,wowhead_forever_gearplanner.txt
10191,Crusader's Armguards,wowhead_forever_gearplanner.txt
10192,Crusader's Boots,wowhead_forever_gearplanner.txt
10193,Crusader's Armor,questiedb-foreverBaseItem.lua
10194,Crusader's Cloak,wowhead_forever_gearplanner.txt
10195,Crusader's Shield,wowhead_forever_gearplanner.txt
10196,Crusader's Gauntlets,wowhead_forever_gearplanner.txt
10197,Crusader's Belt,wowhead_forever_gearplanner.txt
10198,Crusader's Helm,questiedb-foreverBaseItem.lua
10199,Crusader's Leggings,wowhead_forever_gearplanner.txt
10200,Crusader's Pauldrons,wowhead_forever_gearplanner.txt
10201,Overlord's Greaves,wowhead_forever_gearplanner.txt
10202,Overlord's Vambraces,wowhead_forever_gearplanner.txt
10203,Overlord's Chestplate,wowhead_forever_gearplanner.txt
10204,Heavy Lamellar Shield,wowhead_forever_gearplanner.txt
10205,Overlord's Gauntlets,wowhead_forever_gearplanner.txt
10206,Overlord's Girdle,wowhead_forever_gearplanner.txt
10207,Overlord's Crown,wowhead_forever_gearplanner.txt
10208,Overlord's Legplates,wowhead_forever_gearplanner.txt
10209,Overlord's Spaulders,wowhead_forever_gearplanner.txt
10210,Elegant Mantle,wowhead_forever_gearplanner.txt
10211,Elegant Boots,wowhead_forever_gearplanner.txt
10212,Elegant Cloak,wowhead_forever_gearplanner.txt
10213,Elegant Bracers,wowhead_forever_gearplanner.txt
10214,Elegant Gloves,wowhead_forever_gearplanner.txt
10215,Elegant Robes,wowhead_forever_gearplanner.txt
10216,Elegant Belt,wowhead_forever_gearplanner.txt
10217,Elegant Leggings,wowhead_forever_gearplanner.txt
10218,Elegant Tunic,wowhead_forever_gearplanner.txt
10219,Elegant Circlet,wowhead_forever_gearplanner.txt
10220,Nightshade Tunic,wowhead_forever_gearplanner.txt
10221,Nightshade Girdle,wowhead_forever_gearplanner.txt
10222,Nightshade Boots,wowhead_forever_gearplanner.txt
10223,Nightshade Armguards,wowhead_forever_gearplanner.txt
10224,Nightshade Cloak,wowhead_forever_gearplanner.txt
10225,Nightshade Gloves,wowhead_forever_gearplanner.txt
10226,Nightshade Helmet,wowhead_forever_gearplanner.txt
10227,Nightshade Leggings,wowhead_forever_gearplanner.txt
10228,Nightshade Spaulders,wowhead_forever_gearplanner.txt
10229,Engraved Bracers,wowhead_forever_gearplanner.txt
10230,Engraved Breastplate,wowhead_forever_gearplanner.txt
10231,Engraved Cape,wowhead_forever_gearplanner.txt
10232,Engraved Gauntlets,wowhead_forever_gearplanner.txt
10233,Engraved Girdle,wowhead_forever_gearplanner.txt
10234,Engraved Boots,wowhead_forever_gearplanner.txt
10235,Engraved Helm,wowhead_forever_gearplanner.txt
10236,Engraved Leggings,wowhead_forever_gearplanner.txt
10237,Engraved Pauldrons,wowhead_forever_gearplanner.txt
10238,Heavy Lamellar Boots,wowhead_forever_gearplanner.txt
10239,Heavy Lamellar Vambraces,wowhead_forever_gearplanner.txt
10240,Heavy Lamellar Chestpiece,wowhead_forever_gearplanner.txt
10241,Heavy Lamellar Helm,wowhead_forever_gearplanner.txt
10242,Heavy Lamellar Gauntlets,wowhead_forever_gearplanner.txt
10243,Heavy Lamellar Girdle,wowhead_forever_gearplanner.txt
10244,Heavy Lamellar Leggings,wowhead_forever_gearplanner.txt
10245,Heavy Lamellar Pauldrons,wowhead_forever_gearplanner.txt
10246,Master's Vest,wowhead_forever_gearplanner.txt
10247,Master's Boots,wowhead_forever_gearplanner.txt
10248,Master's Bracers,wowhead_forever_gearplanner.txt
10249,Master's Cloak,wowhead_forever_gearplanner.txt
10250,Master's Hat,wowhead_forever_gearplanner.txt
10251,Master's Gloves,wowhead_forever_gearplanner.txt
10252,Master's Leggings,wowhead_forever_gearplanner.txt
10253,Master's Mantle,wowhead_forever_gearplanner.txt
10254,Master's Robe,wowhead_forever_gearplanner.txt
10255,Master's Belt,wowhead_forever_gearplanner.txt
10256,Adventurer's Bracers,wowhead_forever_gearplanner.txt
10257,Adventurer's Boots,wowhead_forever_gearplanner.txt
10258,Adventurer's Cape,wowhead_forever_gearplanner.txt
10259,Adventurer's Belt,wowhead_forever_gearplanner.txt
10260,Adventurer's Gloves,wowhead_forever_gearplanner.txt
10261,Adventurer's Bandana,wowhead_forever_gearplanner.txt
10262,Adventurer's Legguards,wowhead_forever_gearplanner.txt
10263,Adventurer's Shoulders,wowhead_forever_gearplanner.txt
10264,Adventurer's Tunic,wowhead_forever_gearplanner.txt
10265,Masterwork Bracers,wowhead_forever_gearplanner.txt
10266,Masterwork Breastplate,wowhead_forever_gearplanner.txt
10267,Masterwork Cape,wowhead_forever_gearplanner.txt
10268,Masterwork Gauntlets,wowhead_forever_gearplanner.txt
10269,Masterwork Girdle,wowhead_forever_gearplanner.txt
10270,Masterwork Boots,wowhead_forever_gearplanner.txt
10271,Masterwork Shield,wowhead_forever_gearplanner.txt
10272,Masterwork Circlet,wowhead_forever_gearplanner.txt
10273,Masterwork Legplates,wowhead_forever_gearplanner.txt
10274,Masterwork Pauldrons,wowhead_forever_gearplanner.txt
10275,Emerald Breastplate,wowhead_forever_gearplanner.txt
10276,Emerald Sabatons,wowhead_forever_gearplanner.txt
10277,Emerald Gauntlets,wowhead_forever_gearplanner.txt
10278,Emerald Girdle,wowhead_forever_gearplanner.txt
10279,Emerald Helm,wowhead_forever_gearplanner.txt
10280,Emerald Legplates,wowhead_forever_gearplanner.txt
10281,Emerald Pauldrons,wowhead_forever_gearplanner.txt
10282,Emerald Vambraces,wowhead_forever_gearplanner.txt
10284,Simple Flour,questiedb-foreverBaseItem.lua
10287,Greenweave Mantle,wowhead_forever_gearplanner.txt
10288,Sage's Circlet,wowhead_forever_gearplanner.txt
10289,Durable Hat,wowhead_forever_gearplanner.txt
10290,Pink Dye,questiedb-foreverBaseItem.lua
10298,Gnomeregan Band,wowhead_forever_gearplanner.txt
10299,Gnomeregan Amulet,wowhead_forever_gearplanner.txt
10328,Scarlet Chestpiece,wowhead_forever_gearplanner.txt
10329,Scarlet Belt,wowhead_forever_gearplanner.txt
10330,Scarlet Leggings,questiedb-foreverBaseItem.lua
10331,Scarlet Gauntlets,wowhead_forever_gearplanner.txt
10332,Scarlet Boots,wowhead_forever_gearplanner.txt
10333,Scarlet Wristguards,wowhead_forever_gearplanner.txt
10358,Duracin Bracers,questiedb-foreverBaseItem.lua
10359,Everlast Boots,questiedb-foreverBaseItem.lua
10362,Ornate Shield,wowhead_forever_gearplanner.txt
10363,Engraved Wall,wowhead_forever_gearplanner.txt
10364,Templar Shield,wowhead_forever_gearplanner.txt
10365,Emerald Shield,wowhead_forever_gearplanner.txt
10366,Demon Guard,wowhead_forever_gearplanner.txt
10367,Hyperion Shield,wowhead_forever_gearplanner.txt
10368,Imbued Plate Armor,wowhead_forever_gearplanner.txt
10369,Imbued Plate Gauntlets,wowhead_forever_gearplanner.txt
10370,Imbued Plate Girdle,wowhead_forever_gearplanner.txt
10371,Imbued Plate Greaves,wowhead_forever_gearplanner.txt
10372,Imbued Plate Helmet,wowhead_forever_gearplanner.txt
10373,Imbued Plate Leggings,wowhead_forever_gearplanner.txt
10374,Imbued Plate Pauldrons,questiedb-foreverBaseItem.lua
10375,Imbued Plate Vambraces,wowhead_forever_gearplanner.txt
10376,Commander's Boots,wowhead_forever_gearplanner.txt
10377,Commander's Vambraces,wowhead_forever_gearplanner.txt
10378,Commander's Armor,wowhead_forever_gearplanner.txt
10379,Commander's Helm,wowhead_forever_gearplanner.txt
10380,Commander's Gauntlets,wowhead_forever_gearplanner.txt
10381,Commander's Girdle,wowhead_forever_gearplanner.txt
10382,Commander's Leggings,wowhead_forever_gearplanner.txt
10383,Commander's Pauldrons,wowhead_forever_gearplanner.txt
10384,Hyperion Armor,wowhead_forever_gearplanner.txt
10385,Hyperion Greaves,wowhead_forever_gearplanner.txt
10386,Hyperion Gauntlets,wowhead_forever_gearplanner.txt
10387,Hyperion Girdle,wowhead_forever_gearplanner.txt
10388,Hyperion Helm,wowhead_forever_gearplanner.txt
10389,Hyperion Legplates,wowhead_forever_gearplanner.txt
10390,Hyperion Pauldrons,wowhead_forever_gearplanner.txt
10391,Hyperion Vambraces,wowhead_forever_gearplanner.txt
10399,Blackened Defias Armor,questiedb-foreverBaseItem.lua
10400,Blackened Defias Leggings,questiedb-foreverBaseItem.lua
10401,Blackened Defias Gloves,questiedb-foreverBaseItem.lua
10402,Blackened Defias Boots,questiedb-foreverBaseItem.lua
10403,Blackened Defias Belt,wowhead_forever_gearplanner.txt
10404,Durable Belt,wowhead_forever_gearplanner.txt
10405,Bandit Shoulders,questiedb-foreverBaseItem.lua
10406,Scaled Leather Headband,wowhead_forever_gearplanner.txt
10407,Raider's Shoulderpads,questiedb-foreverBaseItem.lua
10408,Banded Helm,questiedb-foreverBaseItem.lua
10409,Banded Boots,wowhead_forever_gearplanner.txt
10410,Leggings of the Fang,questiedb-foreverBaseItem.lua
10411,Footpads of the Fang,questiedb-foreverBaseItem.lua
10412,Belt of the Fang,wowhead_forever_gearplanner.txt
10413,Gloves of the Fang,wowhead_forever_gearplanner.txt
10418,Glimmering Mithril Insignia,wowhead_forever_gearplanner.txt
10421,Rough Copper Vest,questiedb-foreverBaseItem.lua
10423,Silvered Bronze Leggings,wowhead_forever_gearplanner.txt
10444,Standard Issue Flare Gun,questiedb-foreverBaseItem.lua
10461,Shadowy Bracers,wowhead_forever_gearplanner.txt
10462,Shadowy Belt,wowhead_forever_gearplanner.txt
10499,Bright-Eye Goggles,wowhead_forever_gearplanner.txt
10500,Fire Goggles,wowhead_forever_gearplanner.txt
10501,Catseye Ultra Goggles,wowhead_forever_gearplanner.txt
10502,Spellpower Goggles Xtreme,wowhead_forever_gearplanner.txt
10503,Rose Colored Goggles,wowhead_forever_gearplanner.txt
10504,Green Lens,wowhead_forever_gearplanner.txt
10506,Deepdive Helmet,wowhead_forever_gearplanner.txt
10507,Solid Dynamite,questiedb-foreverBaseItem.lua
10508,Mithril Blunderbuss,wowhead_forever_gearplanner.txt
10510,Mithril Heavy-bore Rifle,wowhead_forever_gearplanner.txt
10514,Mithril Frag Bomb,questiedb-foreverBaseItem.lua
10515,Torch of Retribution,wowhead_forever_gearplanner.txt
10518,Parachute Cloak,wowhead_forever_gearplanner.txt
10542,Goblin Mining Helmet,wowhead_forever_gearplanner.txt
10543,Goblin Construction Helmet,wowhead_forever_gearplanner.txt
10544,Thistlewood Maul,wowhead_forever_gearplanner.txt
10545,Gnomish Goggles,wowhead_forever_gearplanner.txt
10547,Camping Knife,wowhead_forever_gearplanner.txt
10549,Rancher's Trousers,wowhead_forever_gearplanner.txt
10550,Wooly Mittens,wowhead_forever_gearplanner.txt
10551,Thorium Plated Dagger,questiedb-foreverBaseItem.lua
10553,Foreman Vest,questiedb-foreverBaseItem.lua
10554,Foreman Pants,questiedb-foreverBaseItem.lua
10560,Unstable Trigger,questiedb-foreverBaseItem.lua
10562,Hi-Explosive Bomb,questiedb-foreverBaseItem.lua
10576,Mithril Mechanical Dragonling,wowhead_forever_gearplanner.txt
10577,Goblin Mortar,wowhead_forever_gearplanner.txt
10586,The Big One,questiedb-foreverBaseItem.lua
10587,Goblin Bomb Dispenser,wowhead_forever_gearplanner.txt
10588,Goblin Rocket Helmet,wowhead_forever_gearplanner.txt
10603,Schematic: Catseye Ultra Goggles,questiedb-foreverBaseItem.lua
10621,Runed Scroll,questiedb-foreverBaseItem.lua
10635,Painted Chain Leggings,wowhead_forever_gearplanner.txt
10636,Nomadic Gloves,wowhead_forever_gearplanner.txt
10637,Brewer's Gloves,wowhead_forever_gearplanner.txt
10638,Long Draping Cape,wowhead_forever_gearplanner.txt
10645,Gnomish Death Ray,wowhead_forever_gearplanner.txt
10646,Goblin Sapper Charge,questiedb-foreverBaseItem.lua
10647,Engineer's Ink,questiedb-foreverBaseItem.lua
10648,Blank Parchment,questiedb-foreverBaseItem.lua
10652,Will of the Mountain Giant,wowhead_forever_gearplanner.txt
10653,Trailblazer Boots,wowhead_forever_gearplanner.txt
10654,Jutebraid Gloves,questiedb-foreverBaseItem.lua
10655,Sedgeweed Britches,wowhead_forever_gearplanner.txt
10656,Barkmail Vest,wowhead_forever_gearplanner.txt
10657,Talbar Mantle,wowhead_forever_gearplanner.txt
10658,Quagmire Galoshes,wowhead_forever_gearplanner.txt
10659,Shard of the Splithooves,wowhead_forever_gearplanner.txt
10660,First Mosh'aru Tablet,questiedb-foreverBaseItem.lua
10663,Essence of Hakkar,questiedb-foreverBaseItem.lua
10684,Colossal Parachute,questiedb-foreverBaseItem.lua
10686,Aegis of Battle,wowhead_forever_gearplanner.txt
10687,Empty Vial Labeled #1,questiedb-foreverBaseItem.lua
10688,Empty Vial Labeled #2,questiedb-foreverBaseItem.lua
10689,Empty Vial Labeled #3,questiedb-foreverBaseItem.lua
10690,Empty Vial Labeled #4,questiedb-foreverBaseItem.lua
10696,Enchanted Azsharite Felbane Sword,wowhead_forever_gearplanner.txt
10697,Enchanted Azsharite Felbane Dagger,wowhead_forever_gearplanner.txt
10698,Enchanted Azsharite Felbane Staff,wowhead_forever_gearplanner.txt
10700,Encarmine Boots,wowhead_forever_gearplanner.txt
10701,Boots of Zua'tec,wowhead_forever_gearplanner.txt
10702,Enormous Ogre Boots,wowhead_forever_gearplanner.txt
10703,Fiendish Skiv,wowhead_forever_gearplanner.txt
10704,Chillnail Splinter,wowhead_forever_gearplanner.txt
10705,Firwillow Wristbands,wowhead_forever_gearplanner.txt
10706,Nightscale Girdle,wowhead_forever_gearplanner.txt
10707,Steelsmith Greaves,wowhead_forever_gearplanner.txt
10708,Skullspell Orb,wowhead_forever_gearplanner.txt
10709,Pyrestone Orb,wowhead_forever_gearplanner.txt
10716,Gnomish Shrink Ray,wowhead_forever_gearplanner.txt
10719,Mobile Alarm,questiedb-foreverBaseItem.lua
10720,Gnomish Net-o-Matic Projector,wowhead_forever_gearplanner.txt
10721,Gnomish Harm Prevention Belt,wowhead_forever_gearplanner.txt
10724,Gnomish Rocket Boots,wowhead_forever_gearplanner.txt
10725,Gnomish Battle Chicken,wowhead_forever_gearplanner.txt
10726,Gnomish Mind Control Cap,wowhead_forever_gearplanner.txt
10727,Goblin Dragon Gun,wowhead_forever_gearplanner.txt
10739,Ring of Fortitude,wowhead_forever_gearplanner.txt
10740,Centurion Legplates,wowhead_forever_gearplanner.txt
10741,Lordrec Helmet,wowhead_forever_gearplanner.txt
10742,Dragonflight Leggings,wowhead_forever_gearplanner.txt
10743,Drakefire Headguard,wowhead_forever_gearplanner.txt
10744,Axe of the Ebon Drake,wowhead_forever_gearplanner.txt
10745,Kaylari Shoulders,wowhead_forever_gearplanner.txt
10746,Runesteel Vambraces,wowhead_forever_gearplanner.txt
10747,Teacher's Sash,wowhead_forever_gearplanner.txt
10748,Wanderlust Boots,wowhead_forever_gearplanner.txt
10749,Avenguard Helm,wowhead_forever_gearplanner.txt
10750,Lifeforce Dirk,wowhead_forever_gearplanner.txt
10751,Gemburst Circlet,wowhead_forever_gearplanner.txt
10761,Coldrage Dagger,questiedb-foreverBaseItem.lua
10762,Robes of the Lich,questiedb-foreverBaseItem.lua
10763,Icemetal Barbute,questiedb-foreverBaseItem.lua
10764,Deathchill Armor,questiedb-foreverBaseItem.lua
10765,Bonefingers,wowhead_forever_gearplanner.txt
10771,Deathmage Sash,wowhead_forever_gearplanner.txt
10772,Glutton's Cleaver,questiedb-foreverBaseItem.lua
10773,Hakkari Urn,questiedb-foreverBaseItem.lua
10774,Fleshhide Shoulders,wowhead_forever_gearplanner.txt
10775,Carapace of Tuten'kash,wowhead_forever_gearplanner.txt
10778,Necklace of Sanctuary,wowhead_forever_gearplanner.txt
10779,Demon's Blood,wowhead_forever_gearplanner.txt
10781,Hakkari Breastplate,questiedb-foreverBaseItem.lua
10782,Hakkari Shroud,questiedb-foreverBaseItem.lua
10799,Headspike,wowhead_forever_gearplanner.txt
10801,Slitherscale Boots,wowhead_forever_gearplanner.txt
10802,Wingveil Cloak,wowhead_forever_gearplanner.txt
10804,Fist of the Damned,wowhead_forever_gearplanner.txt
10807,Kilt of the Atal'ai Prophet,wowhead_forever_gearplanner.txt
10820,Jackseed Belt,wowhead_forever_gearplanner.txt
10821,Sower's Cloak,wowhead_forever_gearplanner.txt
10823,Vanquisher's Sword,wowhead_forever_gearplanner.txt
10824,Amberglow Talisman,wowhead_forever_gearplanner.txt
10826,Staff of Lore,wowhead_forever_gearplanner.txt
10827,Surveyor's Tunic,wowhead_forever_gearplanner.txt
10830,M73 Frag Grenade,questiedb-foreverBaseItem.lua
10833,Horns of Eranikus,wowhead_forever_gearplanner.txt
10838,Might of Hakkar,wowhead_forever_gearplanner.txt
10844,Spire of Hakkar,wowhead_forever_gearplanner.txt
10919,Apothecary Gloves,questiedb-foreverBaseItem.lua
10938,Lesser Magic Essence,questiedb-foreverBaseItem.lua
10940,Strange Dust,questiedb-foreverBaseItem.lua
10978,Small Glimmering Shard,questiedb-foreverBaseItem.lua
10998,Lesser Astral Essence,questiedb-foreverBaseItem.lua
11040,Morrowgrain,questiedb-foreverBaseItem.lua
11078,Relic Coffer Key,questiedb-foreverBaseItem.lua
11079,Gor'tesh's Lopped Off Head,questiedb-foreverBaseItem.lua
11080,Gor'tesh's Lopped Off Head,questiedb-foreverBaseItem.lua
11082,Greater Astral Essence,questiedb-foreverBaseItem.lua
11083,Soul Dust,questiedb-foreverBaseItem.lua
11084,Large Glimmering Shard,questiedb-foreverBaseItem.lua
11085,Customer of the Month Coffer Key,questiedb-foreverBaseItem.lua
11086,Jang'thraze the Protector,wowhead_forever_gearplanner.txt
11115,Secret Safe Key,questiedb-foreverBaseItem.lua
11120,Belgrom's Hammer,wowhead_forever_gearplanner.txt
11121,Darkwater Talwar,questiedb-foreverBaseItem.lua
11122,Carrot on a Stick,wowhead_forever_gearplanner.txt
11128,Golden Rod,questiedb-foreverBaseItem.lua
11134,Lesser Mystic Essence,questiedb-foreverBaseItem.lua
11135,Greater Mystic Essence,questiedb-foreverBaseItem.lua
11137,Vision Dust,questiedb-foreverBaseItem.lua
11138,Small Glowing Shard,questiedb-foreverBaseItem.lua
11139,Large Glowing Shard,questiedb-foreverBaseItem.lua
11148,Samophlange Manual Page,questiedb-foreverBaseItem.lua
11174,Lesser Nether Essence,questiedb-foreverBaseItem.lua
11175,Greater Nether Essence,questiedb-foreverBaseItem.lua
11176,Dream Dust,questiedb-foreverBaseItem.lua
11177,Small Radiant Shard,questiedb-foreverBaseItem.lua
11178,Large Radiant Shard,questiedb-foreverBaseItem.lua
11187,Stemleaf Bracers,wowhead_forever_gearplanner.txt
11189,Woodland Robes,wowhead_forever_gearplanner.txt
11190,Viny Gloves,wowhead_forever_gearplanner.txt
11191,Farmer's Boots,wowhead_forever_gearplanner.txt
11192,Outfitter Gloves,wowhead_forever_gearplanner.txt
11193,Blazewind Breastplate,wowhead_forever_gearplanner.txt
11194,Prismscale Hauberk,wowhead_forever_gearplanner.txt
11195,Warforged Chestplate,wowhead_forever_gearplanner.txt
11196,Mindburst Medallion,wowhead_forever_gearplanner.txt
11197,Dark Keeper Key,questiedb-foreverBaseItem.lua
11199,Engineer's Shield 1,wowhead_forever_gearplanner.txt
11200,Engineer's Shield 2,wowhead_forever_gearplanner.txt
11201,Engineer's Shield 3,wowhead_forever_gearplanner.txt
11229,Brightscale Girdle,wowhead_forever_gearplanner.txt
11262,Orb of Lorica,wowhead_forever_gearplanner.txt
11263,Nether Force Wand,wowhead_forever_gearplanner.txt
11265,Cragwood Maul,wowhead_forever_gearplanner.txt
11266,Fractured Elemental Shard,questiedb-foreverBaseItem.lua
11284,Accurate Slugs,questiedb-foreverBaseItem.lua
11285,Jagged Arrow,questiedb-foreverBaseItem.lua
11287,Lesser Magic Wand,wowhead_forever_gearplanner.txt
11288,Greater Magic Wand,wowhead_forever_gearplanner.txt
11289,Lesser Mystic Wand,wowhead_forever_gearplanner.txt
11291,Star Wood,questiedb-foreverBaseItem.lua
11302,Uther's Strength,wowhead_forever_gearplanner.txt
11303,Fine Shortbow,questiedb-foreverBaseItem.lua
11304,Fine Longbow,wowhead_forever_gearplanner.txt
11305,Dense Shortbow,wowhead_forever_gearplanner.txt
11306,Sturdy Recurve,wowhead_forever_gearplanner.txt
11307,Massive Longbow,wowhead_forever_gearplanner.txt
11308,Sylvan Shortbow,wowhead_forever_gearplanner.txt
11325,Dark Iron Ale Mug,questiedb-foreverBaseItem.lua
11362,Medium Quiver,questiedb-foreverBaseItem.lua
11363,Medium Shot Pouch,wowhead_forever_gearplanner.txt
11382,Blood of the Mountain,questiedb-foreverBaseItem.lua
11405,Giant Silver Vein,questiedb-foreverBaseItem.lua
11411,Large Bear Bone,wowhead_forever_gearplanner.txt
11413,Nagmara's Filled Vial,questiedb-foreverBaseItem.lua
11467,Blackrock Medallion,questiedb-foreverBaseItem.lua
11468,Dark Iron Fanny Pack,questiedb-foreverBaseItem.lua
11469,Bloodband Bracers,questiedb-foreverBaseItem.lua
11475,Wine-stained Cloak,wowhead_forever_gearplanner.txt
11478,Un'Goro Gorilla Pelt,questiedb-foreverBaseItem.lua
11502,Loreskin Shoulders,wowhead_forever_gearplanner.txt
11508,Gamemaster's Slippers,wowhead_forever_gearplanner.txt
11522,Silver Totem of Aquementas,wowhead_forever_gearplanner.txt
11590,Mechanical Repair Kit,questiedb-foreverBaseItem.lua
11602,Grim Guzzler Key,questiedb-foreverBaseItem.lua
11604,Dark Iron Plate,wowhead_forever_gearplanner.txt
11605,Dark Iron Shoulders,wowhead_forever_gearplanner.txt
11606,Dark Iron Mail,wowhead_forever_gearplanner.txt
11607,Dark Iron Sunderer,wowhead_forever_gearplanner.txt
11608,Dark Iron Pulverizer,wowhead_forever_gearplanner.txt
11623,Spritecaster Cape,wowhead_forever_gearplanner.txt
11627,Fleetfoot Greaves,wowhead_forever_gearplanner.txt
11628,Houndmaster's Bow,wowhead_forever_gearplanner.txt
11631,Stoneshell Guard,wowhead_forever_gearplanner.txt
11632,Earthslag Shoulders,wowhead_forever_gearplanner.txt
11633,Spiderfang Carapace,wowhead_forever_gearplanner.txt
11726,Savage Gladiator Chain,wowhead_forever_gearplanner.txt
11728,Savage Gladiator Leggings,wowhead_forever_gearplanner.txt
11729,Savage Gladiator Helm,wowhead_forever_gearplanner.txt
11730,Savage Gladiator Grips,wowhead_forever_gearplanner.txt
11731,Savage Gladiator Greaves,wowhead_forever_gearplanner.txt
11735,Ragefury Eyepatch,wowhead_forever_gearplanner.txt
11745,Fists of Phalanx,wowhead_forever_gearplanner.txt
11746,Golem Skull Helm,wowhead_forever_gearplanner.txt
11747,Flamestrider Robes,wowhead_forever_gearplanner.txt
11748,Pyric Caduceus,wowhead_forever_gearplanner.txt
11749,Searingscale Leggings,wowhead_forever_gearplanner.txt
11750,Kindling Stave,wowhead_forever_gearplanner.txt
11764,Cinderhide Armsplints,wowhead_forever_gearplanner.txt
11765,Pyremail Wristguards,wowhead_forever_gearplanner.txt
11811,Smoking Heart of the Mountain,wowhead_forever_gearplanner.txt
11817,Lord General's Sword,wowhead_forever_gearplanner.txt
11821,Warstrife Leggings,wowhead_forever_gearplanner.txt
11822,Omnicast Boots,wowhead_forever_gearplanner.txt
11823,Luminary Kilt,wowhead_forever_gearplanner.txt
11825,Pet Bombling,questiedb-foreverBaseItem.lua
11826,Lil' Smoky,questiedb-foreverBaseItem.lua
11837,Gorishi Scent Gland,questiedb-foreverBaseItem.lua
11840,Master Builder's Shirt,wowhead_forever_gearplanner.txt
11841,Senior Designer's Pantaloons,wowhead_forever_gearplanner.txt
11847,Battered Cloak,wowhead_forever_gearplanner.txt
11848,Flax Belt,wowhead_forever_gearplanner.txt
11849,Rustmetal Bracers,wowhead_forever_gearplanner.txt
11850,Short Duskbat Cape,wowhead_forever_gearplanner.txt
11851,Scavenger Tunic,wowhead_forever_gearplanner.txt
11852,Roamer's Leggings,wowhead_forever_gearplanner.txt
11853,Rambling Boots,wowhead_forever_gearplanner.txt
11854,Samophlange Screwdriver,wowhead_forever_gearplanner.txt
11855,Tork Wrench,wowhead_forever_gearplanner.txt
11856,Ceremonial Elven Blade,wowhead_forever_gearplanner.txt
11857,Sanctimonial Rod,wowhead_forever_gearplanner.txt
11858,Battlehard Cape,wowhead_forever_gearplanner.txt
11859,Jademoon Orb,wowhead_forever_gearplanner.txt
11860,Charged Lightning Rod,wowhead_forever_gearplanner.txt
11861,Girdle of Reprisal,wowhead_forever_gearplanner.txt
11862,White Bone Band,wowhead_forever_gearplanner.txt
11863,White Bone Shredder,wowhead_forever_gearplanner.txt
11864,White Bone Spear,wowhead_forever_gearplanner.txt
11865,Rancor Boots,wowhead_forever_gearplanner.txt
11867,Maddening Gauntlets,wowhead_forever_gearplanner.txt
11868,Choking Band,wowhead_forever_gearplanner.txt
11869,Sha'ni's Ring,wowhead_forever_gearplanner.txt
11870,Oblivion Orb,wowhead_forever_gearplanner.txt
11871,Snarkshaw Spaulders,wowhead_forever_gearplanner.txt
11872,Eschewal Greaves,wowhead_forever_gearplanner.txt
11873,Ethereal Mist Cape,wowhead_forever_gearplanner.txt
11874,Clouddrift Mantle,wowhead_forever_gearplanner.txt
11875,Breezecloud Bracers,wowhead_forever_gearplanner.txt
11876,Plainstalker Tunic,wowhead_forever_gearplanner.txt
11882,Outrider Leggings,wowhead_forever_gearplanner.txt
11884,Moonlit Amice,wowhead_forever_gearplanner.txt
11885,Shadowforge Torch,questiedb-foreverBaseItem.lua
11888,Quintis' Research Gloves,wowhead_forever_gearplanner.txt
11889,Bark Iron Pauldrons,wowhead_forever_gearplanner.txt
11902,Linken's Sword of Mastery,wowhead_forever_gearplanner.txt
11904,Spirit of Aquementas,wowhead_forever_gearplanner.txt
11905,Linken's Boomerang,wowhead_forever_gearplanner.txt
11906,Beastsmasher,wowhead_forever_gearplanner.txt
11907,Beastslayer,wowhead_forever_gearplanner.txt
11908,Archaeologist's Quarry Boots,wowhead_forever_gearplanner.txt
11909,Excavator's Utility Belt,wowhead_forever_gearplanner.txt
11910,Bejeweled Legguards,wowhead_forever_gearplanner.txt
11911,Treetop Leggings,wowhead_forever_gearplanner.txt
11913,Clayridge Helm,wowhead_forever_gearplanner.txt
11914,Empty Cursed Ooze Jar,questiedb-foreverBaseItem.lua
11915,Shizzle's Drizzle Blocker,wowhead_forever_gearplanner.txt
11916,Shizzle's Muzzle,wowhead_forever_gearplanner.txt
11917,Shizzle's Nozzle Wiper,wowhead_forever_gearplanner.txt
11918,Grotslab Gloves,wowhead_forever_gearplanner.txt
11919,Cragplate Greaves,wowhead_forever_gearplanner.txt
11936,Relic Hunter Belt,wowhead_forever_gearplanner.txt
11945,Dark Iron Ring,wowhead_forever_gearplanner.txt
11946,Fire Opal Necklace,wowhead_forever_gearplanner.txt
11948,Empty Tainted Ooze Jar,questiedb-foreverBaseItem.lua
11950,Windblossom Berries,questiedb-foreverBaseItem.lua
11952,Night Dragon's Breath,questiedb-foreverBaseItem.lua
11953,Empty Pure Sample Jar,questiedb-foreverBaseItem.lua
11963,Penance Spaulders,wowhead_forever_gearplanner.txt
11964,Swiftstrike Cudgel,wowhead_forever_gearplanner.txt
11965,Quartz Ring,wowhead_forever_gearplanner.txt
11967,Zircon Band,wowhead_forever_gearplanner.txt
11968,Amber Hoop,wowhead_forever_gearplanner.txt
11969,Jacinth Circle,wowhead_forever_gearplanner.txt
11970,Spinel Ring,wowhead_forever_gearplanner.txt
11971,Amethyst Band,wowhead_forever_gearplanner.txt
11972,Carnelian Loop,wowhead_forever_gearplanner.txt
11973,Hematite Link,wowhead_forever_gearplanner.txt
11974,Aquamarine Ring,wowhead_forever_gearplanner.txt
11975,Topaz Ring,wowhead_forever_gearplanner.txt
11976,Sardonyx Knuckle,wowhead_forever_gearplanner.txt
11977,Serpentine Loop,wowhead_forever_gearplanner.txt
11978,Jasper Link,wowhead_forever_gearplanner.txt
11979,Peridot Circle,wowhead_forever_gearplanner.txt
11980,Opal Ring,wowhead_forever_gearplanner.txt
11981,Lead Band,questiedb-foreverBaseItem.lua
11982,Viridian Band,wowhead_forever_gearplanner.txt
11983,Chrome Ring,wowhead_forever_gearplanner.txt
11984,Cobalt Ring,wowhead_forever_gearplanner.txt
11985,Cerulean Ring,wowhead_forever_gearplanner.txt
11986,Thallium Hoop,wowhead_forever_gearplanner.txt
11987,Iridium Circle,questiedb-foreverBaseItem.lua
11988,Tellurium Band,wowhead_forever_gearplanner.txt
11989,Vanadium Loop,wowhead_forever_gearplanner.txt
11990,Selenium Loop,wowhead_forever_gearplanner.txt
11991,Quicksilver Ring,wowhead_forever_gearplanner.txt
11992,Vermilion Band,wowhead_forever_gearplanner.txt
11993,Clay Ring,wowhead_forever_gearplanner.txt
11994,Coral Band,wowhead_forever_gearplanner.txt
11995,Ivory Band,wowhead_forever_gearplanner.txt
11996,Basalt Ring,wowhead_forever_gearplanner.txt
11997,Greenstone Circle,wowhead_forever_gearplanner.txt
11998,Jet Loop,wowhead_forever_gearplanner.txt
11999,Lodestone Hoop,questiedb-foreverBaseItem.lua
12000,Limb Cleaver,wowhead_forever_gearplanner.txt
12001,Onyx Ring,wowhead_forever_gearplanner.txt
12002,Marble Circle,wowhead_forever_gearplanner.txt
12004,Obsidian Band,wowhead_forever_gearplanner.txt
12005,Granite Ring,wowhead_forever_gearplanner.txt
12006,Meadow Ring,wowhead_forever_gearplanner.txt
12007,Prairie Ring,wowhead_forever_gearplanner.txt
12008,Savannah Ring,wowhead_forever_gearplanner.txt
12009,Tundra Ring,wowhead_forever_gearplanner.txt
12010,Fen Ring,wowhead_forever_gearplanner.txt
12011,Forest Hoop,wowhead_forever_gearplanner.txt
12012,Marsh Ring,wowhead_forever_gearplanner.txt
12013,Desert Ring,wowhead_forever_gearplanner.txt
12014,Arctic Ring,wowhead_forever_gearplanner.txt
12015,Swamp Ring,wowhead_forever_gearplanner.txt
12016,Jungle Ring,wowhead_forever_gearplanner.txt
12017,Prismatic Band,wowhead_forever_gearplanner.txt
12018,Conservator Helm,wowhead_forever_gearplanner.txt
12019,Cerulean Talisman,wowhead_forever_gearplanner.txt
12020,Thallium Choker,wowhead_forever_gearplanner.txt
12021,Shieldplate Sabatons,wowhead_forever_gearplanner.txt
12022,Iridium Chain,wowhead_forever_gearplanner.txt
12023,Tellurium Necklace,wowhead_forever_gearplanner.txt
12024,Vanadium Talisman,wowhead_forever_gearplanner.txt
12025,Selenium Chain,wowhead_forever_gearplanner.txt
12026,Quicksilver Pendant,wowhead_forever_gearplanner.txt
12027,Vermilion Necklace,wowhead_forever_gearplanner.txt
12028,Basalt Necklace,wowhead_forever_gearplanner.txt
12029,Greenstone Talisman,wowhead_forever_gearplanner.txt
12030,Jet Chain,questiedb-foreverBaseItem.lua
12031,Lodestone Necklace,wowhead_forever_gearplanner.txt
12032,Onyx Choker,wowhead_forever_gearplanner.txt
12034,Marble Necklace,wowhead_forever_gearplanner.txt
12035,Obsidian Pendant,wowhead_forever_gearplanner.txt
12036,Granite Necklace,wowhead_forever_gearplanner.txt
12039,Tundra Necklace,questiedb-foreverBaseItem.lua
12040,Forest Pendant,wowhead_forever_gearplanner.txt
12041,Windshear Leggings,wowhead_forever_gearplanner.txt
12042,Marsh Chain,wowhead_forever_gearplanner.txt
12043,Desert Choker,wowhead_forever_gearplanner.txt
12044,Arctic Pendant,wowhead_forever_gearplanner.txt
12045,Swamp Pendant,wowhead_forever_gearplanner.txt
12046,Jungle Necklace,wowhead_forever_gearplanner.txt
12047,Spectral Necklace,wowhead_forever_gearplanner.txt
12048,Prismatic Pendant,wowhead_forever_gearplanner.txt
12049,Splintsteel Armor,wowhead_forever_gearplanner.txt
12050,Hazecover Boots,wowhead_forever_gearplanner.txt
12051,Brazen Gauntlets,wowhead_forever_gearplanner.txt
12052,Ring of the Moon,wowhead_forever_gearplanner.txt
12053,Volcanic Rock Ring,questiedb-foreverBaseItem.lua
12054,Demon Band,wowhead_forever_gearplanner.txt
12055,Stardust Band,wowhead_forever_gearplanner.txt
12056,Ring of the Heavens,wowhead_forever_gearplanner.txt
12057,Dragonscale Band,wowhead_forever_gearplanner.txt
12058,Demonic Bone Ring,wowhead_forever_gearplanner.txt
12061,Blade of Reckoning,wowhead_forever_gearplanner.txt
12062,Skilled Fighting Blade,wowhead_forever_gearplanner.txt
12064,Gamemaster Hood,wowhead_forever_gearplanner.txt
12102,Ring of the Aristocrat,wowhead_forever_gearplanner.txt
12104,Brindlethorn Tunic,wowhead_forever_gearplanner.txt
12105,Pridemail Leggings,wowhead_forever_gearplanner.txt
12106,Boulderskin Breastplate,wowhead_forever_gearplanner.txt
12107,Whispersilk Leggings,wowhead_forever_gearplanner.txt
12143,Dragonspine Key,questiedb-foreverBaseItem.lua
12185,Bloodsail Admiral's Hat,questiedb-foreverBaseItem.lua
12210,Roast Raptor,questiedb-foreverBaseItem.lua
12212,Jungle Stew,questiedb-foreverBaseItem.lua
12213,Carrion Surprise,questiedb-foreverBaseItem.lua
12214,Mystery Stew,questiedb-foreverBaseItem.lua
12215,Heavy Kodo Stew,questiedb-foreverBaseItem.lua
12216,Spiced Chili Crab,questiedb-foreverBaseItem.lua
12217,Dragonbreath Chili,questiedb-foreverBaseItem.lua
12218,Monster Omelet,questiedb-foreverBaseItem.lua
12224,Crispy Bat Wing,questiedb-foreverBaseItem.lua
12225,Blump Family Fishing Pole,wowhead_forever_gearplanner.txt
12230,Felwood Slime Sample,questiedb-foreverBaseItem.lua
12243,Smoldering Claw,wowhead_forever_gearplanner.txt
12247,Broad Bladed Knife,wowhead_forever_gearplanner.txt
12248,Daring Dirk,wowhead_forever_gearplanner.txt
12249,Merciless Axe,wowhead_forever_gearplanner.txt
12250,Midnight Axe,wowhead_forever_gearplanner.txt
12251,Big Stick,wowhead_forever_gearplanner.txt
12252,Staff of Protection,wowhead_forever_gearplanner.txt
12253,Brilliant Red Cloak,wowhead_forever_gearplanner.txt
12254,Well Oiled Cloak,wowhead_forever_gearplanner.txt
12255,Pale Leggings,wowhead_forever_gearplanner.txt
12256,Cindercloth Leggings,wowhead_forever_gearplanner.txt
12257,Heavy Notched Belt,wowhead_forever_gearplanner.txt
12258,Serpent Clasp Belt,wowhead_forever_gearplanner.txt
12259,Glinting Steel Dagger,wowhead_forever_gearplanner.txt
12260,Searing Golden Blade,wowhead_forever_gearplanner.txt
12282,Worn Battleaxe,wowhead_forever_gearplanner.txt
12295,Leggings of the People's Militia,wowhead_forever_gearplanner.txt
12296,Spark of the People's Militia,wowhead_forever_gearplanner.txt
12299,Netted Gloves,wowhead_forever_gearplanner.txt
12301,Bamboo Cage Key,questiedb-foreverBaseItem.lua
12334,Frostmaul Shards,questiedb-foreverBaseItem.lua
12361,Blue Sapphire,questiedb-foreverBaseItem.lua
12363,Arcane Crystal,questiedb-foreverBaseItem.lua
12364,Huge Emerald,questiedb-foreverBaseItem.lua
12405,Thorium Armor,wowhead_forever_gearplanner.txt
12406,Thorium Belt,wowhead_forever_gearplanner.txt
12408,Thorium Bracers,wowhead_forever_gearplanner.txt
12409,Thorium Boots,wowhead_forever_gearplanner.txt
12410,Thorium Helm,wowhead_forever_gearplanner.txt
12414,Thorium Leggings,wowhead_forever_gearplanner.txt
12415,Radiant Breastplate,wowhead_forever_gearplanner.txt
12416,Radiant Belt,wowhead_forever_gearplanner.txt
12417,Radiant Circlet,questiedb-foreverBaseItem.lua
12418,Radiant Gloves,wowhead_forever_gearplanner.txt
12419,Radiant Boots,wowhead_forever_gearplanner.txt
12420,Radiant Leggings,wowhead_forever_gearplanner.txt
12422,Imperial Plate Chest,questiedb-foreverBaseItem.lua
12424,Imperial Plate Belt,wowhead_forever_gearplanner.txt
12425,Imperial Plate Bracers,wowhead_forever_gearplanner.txt
12426,Imperial Plate Boots,wowhead_forever_gearplanner.txt
12427,Imperial Plate Helm,wowhead_forever_gearplanner.txt
12428,Imperial Plate Shoulders,wowhead_forever_gearplanner.txt
12429,Imperial Plate Leggings,wowhead_forever_gearplanner.txt
12446,Anvilmar Musket,wowhead_forever_gearplanner.txt
12447,Thistlewood Bow,wowhead_forever_gearplanner.txt
12448,Light Hunting Rifle,wowhead_forever_gearplanner.txt
12449,Primitive Bow,wowhead_forever_gearplanner.txt
12465,Nightfall Drape,wowhead_forever_gearplanner.txt
12466,Dawnspire Cord,wowhead_forever_gearplanner.txt
12468,Chilton Wand,wowhead_forever_gearplanner.txt
12470,Sandstalker Ankleguards,wowhead_forever_gearplanner.txt
12522,Bingles' Flying Gloves,wowhead_forever_gearplanner.txt
12524,Blue-feathered Amulet,questiedb-foreverBaseItem.lua
12533,Roughshod Pike,questiedb-foreverBaseItem.lua
12565,Winna's Kitten Carrier,questiedb-foreverBaseItem.lua
12584,Grand Marshal's Longsword,wowhead_forever_gearplanner.txt
12586,Immature Venom Sac,questiedb-foreverBaseItem.lua
12602,Draconian Deflector,wowhead_forever_gearplanner.txt
12607,Brilliant Chromatic Scale,questiedb-foreverBaseItem.lua
12610,Runic Plate Shoulders,wowhead_forever_gearplanner.txt
12611,Runic Plate Boots,wowhead_forever_gearplanner.txt
12612,Runic Plate Helm,wowhead_forever_gearplanner.txt
12613,Runic Breastplate,wowhead_forever_gearplanner.txt
12614,Runic Plate Leggings,wowhead_forever_gearplanner.txt
12615,Savage Mail Tunic,wowhead_forever_gearplanner.txt
12616,Savage Mail Boots,wowhead_forever_gearplanner.txt
12617,Savage Mail Shoulders,wowhead_forever_gearplanner.txt
12618,Enchanted Thorium Breastplate,wowhead_forever_gearplanner.txt
12619,Enchanted Thorium Leggings,wowhead_forever_gearplanner.txt
12620,Enchanted Thorium Helm,wowhead_forever_gearplanner.txt
12622,Shardtooth Meat,questiedb-foreverBaseItem.lua
12624,Wildthorn Mail,wowhead_forever_gearplanner.txt
12625,Dawnbringer Shoulders,wowhead_forever_gearplanner.txt
12628,Demon Forged Breastplate,wowhead_forever_gearplanner.txt
12631,Fiery Plate Gauntlets,wowhead_forever_gearplanner.txt
12632,Storm Gauntlets,wowhead_forever_gearplanner.txt
12633,Whitesoul Helm,wowhead_forever_gearplanner.txt
12636,Helm of the Great Chief,wowhead_forever_gearplanner.txt
12639,Stronghold Gauntlets,wowhead_forever_gearplanner.txt
12640,Lionheart Helm,wowhead_forever_gearplanner.txt
12641,Invulnerable Mail,wowhead_forever_gearplanner.txt
12650,Attuned Dampener,questiedb-foreverBaseItem.lua
12651,Blackcrow,wowhead_forever_gearplanner.txt
12691,Pattern: Wildthorn Mail,questiedb-foreverBaseItem.lua
12703,Pattern: Storm Gauntlets,questiedb-foreverBaseItem.lua
12712,Warosh's Mojo,questiedb-foreverBaseItem.lua
12716,Pattern: Helm of the Great Chief,questiedb-foreverBaseItem.lua
12728,Pattern: Invulnerable Mail,questiedb-foreverBaseItem.lua
12762,Secrecy of Plans,questiedb-foreverBaseItem.lua
12764,Thorium Greatsword,wowhead_forever_gearplanner.txt
12769,Bleakwood Hew,wowhead_forever_gearplanner.txt
12772,Inlaid Thorium Hammer,wowhead_forever_gearplanner.txt
12773,Ornate Thorium Handaxe,wowhead_forever_gearplanner.txt
12774,Dawn's Edge,wowhead_forever_gearplanner.txt
12775,Huge Thorium Battleaxe,questiedb-foreverBaseItem.lua
12776,Enchanted Battlehammer,wowhead_forever_gearplanner.txt
12777,Blazing Rapier,wowhead_forever_gearplanner.txt
12778,Document Chest,questiedb-foreverBaseItem.lua
12781,Serenity,wowhead_forever_gearplanner.txt
12782,Corruption,wowhead_forever_gearplanner.txt
12783,Heartseeker,wowhead_forever_gearplanner.txt
12784,Arcanite Reaper,wowhead_forever_gearplanner.txt
12790,Arcanite Champion,wowhead_forever_gearplanner.txt
12792,Volcanic Hammer,wowhead_forever_gearplanner.txt
12794,Masterwork Stormhammer,wowhead_forever_gearplanner.txt
12795,Blood Talon,wowhead_forever_gearplanner.txt
12796,Hammer of the Titans,wowhead_forever_gearplanner.txt
12797,Frostguard,wowhead_forever_gearplanner.txt
12798,Annihilator,wowhead_forever_gearplanner.txt
12799,Large Opal,questiedb-foreverBaseItem.lua
12800,Azerothian Diamond,questiedb-foreverBaseItem.lua
12802,Darkspear,wowhead_forever_gearplanner.txt
12805,Orb of Fire,wowhead_forever_gearplanner.txt
12846,Argent Dawn Commission,wowhead_forever_gearplanner.txt
12884,Arnak's Hoof,questiedb-foreverBaseItem.lua
12885,Pamela's Doll,questiedb-foreverBaseItem.lua
12886,Pamela's Doll's Head,questiedb-foreverBaseItem.lua
12894,Joseph's Wedding Ring,questiedb-foreverBaseItem.lua
12904,Shawn's Super Special Swami Hat,wowhead_forever_gearplanner.txt
12922,Empty Canteen,questiedb-foreverBaseItem.lua
12924,Ritual Candle,questiedb-foreverBaseItem.lua
12952,Gyth's Skull,wowhead_forever_gearplanner.txt
12974,The Black Knight,wowhead_forever_gearplanner.txt
12975,Prospector Axe,wowhead_forever_gearplanner.txt
12976,Ironpatch Blade,wowhead_forever_gearplanner.txt
12977,Magefist Gloves,wowhead_forever_gearplanner.txt
12978,Stormbringer Belt,questiedb-foreverBaseItem.lua
12979,Firebane Cloak,wowhead_forever_gearplanner.txt
12982,Silver-linked Footguards,wowhead_forever_gearplanner.txt
12983,Rakzur Club,wowhead_forever_gearplanner.txt
12984,Skycaller,questiedb-foreverBaseItem.lua
12985,Ring of Defense,wowhead_forever_gearplanner.txt
12986,"Monster - Spear, Broad Notched",wowhead_forever_gearplanner.txt
12987,Darkweave Breeches,wowhead_forever_gearplanner.txt
12988,Starsight Tunic,questiedb-foreverBaseItem.lua
12989,Gargoyle's Bite,questiedb-foreverBaseItem.lua
12990,Razor's Edge,wowhead_forever_gearplanner.txt
12992,Searing Blade,questiedb-foreverBaseItem.lua
12994,Thorbia's Gauntlets,wowhead_forever_gearplanner.txt
12996,Band of Purification,wowhead_forever_gearplanner.txt
12997,Redbeard Crest,wowhead_forever_gearplanner.txt
12998,Magician's Mantle,questiedb-foreverBaseItem.lua
12999,Drakewing Bands,wowhead_forever_gearplanner.txt
13000,Staff of Hale Magefire,wowhead_forever_gearplanner.txt
13002,Lady Alizabeth's Pendant,questiedb-foreverBaseItem.lua
13003,Lord Alexander's Battle Axe,wowhead_forever_gearplanner.txt
13004,Torch of Austen,wowhead_forever_gearplanner.txt
13005,Amy's Blanket,wowhead_forever_gearplanner.txt
13006,Mass of McGowan,wowhead_forever_gearplanner.txt
13007,Mageflame Cloak,wowhead_forever_gearplanner.txt
13008,Dalewind Trousers,wowhead_forever_gearplanner.txt
13009,Cow King's Hide,wowhead_forever_gearplanner.txt
13010,Dreamsinger Legguards,wowhead_forever_gearplanner.txt
13011,Silver-lined Belt,wowhead_forever_gearplanner.txt
13012,Yorgen Bracers,wowhead_forever_gearplanner.txt
13013,Elder Wizard's Mantle,wowhead_forever_gearplanner.txt
13014,Axe of Rin'ji,wowhead_forever_gearplanner.txt
13015,Serathil,wowhead_forever_gearplanner.txt
13016,Killmaim,wowhead_forever_gearplanner.txt
13017,Hellslayer Battle Axe,wowhead_forever_gearplanner.txt
13018,Executioner's Cleaver,wowhead_forever_gearplanner.txt
13019,Harpyclaw Short Bow,wowhead_forever_gearplanner.txt
13020,Skystriker Bow,wowhead_forever_gearplanner.txt
13021,Needle Threader,wowhead_forever_gearplanner.txt
13022,Gryphonwing Long Bow,wowhead_forever_gearplanner.txt
13023,Eaglehorn Long Bow,wowhead_forever_gearplanner.txt
13024,Beazel's Basher,wowhead_forever_gearplanner.txt
13025,Deadwood Sledge,wowhead_forever_gearplanner.txt
13026,Heaven's Light,wowhead_forever_gearplanner.txt
13027,Bonesnapper,wowhead_forever_gearplanner.txt
13028,Bludstone Hammer,wowhead_forever_gearplanner.txt
13029,Umbral Crystal,wowhead_forever_gearplanner.txt
13030,Basilisk Bone,wowhead_forever_gearplanner.txt
13031,Orb of Mistmantle,wowhead_forever_gearplanner.txt
13032,Sword of Corruption,wowhead_forever_gearplanner.txt
13033,Zealot Blade,wowhead_forever_gearplanner.txt
13034,Speedsteel Rapier,wowhead_forever_gearplanner.txt
13035,Serpent Slicer,wowhead_forever_gearplanner.txt
13036,Assassination Blade,wowhead_forever_gearplanner.txt
13037,Crystalpine Stinger,wowhead_forever_gearplanner.txt
13038,Swiftwind,wowhead_forever_gearplanner.txt
13039,Skull Splitting Crossbow,wowhead_forever_gearplanner.txt
13040,Heartseeking Crossbow,wowhead_forever_gearplanner.txt
13041,Guardian Blade,wowhead_forever_gearplanner.txt
13042,Sword of the Magistrate,wowhead_forever_gearplanner.txt
13043,Blade of the Titans,wowhead_forever_gearplanner.txt
13044,Demonslayer,wowhead_forever_gearplanner.txt
13045,Viscous Hammer,wowhead_forever_gearplanner.txt
13046,Blanchard's Stout,wowhead_forever_gearplanner.txt
13047,Twig of the World Tree,wowhead_forever_gearplanner.txt
13048,Looming Gavel,wowhead_forever_gearplanner.txt
13049,Deanship Claymore,wowhead_forever_gearplanner.txt
13051,Witchfury,wowhead_forever_gearplanner.txt
13052,Warmonger,wowhead_forever_gearplanner.txt
13053,Doombringer,wowhead_forever_gearplanner.txt
13054,Grim Reaper,wowhead_forever_gearplanner.txt
13055,Bonechewer,wowhead_forever_gearplanner.txt
13056,Frenzied Striker,wowhead_forever_gearplanner.txt
13057,Bloodpike,wowhead_forever_gearplanner.txt
13058,Khoo's Point,wowhead_forever_gearplanner.txt
13059,Stoneraven,wowhead_forever_gearplanner.txt
13060,The Needler,wowhead_forever_gearplanner.txt
13062,Thunderwood,wowhead_forever_gearplanner.txt
13063,Starfaller,questiedb-foreverBaseItem.lua
13064,Jaina's Firestarter,wowhead_forever_gearplanner.txt
13065,Wand of Allistarj,wowhead_forever_gearplanner.txt
13066,Wyrmslayer Spaulders,wowhead_forever_gearplanner.txt
13067,Hydralick Armor,wowhead_forever_gearplanner.txt
13068,Obsidian Greaves,wowhead_forever_gearplanner.txt
13070,Sapphiron's Scale Boots,wowhead_forever_gearplanner.txt
13071,Plated Fist of Hakoo,wowhead_forever_gearplanner.txt
13072,Stonegrip Gauntlets,wowhead_forever_gearplanner.txt
13073,Mugthol's Helm,wowhead_forever_gearplanner.txt
13074,Golem Shard Leggings,wowhead_forever_gearplanner.txt
13075,Direwing Legguards,wowhead_forever_gearplanner.txt
13076,Giantslayer Bracers,wowhead_forever_gearplanner.txt
13077,Girdle of Uther,wowhead_forever_gearplanner.txt
13079,Shield of Thorsen,wowhead_forever_gearplanner.txt
13080,Widow's Clutch,wowhead_forever_gearplanner.txt
13081,Skullance Shield,wowhead_forever_gearplanner.txt
13082,Mountainside Buckler,wowhead_forever_gearplanner.txt
13083,Garrett Family Crest,wowhead_forever_gearplanner.txt
13084,Kaleidoscope Chain,wowhead_forever_gearplanner.txt
13085,Horizon Choker,wowhead_forever_gearplanner.txt
13087,River Pride Choker,wowhead_forever_gearplanner.txt
13088,Gazlowe's Charm,wowhead_forever_gearplanner.txt
13089,Skibi's Pendant,wowhead_forever_gearplanner.txt
13090,Breastplate of the Chosen,wowhead_forever_gearplanner.txt
13091,Medallion of Grand Marshal Morris,wowhead_forever_gearplanner.txt
13093,Blush Ember Ring,wowhead_forever_gearplanner.txt
13094,The Queen's Jewel,wowhead_forever_gearplanner.txt
13095,Assault Band,wowhead_forever_gearplanner.txt
13096,Band of the Hierophant,wowhead_forever_gearplanner.txt
13097,Thunderbrow Ring,wowhead_forever_gearplanner.txt
13099,Moccasins of the White Hare,wowhead_forever_gearplanner.txt
13100,Furen's Boots,wowhead_forever_gearplanner.txt
13101,Wolfrunner Shoes,wowhead_forever_gearplanner.txt
13102,Cassandra's Grace,wowhead_forever_gearplanner.txt
13103,Pads of the Venom Spider,wowhead_forever_gearplanner.txt
13105,Sutarn's Ring,wowhead_forever_gearplanner.txt
13106,Glowing Magical Bracelets,wowhead_forever_gearplanner.txt
13107,Magiskull Cuffs,wowhead_forever_gearplanner.txt
13108,Tigerstrike Mantle,wowhead_forever_gearplanner.txt
13109,Blackflame Cape,wowhead_forever_gearplanner.txt
13110,Wolffear Harness,wowhead_forever_gearplanner.txt
13111,Sandals of the Insurgent,wowhead_forever_gearplanner.txt
13112,Winged Helm,wowhead_forever_gearplanner.txt
13113,Feathermoon Headdress,wowhead_forever_gearplanner.txt
13114,Troll's Bane Leggings,wowhead_forever_gearplanner.txt
13115,Sheepshear Mantle,wowhead_forever_gearplanner.txt
13116,Spaulders of the Unseen,wowhead_forever_gearplanner.txt
13117,Ogron's Sash,wowhead_forever_gearplanner.txt
13118,Serpentine Sash,wowhead_forever_gearplanner.txt
13119,Enchanted Kodo Bracers,wowhead_forever_gearplanner.txt
13120,Deepfury Bracers,wowhead_forever_gearplanner.txt
13121,Wing of the Whelpling,wowhead_forever_gearplanner.txt
13122,Dark Phantom Cape,wowhead_forever_gearplanner.txt
13123,Dreamwalker Armor,wowhead_forever_gearplanner.txt
13124,Ravasaur Scale Boots,wowhead_forever_gearplanner.txt
13125,Elven Chain Boots,wowhead_forever_gearplanner.txt
13126,Battlecaller Gauntlets,wowhead_forever_gearplanner.txt
13127,Frostreaver Crown,wowhead_forever_gearplanner.txt
13128,High Bergg Helm,wowhead_forever_gearplanner.txt
13129,Firemane Leggings,wowhead_forever_gearplanner.txt
13130,Windrunner Legguards,wowhead_forever_gearplanner.txt
13131,Sparkleshell Mantle,wowhead_forever_gearplanner.txt
13132,Skeletal Shoulders,wowhead_forever_gearplanner.txt
13134,Belt of the Gladiator,wowhead_forever_gearplanner.txt
13135,Lordly Armguards,wowhead_forever_gearplanner.txt
13136,Lil Timmy's Peashooter,wowhead_forever_gearplanner.txt
13137,Ironweaver,wowhead_forever_gearplanner.txt
13138,The Silencer,wowhead_forever_gearplanner.txt
13139,Guttbuster,wowhead_forever_gearplanner.txt
13142,Brigam Girdle,wowhead_forever_gearplanner.txt
13144,Serenity Belt,wowhead_forever_gearplanner.txt
13145,Enormous Ogre Belt,wowhead_forever_gearplanner.txt
13146,Shell Launcher Shotgun,wowhead_forever_gearplanner.txt
13149,Eldarathian Tome of Summoning Vol. 1,questiedb-foreverBaseItem.lua
13151,The Mystic Studies of Hor'ank,questiedb-foreverBaseItem.lua
13152,The Story With No Conclusion,questiedb-foreverBaseItem.lua
13153,Tome of Mal'cin Vorail,questiedb-foreverBaseItem.lua
13154,Jael'marin's Studies of the Arcane,questiedb-foreverBaseItem.lua
13155,Resonating Skull,questiedb-foreverBaseItem.lua
13156,Mystic Crystal,questiedb-foreverBaseItem.lua
13164,Heart of the Scale,wowhead_forever_gearplanner.txt
13171,Smokey's Lighter,wowhead_forever_gearplanner.txt
13174,Plagued Flesh Sample,questiedb-foreverBaseItem.lua
13199,Crushridge Bindings,wowhead_forever_gearplanner.txt
13216,Crown of the Penitent,wowhead_forever_gearplanner.txt
13217,Band of the Penitent,wowhead_forever_gearplanner.txt
13245,Kresh's Back,questiedb-foreverBaseItem.lua
13302,Market Row Postbox Key,questiedb-foreverBaseItem.lua
13303,Crusaders' Square Postbox Key,questiedb-foreverBaseItem.lua
13304,Festival Lane Postbox Key,questiedb-foreverBaseItem.lua
13305,Elders' Square Postbox Key,questiedb-foreverBaseItem.lua
13306,King's Square Postbox Key,questiedb-foreverBaseItem.lua
13307,Ezra Grimm's Postbox Key,questiedb-foreverBaseItem.lua
13308,Schematic: Ice Deflector,questiedb-foreverBaseItem.lua
13340,Cape of the Black Baron,wowhead_forever_gearplanner.txt
13342,Pet Fish,questiedb-foreverBaseItem.lua
13347,Crystal of Zin-Malor,wowhead_forever_gearplanner.txt
13367,Wrapped Gift,questiedb-foreverBaseItem.lua
13371,Father Flame,wowhead_forever_gearplanner.txt
13387,Foresight Girdle,wowhead_forever_gearplanner.txt
13397,Stoneskin Gargoyle Cape,wowhead_forever_gearplanner.txt
13400,Vambraces of the Sadist,wowhead_forever_gearplanner.txt
13402,Timmy's Galoshes,wowhead_forever_gearplanner.txt
13404,Mask of the Unforgiven,wowhead_forever_gearplanner.txt
13405,Wailing Nightbane Pauldrons,wowhead_forever_gearplanner.txt
13422,Stonescale Eel,questiedb-foreverBaseItem.lua
13423,Stonescale Oil,questiedb-foreverBaseItem.lua
13447,Elixir of the Sages,questiedb-foreverBaseItem.lua
13473,Felstone Good Luck Charm,wowhead_forever_gearplanner.txt
13474,Farmer Dalson's Shotgun,wowhead_forever_gearplanner.txt
13475,Dalson Family Wedding Ring,wowhead_forever_gearplanner.txt
13503,Alchemists' Stone,questiedb-foreverBaseItem.lua
13509,Clutch of Foresight,questiedb-foreverBaseItem.lua
13517,Recipe: Alchemists' Stone,questiedb-foreverBaseItem.lua
13562,Remains of Trey Lightforge,questiedb-foreverBaseItem.lua
13602,Greater Spellstone,wowhead_forever_gearplanner.txt
13603,Major Spellstone,wowhead_forever_gearplanner.txt
13699,Firestone,wowhead_forever_gearplanner.txt
13700,Greater Firestone,wowhead_forever_gearplanner.txt
13701,Major Firestone,wowhead_forever_gearplanner.txt
13703,Kodo Bone,questiedb-foreverBaseItem.lua
13738,[PH] Cloth Bracers of the Brilliant Dawn,wowhead_forever_gearplanner.txt
13739,[PH] Cloth Bracers of the Rising Dawn,wowhead_forever_gearplanner.txt
13740,[PH] Cloth Bracers of the Shining Dawn,wowhead_forever_gearplanner.txt
13757,Lightning Eel,questiedb-foreverBaseItem.lua
13761,Frozen Eggs,questiedb-foreverBaseItem.lua
13774,[PH] Cloth Leggings of the Brilliant Dawn,wowhead_forever_gearplanner.txt
13775,[PH] Cloth Leggings of the Rising Dawn,wowhead_forever_gearplanner.txt
13776,[PH] Cloth Leggings of the Shining Dawn,wowhead_forever_gearplanner.txt
13811,Necklace of the Dawn,wowhead_forever_gearplanner.txt
13812,Ring of the Dawn,wowhead_forever_gearplanner.txt
13813,Blessed Sunfruit Juice,questiedb-foreverBaseItem.lua
13816,Fine Longsword,wowhead_forever_gearplanner.txt
13817,Tapered Greatsword,wowhead_forever_gearplanner.txt
13818,Jagged Axe,wowhead_forever_gearplanner.txt
13819,Balanced War Axe,wowhead_forever_gearplanner.txt
13820,Clout Mace,wowhead_forever_gearplanner.txt
13821,Bulky Maul,wowhead_forever_gearplanner.txt
13822,Spiked Dagger,wowhead_forever_gearplanner.txt
13823,Stout War Staff,wowhead_forever_gearplanner.txt
13824,Recurve Long Bow,wowhead_forever_gearplanner.txt
13825,Primed Musket,wowhead_forever_gearplanner.txt
13853,Slab of Carrion Worm Meat,questiedb-foreverBaseItem.lua
13856,Runecloth Belt,wowhead_forever_gearplanner.txt
13857,Runecloth Tunic,wowhead_forever_gearplanner.txt
13858,Runecloth Robe,wowhead_forever_gearplanner.txt
13860,Runecloth Cloak,wowhead_forever_gearplanner.txt
13863,Runecloth Gloves,wowhead_forever_gearplanner.txt
13864,Runecloth Boots,questiedb-foreverBaseItem.lua
13865,Runecloth Pants,wowhead_forever_gearplanner.txt
13866,Runecloth Headband,wowhead_forever_gearplanner.txt
13867,Runecloth Shoulders,wowhead_forever_gearplanner.txt
13868,Frostweave Robe,wowhead_forever_gearplanner.txt
13869,Frostweave Tunic,wowhead_forever_gearplanner.txt
13870,Frostweave Gloves,wowhead_forever_gearplanner.txt
13871,Frostweave Pants,wowhead_forever_gearplanner.txt
13873,Viewing Room Key,questiedb-foreverBaseItem.lua
13874,Heavy Crate,questiedb-foreverBaseItem.lua
13881,Bloated Redgill,questiedb-foreverBaseItem.lua
13882,42 Pound Redgill,wowhead_forever_gearplanner.txt
13883,45 Pound Redgill,wowhead_forever_gearplanner.txt
13884,49 Pound Redgill,wowhead_forever_gearplanner.txt
13885,34 Pound Redgill,wowhead_forever_gearplanner.txt
13886,37 Pound Redgill,wowhead_forever_gearplanner.txt
13887,52 Pound Redgill,wowhead_forever_gearplanner.txt
13890,Raw Plated Armorfish,questiedb-foreverBaseItem.lua
13891,Bloated Whitescale Salmon,questiedb-foreverBaseItem.lua
13895,Formal Dangui,wowhead_forever_gearplanner.txt
13896,Dark Green Wedding Hanbok,wowhead_forever_gearplanner.txt
13897,White Traditional Hanbok,wowhead_forever_gearplanner.txt
13898,Royal Dangui,wowhead_forever_gearplanner.txt
13899,Red Traditional Hanbok,wowhead_forever_gearplanner.txt
13900,Green Wedding Hanbok,wowhead_forever_gearplanner.txt
13901,15 Pound Salmon,wowhead_forever_gearplanner.txt
13902,18 Pound Salmon,wowhead_forever_gearplanner.txt
13903,22 Pound Salmon,wowhead_forever_gearplanner.txt
13904,25 Pound Salmon,wowhead_forever_gearplanner.txt
13905,29 Pound Salmon,wowhead_forever_gearplanner.txt
13906,32 Pound Salmon,wowhead_forever_gearplanner.txt
13914,70 Pound Mightfish,wowhead_forever_gearplanner.txt
13915,85 Pound Mightfish,wowhead_forever_gearplanner.txt
13916,92 Pound Mightfish,wowhead_forever_gearplanner.txt
13917,103 Pound Mightfish,wowhead_forever_gearplanner.txt
13926,Golden Pearl,questiedb-foreverBaseItem.lua
14025,Mystic's Belt,questiedb-foreverBaseItem.lua
14042,Cindercloth Vest,wowhead_forever_gearplanner.txt
14043,Cindercloth Gloves,wowhead_forever_gearplanner.txt
14044,Cindercloth Cloak,wowhead_forever_gearplanner.txt
14045,Cindercloth Pants,wowhead_forever_gearplanner.txt
14046,Runecloth Bag,questiedb-foreverBaseItem.lua
14086,Beaded Sandals,questiedb-foreverBaseItem.lua
14087,Beaded Cuffs,questiedb-foreverBaseItem.lua
14088,Beaded Cloak,questiedb-foreverBaseItem.lua
14089,Beaded Gloves,questiedb-foreverBaseItem.lua
14090,Beaded Britches,questiedb-foreverBaseItem.lua
14091,Beaded Robe,questiedb-foreverBaseItem.lua
14093,Beaded Cord,questiedb-foreverBaseItem.lua
14094,Beaded Wraps,questiedb-foreverBaseItem.lua
14095,Native Bands,questiedb-foreverBaseItem.lua
14096,Native Vest,questiedb-foreverBaseItem.lua
14097,Native Pants,questiedb-foreverBaseItem.lua
14098,Native Cloak,questiedb-foreverBaseItem.lua
14099,Native Sash,questiedb-foreverBaseItem.lua
14100,Brightcloth Robe,wowhead_forever_gearplanner.txt
14101,Brightcloth Gloves,wowhead_forever_gearplanner.txt
14102,Native Handwraps,questiedb-foreverBaseItem.lua
14103,Brightcloth Cloak,wowhead_forever_gearplanner.txt
14104,Brightcloth Pants,wowhead_forever_gearplanner.txt
14106,Felcloth Robe,wowhead_forever_gearplanner.txt
14107,Felcloth Pants,wowhead_forever_gearplanner.txt
14108,Felcloth Boots,wowhead_forever_gearplanner.txt
14109,Native Robe,wowhead_forever_gearplanner.txt
14110,Native Sandals,questiedb-foreverBaseItem.lua
14111,Felcloth Hood,wowhead_forever_gearplanner.txt
14112,Felcloth Shoulders,wowhead_forever_gearplanner.txt
14113,Aboriginal Sash,wowhead_forever_gearplanner.txt
14114,Aboriginal Footwraps,wowhead_forever_gearplanner.txt
14115,Aboriginal Bands,questiedb-foreverBaseItem.lua
14116,Aboriginal Cape,questiedb-foreverBaseItem.lua
14117,Aboriginal Gloves,questiedb-foreverBaseItem.lua
14119,Aboriginal Loincloth,wowhead_forever_gearplanner.txt
14120,Aboriginal Robe,wowhead_forever_gearplanner.txt
14121,Aboriginal Vest,questiedb-foreverBaseItem.lua
14122,Ritual Bands,wowhead_forever_gearplanner.txt
14123,Ritual Cape,wowhead_forever_gearplanner.txt
14124,Ritual Gloves,questiedb-foreverBaseItem.lua
14125,Ritual Leggings,wowhead_forever_gearplanner.txt
14126,Ritual Amice,wowhead_forever_gearplanner.txt
14127,Ritual Shroud,wowhead_forever_gearplanner.txt
14128,Wizardweave Robe,wowhead_forever_gearplanner.txt
14129,Ritual Sandals,questiedb-foreverBaseItem.lua
14130,Wizardweave Turban,wowhead_forever_gearplanner.txt
14131,Ritual Belt,questiedb-foreverBaseItem.lua
14132,Wizardweave Leggings,wowhead_forever_gearplanner.txt
14133,Ritual Tunic,wowhead_forever_gearplanner.txt
14134,Cloak of Fire,wowhead_forever_gearplanner.txt
14136,Robe of Winter Night,wowhead_forever_gearplanner.txt
14137,Mooncloth Leggings,wowhead_forever_gearplanner.txt
14138,Mooncloth Vest,wowhead_forever_gearplanner.txt
14139,Mooncloth Shoulders,wowhead_forever_gearplanner.txt
14140,Mooncloth Circlet,wowhead_forever_gearplanner.txt
14141,Ghostweave Vest,wowhead_forever_gearplanner.txt
14142,Ghostweave Gloves,wowhead_forever_gearplanner.txt
14143,Ghostweave Belt,wowhead_forever_gearplanner.txt
14144,Ghostweave Pants,wowhead_forever_gearplanner.txt
14145,Cursed Felblade,wowhead_forever_gearplanner.txt
14146,Gloves of Spell Mastery,wowhead_forever_gearplanner.txt
14147,Cavedweller Bracers,wowhead_forever_gearplanner.txt
14148,Crystalline Cuffs,wowhead_forever_gearplanner.txt
14149,Subterranean Cape,wowhead_forever_gearplanner.txt
14150,Robe of Evocation,wowhead_forever_gearplanner.txt
14151,Chanting Blade,wowhead_forever_gearplanner.txt
14152,Robe of the Archmage,wowhead_forever_gearplanner.txt
14153,Robe of the Void,wowhead_forever_gearplanner.txt
14154,Truefaith Vestments,wowhead_forever_gearplanner.txt
14157,Pagan Mantle,wowhead_forever_gearplanner.txt
14158,Pagan Vest,wowhead_forever_gearplanner.txt
14159,Pagan Shoes,wowhead_forever_gearplanner.txt
14160,Pagan Bands,wowhead_forever_gearplanner.txt
14161,Pagan Cape,wowhead_forever_gearplanner.txt
14162,Pagan Mitts,wowhead_forever_gearplanner.txt
14163,Pagan Wraps,questiedb-foreverBaseItem.lua
14164,Pagan Belt,questiedb-foreverBaseItem.lua
14165,Pagan Britches,wowhead_forever_gearplanner.txt
14166,Buccaneer's Bracers,wowhead_forever_gearplanner.txt
14167,Buccaneer's Cape,questiedb-foreverBaseItem.lua
14168,Buccaneer's Gloves,wowhead_forever_gearplanner.txt
14169,Aboriginal Shoulder Pads,questiedb-foreverBaseItem.lua
14170,Buccaneer's Mantle,wowhead_forever_gearplanner.txt
14171,Buccaneer's Pants,wowhead_forever_gearplanner.txt
14172,Buccaneer's Robes,wowhead_forever_gearplanner.txt
14173,Buccaneer's Cord,questiedb-foreverBaseItem.lua
14174,Buccaneer's Boots,wowhead_forever_gearplanner.txt
14175,Buccaneer's Vest,wowhead_forever_gearplanner.txt
14176,Watcher's Boots,wowhead_forever_gearplanner.txt
14177,Watcher's Cuffs,wowhead_forever_gearplanner.txt
14178,Watcher's Cap,wowhead_forever_gearplanner.txt
14179,Watcher's Cape,wowhead_forever_gearplanner.txt
14180,Watcher's Jerkin,wowhead_forever_gearplanner.txt
14181,Watcher's Handwraps,wowhead_forever_gearplanner.txt
14182,Watcher's Mantle,wowhead_forever_gearplanner.txt
14183,Watcher's Leggings,wowhead_forever_gearplanner.txt
14184,Watcher's Robes,wowhead_forever_gearplanner.txt
14185,Watcher's Cinch,wowhead_forever_gearplanner.txt
14186,Raincaller Mantle,wowhead_forever_gearplanner.txt
14187,Raincaller Cuffs,wowhead_forever_gearplanner.txt
14188,Raincaller Cloak,wowhead_forever_gearplanner.txt
14189,Raincaller Cap,wowhead_forever_gearplanner.txt
14190,Raincaller Vest,wowhead_forever_gearplanner.txt
14191,Raincaller Mitts,wowhead_forever_gearplanner.txt
14192,Raincaller Robes,wowhead_forever_gearplanner.txt
14193,Raincaller Pants,wowhead_forever_gearplanner.txt
14194,Raincaller Cord,wowhead_forever_gearplanner.txt
14195,Raincaller Boots,wowhead_forever_gearplanner.txt
14196,Thistlefur Sandals,wowhead_forever_gearplanner.txt
14197,Thistlefur Bands,wowhead_forever_gearplanner.txt
14198,Thistlefur Cloak,wowhead_forever_gearplanner.txt
14199,Thistlefur Gloves,wowhead_forever_gearplanner.txt
14200,Thistlefur Cap,wowhead_forever_gearplanner.txt
14201,Thistlefur Mantle,wowhead_forever_gearplanner.txt
14202,Thistlefur Jerkin,wowhead_forever_gearplanner.txt
14203,Thistlefur Pants,wowhead_forever_gearplanner.txt
14204,Thistlefur Robe,wowhead_forever_gearplanner.txt
14205,Thistlefur Belt,wowhead_forever_gearplanner.txt
14206,Vital Bracelets,wowhead_forever_gearplanner.txt
14207,Vital Leggings,wowhead_forever_gearplanner.txt
14208,Vital Headband,wowhead_forever_gearplanner.txt
14209,Vital Sash,wowhead_forever_gearplanner.txt
14210,Vital Cape,wowhead_forever_gearplanner.txt
14211,Vital Handwraps,wowhead_forever_gearplanner.txt
14212,Vital Shoulders,wowhead_forever_gearplanner.txt
14213,Vital Raiment,wowhead_forever_gearplanner.txt
14214,Vital Boots,wowhead_forever_gearplanner.txt
14215,Vital Tunic,wowhead_forever_gearplanner.txt
14216,Geomancer's Jerkin,wowhead_forever_gearplanner.txt
14217,Geomancer's Cord,wowhead_forever_gearplanner.txt
14218,Geomancer's Boots,wowhead_forever_gearplanner.txt
14219,Geomancer's Cloak,wowhead_forever_gearplanner.txt
14220,Geomancer's Cap,wowhead_forever_gearplanner.txt
14221,Geomancer's Bracers,wowhead_forever_gearplanner.txt
14222,Geomancer's Gloves,wowhead_forever_gearplanner.txt
14223,Geomancer's Spaulders,wowhead_forever_gearplanner.txt
14224,Geomancer's Trousers,wowhead_forever_gearplanner.txt
14225,Geomancer's Wraps,wowhead_forever_gearplanner.txt
14226,Embersilk Bracelets,wowhead_forever_gearplanner.txt
14228,Embersilk Coronet,wowhead_forever_gearplanner.txt
14229,Embersilk Cloak,wowhead_forever_gearplanner.txt
14230,Embersilk Tunic,wowhead_forever_gearplanner.txt
14231,Embersilk Mitts,wowhead_forever_gearplanner.txt
14232,Embersilk Mantle,wowhead_forever_gearplanner.txt
14233,Embersilk Leggings,wowhead_forever_gearplanner.txt
14234,Embersilk Robes,wowhead_forever_gearplanner.txt
14235,Embersilk Cord,wowhead_forever_gearplanner.txt
14236,Embersilk Boots,wowhead_forever_gearplanner.txt
14237,Darkmist Armor,wowhead_forever_gearplanner.txt
14238,Darkmist Boots,wowhead_forever_gearplanner.txt
14239,Darkmist Cape,wowhead_forever_gearplanner.txt
14240,Darkmist Bands,wowhead_forever_gearplanner.txt
14241,Darkmist Handguards,wowhead_forever_gearplanner.txt
14242,Darkmist Pants,wowhead_forever_gearplanner.txt
14243,Darkmist Mantle,wowhead_forever_gearplanner.txt
14244,Darkmist Wraps,wowhead_forever_gearplanner.txt
14245,Darkmist Girdle,wowhead_forever_gearplanner.txt
14246,Darkmist Wizard Hat,wowhead_forever_gearplanner.txt
14247,Lunar Mantle,wowhead_forever_gearplanner.txt
14248,Lunar Bindings,wowhead_forever_gearplanner.txt
14249,Lunar Vest,wowhead_forever_gearplanner.txt
14250,Lunar Slippers,wowhead_forever_gearplanner.txt
14251,Lunar Cloak,wowhead_forever_gearplanner.txt
14252,Lunar Coronet,wowhead_forever_gearplanner.txt
14253,Lunar Handwraps,wowhead_forever_gearplanner.txt
14254,Lunar Raiment,wowhead_forever_gearplanner.txt
14255,Lunar Belt,wowhead_forever_gearplanner.txt
14257,Lunar Leggings,wowhead_forever_gearplanner.txt
14258,Bloodwoven Cord,wowhead_forever_gearplanner.txt
14259,Bloodwoven Boots,wowhead_forever_gearplanner.txt
14260,Bloodwoven Bracers,wowhead_forever_gearplanner.txt
14261,Bloodwoven Cloak,wowhead_forever_gearplanner.txt
14262,Bloodwoven Mitts,wowhead_forever_gearplanner.txt
14263,Bloodwoven Mask,questiedb-foreverBaseItem.lua
14264,Bloodwoven Pants,wowhead_forever_gearplanner.txt
14265,Bloodwoven Wraps,wowhead_forever_gearplanner.txt
14266,Bloodwoven Pads,wowhead_forever_gearplanner.txt
14267,Bloodwoven Jerkin,wowhead_forever_gearplanner.txt
14268,Gaea's Cuffs,wowhead_forever_gearplanner.txt
14269,Gaea's Slippers,wowhead_forever_gearplanner.txt
14270,Gaea's Cloak,questiedb-foreverBaseItem.lua
14271,Gaea's Circlet,wowhead_forever_gearplanner.txt
14272,Gaea's Handwraps,wowhead_forever_gearplanner.txt
14273,Gaea's Amice,wowhead_forever_gearplanner.txt
14274,Gaea's Leggings,wowhead_forever_gearplanner.txt
14275,Gaea's Raiment,wowhead_forever_gearplanner.txt
14276,Gaea's Belt,wowhead_forever_gearplanner.txt
14277,Gaea's Tunic,wowhead_forever_gearplanner.txt
14278,Opulent Mantle,wowhead_forever_gearplanner.txt
14279,Opulent Bracers,wowhead_forever_gearplanner.txt
14280,Opulent Cape,wowhead_forever_gearplanner.txt
14281,Opulent Crown,wowhead_forever_gearplanner.txt
14282,Opulent Gloves,wowhead_forever_gearplanner.txt
14283,Opulent Leggings,wowhead_forever_gearplanner.txt
14284,Opulent Robes,wowhead_forever_gearplanner.txt
14285,Opulent Boots,wowhead_forever_gearplanner.txt
14286,Opulent Belt,wowhead_forever_gearplanner.txt
14287,Opulent Tunic,wowhead_forever_gearplanner.txt
14288,Arachnidian Armor,wowhead_forever_gearplanner.txt
14289,Arachnidian Girdle,wowhead_forever_gearplanner.txt
14290,Arachnidian Footpads,wowhead_forever_gearplanner.txt
14291,Arachnidian Bracelets,wowhead_forever_gearplanner.txt
14292,Arachnidian Cape,wowhead_forever_gearplanner.txt
14293,Arachnidian Circlet,wowhead_forever_gearplanner.txt
14294,Arachnidian Gloves,wowhead_forever_gearplanner.txt
14295,Arachnidian Legguards,wowhead_forever_gearplanner.txt
14296,Arachnidian Pauldrons,wowhead_forever_gearplanner.txt
14297,Arachnidian Robes,wowhead_forever_gearplanner.txt
14298,Bonecaster's Spaulders,wowhead_forever_gearplanner.txt
14299,Bonecaster's Boots,wowhead_forever_gearplanner.txt
14300,Bonecaster's Cape,wowhead_forever_gearplanner.txt
14301,Bonecaster's Bindings,wowhead_forever_gearplanner.txt
14302,Bonecaster's Gloves,wowhead_forever_gearplanner.txt
14303,Bonecaster's Shroud,wowhead_forever_gearplanner.txt
14304,Bonecaster's Belt,wowhead_forever_gearplanner.txt
14305,Bonecaster's Sarong,wowhead_forever_gearplanner.txt
14306,Bonecaster's Vest,wowhead_forever_gearplanner.txt
14307,Bonecaster's Crown,wowhead_forever_gearplanner.txt
14308,Celestial Tunic,wowhead_forever_gearplanner.txt
14309,Celestial Belt,wowhead_forever_gearplanner.txt
14310,Celestial Slippers,wowhead_forever_gearplanner.txt
14311,Celestial Bindings,wowhead_forever_gearplanner.txt
14312,Celestial Crown,wowhead_forever_gearplanner.txt
14313,Celestial Cape,wowhead_forever_gearplanner.txt
14314,Celestial Handwraps,wowhead_forever_gearplanner.txt
14315,Celestial Kilt,wowhead_forever_gearplanner.txt
14316,Celestial Pauldrons,wowhead_forever_gearplanner.txt
14317,Celestial Silk Robes,wowhead_forever_gearplanner.txt
14318,Resplendent Tunic,wowhead_forever_gearplanner.txt
14319,Resplendent Boots,wowhead_forever_gearplanner.txt
14320,Resplendent Bracelets,wowhead_forever_gearplanner.txt
14321,Resplendent Cloak,wowhead_forever_gearplanner.txt
14322,Resplendent Circlet,wowhead_forever_gearplanner.txt
14323,Resplendent Gauntlets,wowhead_forever_gearplanner.txt
14324,Resplendent Sarong,wowhead_forever_gearplanner.txt
14325,Resplendent Epaulets,wowhead_forever_gearplanner.txt
14326,Resplendent Robes,wowhead_forever_gearplanner.txt
14327,Resplendent Belt,wowhead_forever_gearplanner.txt
14328,Eternal Chestguard,wowhead_forever_gearplanner.txt
14329,Eternal Boots,wowhead_forever_gearplanner.txt
14330,Eternal Bindings,wowhead_forever_gearplanner.txt
14331,Eternal Cloak,wowhead_forever_gearplanner.txt
14332,Eternal Crown,wowhead_forever_gearplanner.txt
14333,Eternal Gloves,wowhead_forever_gearplanner.txt
14334,Eternal Sarong,wowhead_forever_gearplanner.txt
14335,Eternal Spaulders,wowhead_forever_gearplanner.txt
14336,Eternal Wraps,wowhead_forever_gearplanner.txt
14337,Eternal Cord,wowhead_forever_gearplanner.txt
14341,Rune Thread,questiedb-foreverBaseItem.lua
14364,Mystic's Slippers,questiedb-foreverBaseItem.lua
14365,Mystic's Cape,wowhead_forever_gearplanner.txt
14366,Mystic's Bracelets,wowhead_forever_gearplanner.txt
14367,Mystic's Gloves,wowhead_forever_gearplanner.txt
14368,Mystic's Shoulder Pads,questiedb-foreverBaseItem.lua
14369,Mystic's Wrap,wowhead_forever_gearplanner.txt
14370,Mystic's Woolies,questiedb-foreverBaseItem.lua
14371,Mystic's Robe,questiedb-foreverBaseItem.lua
14372,Sanguine Armor,wowhead_forever_gearplanner.txt
14373,Sanguine Belt,wowhead_forever_gearplanner.txt
14374,Sanguine Sandals,questiedb-foreverBaseItem.lua
14375,Sanguine Cuffs,wowhead_forever_gearplanner.txt
14376,Sanguine Cape,wowhead_forever_gearplanner.txt
14377,Sanguine Handwraps,wowhead_forever_gearplanner.txt
14378,Sanguine Mantle,wowhead_forever_gearplanner.txt
14379,Sanguine Trousers,wowhead_forever_gearplanner.txt
14380,Sanguine Robe,wowhead_forever_gearplanner.txt
14395,Spells of Shadow,questiedb-foreverBaseItem.lua
14396,Incantations from the Nether,questiedb-foreverBaseItem.lua
14397,Resilient Mantle,wowhead_forever_gearplanner.txt
14398,Resilient Tunic,wowhead_forever_gearplanner.txt
14399,Resilient Boots,wowhead_forever_gearplanner.txt
14400,Resilient Cape,wowhead_forever_gearplanner.txt
14401,Resilient Cap,wowhead_forever_gearplanner.txt
14402,Resilient Bands,wowhead_forever_gearplanner.txt
14403,Resilient Handgrips,wowhead_forever_gearplanner.txt
14404,Resilient Leggings,wowhead_forever_gearplanner.txt
14405,Resilient Robe,wowhead_forever_gearplanner.txt
14406,Resilient Cord,wowhead_forever_gearplanner.txt
14407,Stonecloth Vest,wowhead_forever_gearplanner.txt
14408,Stonecloth Boots,wowhead_forever_gearplanner.txt
14409,Stonecloth Cape,wowhead_forever_gearplanner.txt
14410,Stonecloth Circlet,wowhead_forever_gearplanner.txt
14411,Stonecloth Gloves,wowhead_forever_gearplanner.txt
14412,Stonecloth Epaulets,wowhead_forever_gearplanner.txt
14413,Stonecloth Robe,wowhead_forever_gearplanner.txt
14414,Stonecloth Belt,wowhead_forever_gearplanner.txt
14415,Stonecloth Britches,wowhead_forever_gearplanner.txt
14416,Stonecloth Bindings,wowhead_forever_gearplanner.txt
14417,Silksand Tunic,wowhead_forever_gearplanner.txt
14418,Silksand Boots,wowhead_forever_gearplanner.txt
14419,Silksand Bracers,wowhead_forever_gearplanner.txt
14420,Silksand Cape,wowhead_forever_gearplanner.txt
14421,Silksand Circlet,wowhead_forever_gearplanner.txt
14422,Silksand Gloves,wowhead_forever_gearplanner.txt
14423,Silksand Shoulder Pads,wowhead_forever_gearplanner.txt
14424,Silksand Legwraps,wowhead_forever_gearplanner.txt
14425,Silksand Wraps,wowhead_forever_gearplanner.txt
14426,Silksand Girdle,wowhead_forever_gearplanner.txt
14427,Windchaser Wraps,wowhead_forever_gearplanner.txt
14428,Windchaser Footpads,wowhead_forever_gearplanner.txt
14429,Windchaser Cuffs,wowhead_forever_gearplanner.txt
14430,Windchaser Cloak,wowhead_forever_gearplanner.txt
14431,Windchaser Handguards,wowhead_forever_gearplanner.txt
14432,Windchaser Amice,wowhead_forever_gearplanner.txt
14433,Windchaser Woolies,wowhead_forever_gearplanner.txt
14434,Windchaser Robes,wowhead_forever_gearplanner.txt
14435,Windchaser Cinch,wowhead_forever_gearplanner.txt
14436,Windchaser Coronet,wowhead_forever_gearplanner.txt
14437,Venomshroud Vest,wowhead_forever_gearplanner.txt
14438,Venomshroud Boots,wowhead_forever_gearplanner.txt
14439,Venomshroud Armguards,wowhead_forever_gearplanner.txt
14440,Venomshroud Cape,wowhead_forever_gearplanner.txt
14441,Venomshroud Mask,wowhead_forever_gearplanner.txt
14442,Venomshroud Mitts,wowhead_forever_gearplanner.txt
14443,Venomshroud Mantle,wowhead_forever_gearplanner.txt
14444,Venomshroud Leggings,wowhead_forever_gearplanner.txt
14445,Venomshroud Silk Robes,wowhead_forever_gearplanner.txt
14446,Venomshroud Belt,wowhead_forever_gearplanner.txt
14447,Highborne Footpads,wowhead_forever_gearplanner.txt
14448,Highborne Bracelets,questiedb-foreverBaseItem.lua
14449,Highborne Crown,wowhead_forever_gearplanner.txt
14450,Highborne Cloak,wowhead_forever_gearplanner.txt
14451,Highborne Gloves,wowhead_forever_gearplanner.txt
14452,Highborne Pauldrons,wowhead_forever_gearplanner.txt
14453,Highborne Robes,wowhead_forever_gearplanner.txt
14454,Highborne Cord,wowhead_forever_gearplanner.txt
14455,Highborne Padded Armor,wowhead_forever_gearplanner.txt
14456,Elunarian Vest,wowhead_forever_gearplanner.txt
14457,Elunarian Cuffs,wowhead_forever_gearplanner.txt
14458,Elunarian Boots,wowhead_forever_gearplanner.txt
14459,Elunarian Cloak,wowhead_forever_gearplanner.txt
14460,Elunarian Diadem,wowhead_forever_gearplanner.txt
14461,Elunarian Handgrips,wowhead_forever_gearplanner.txt
14462,Elunarian Sarong,wowhead_forever_gearplanner.txt
14463,Elunarian Spaulders,wowhead_forever_gearplanner.txt
14464,Elunarian Silk Robes,wowhead_forever_gearplanner.txt
14465,Elunarian Belt,wowhead_forever_gearplanner.txt
14525,Boneclenched Gauntlets,wowhead_forever_gearplanner.txt
14542,Kravel's Crate,questiedb-foreverBaseItem.lua
14549,Boots of Avoidance,wowhead_forever_gearplanner.txt
14550,Bladebane Armguards,wowhead_forever_gearplanner.txt
14559,Prospector's Sash,wowhead_forever_gearplanner.txt
14560,Prospector's Boots,questiedb-foreverBaseItem.lua
14561,Prospector's Cuffs,wowhead_forever_gearplanner.txt
14562,Prospector's Chestpiece,wowhead_forever_gearplanner.txt
14563,Prospector's Cloak,questiedb-foreverBaseItem.lua
14564,Prospector's Mitts,questiedb-foreverBaseItem.lua
14565,Prospector's Woolies,questiedb-foreverBaseItem.lua
14566,Prospector's Pads,wowhead_forever_gearplanner.txt
14567,Bristlebark Belt,questiedb-foreverBaseItem.lua
14568,Bristlebark Boots,questiedb-foreverBaseItem.lua
14569,Bristlebark Bindings,wowhead_forever_gearplanner.txt
14570,Bristlebark Blouse,wowhead_forever_gearplanner.txt
14571,Bristlebark Cape,wowhead_forever_gearplanner.txt
14572,Bristlebark Gloves,wowhead_forever_gearplanner.txt
14573,Bristlebark Amice,wowhead_forever_gearplanner.txt
14574,Bristlebark Britches,wowhead_forever_gearplanner.txt
14578,Dokebi Cord,wowhead_forever_gearplanner.txt
14579,Dokebi Boots,wowhead_forever_gearplanner.txt
14580,Dokebi Bracers,wowhead_forever_gearplanner.txt
14581,Dokebi Chestguard,wowhead_forever_gearplanner.txt
14582,Dokebi Cape,wowhead_forever_gearplanner.txt
14583,Dokebi Gloves,wowhead_forever_gearplanner.txt
14584,Dokebi Hat,wowhead_forever_gearplanner.txt
14585,Dokebi Leggings,wowhead_forever_gearplanner.txt
14587,Dokebi Mantle,wowhead_forever_gearplanner.txt
14588,Hawkeye's Cord,wowhead_forever_gearplanner.txt
14589,Hawkeye's Shoes,wowhead_forever_gearplanner.txt
14590,Hawkeye's Bracers,wowhead_forever_gearplanner.txt
14591,Hawkeye's Helm,wowhead_forever_gearplanner.txt
14592,Hawkeye's Tunic,wowhead_forever_gearplanner.txt
14593,Hawkeye's Cloak,wowhead_forever_gearplanner.txt
14594,Hawkeye's Gloves,wowhead_forever_gearplanner.txt
14595,Hawkeye's Breeches,wowhead_forever_gearplanner.txt
14596,Hawkeye's Epaulets,wowhead_forever_gearplanner.txt
14598,Warden's Waistband,wowhead_forever_gearplanner.txt
14599,Warden's Footpads,wowhead_forever_gearplanner.txt
14600,Warden's Wristbands,wowhead_forever_gearplanner.txt
14601,Warden's Wraps,wowhead_forever_gearplanner.txt
14602,Warden's Cloak,wowhead_forever_gearplanner.txt
14603,Warden's Mantle,wowhead_forever_gearplanner.txt
14604,Warden's Wizard Hat,wowhead_forever_gearplanner.txt
14605,Warden's Woolies,wowhead_forever_gearplanner.txt
14606,Warden's Gloves,wowhead_forever_gearplanner.txt
14607,Hawkeye's Buckler,wowhead_forever_gearplanner.txt
14608,Dokebi Buckler,wowhead_forever_gearplanner.txt
14617,Sawbones Shirt,wowhead_forever_gearplanner.txt
14619,Skeletal Fragments,questiedb-foreverBaseItem.lua
14620,Deathbone Girdle,wowhead_forever_gearplanner.txt
14621,Deathbone Sabatons,wowhead_forever_gearplanner.txt
14622,Deathbone Gauntlets,wowhead_forever_gearplanner.txt
14623,Deathbone Legguards,wowhead_forever_gearplanner.txt
14624,Deathbone Chestplate,wowhead_forever_gearplanner.txt
14652,Scorpashi Sash,wowhead_forever_gearplanner.txt
14653,Scorpashi Slippers,wowhead_forever_gearplanner.txt
14654,Scorpashi Wristbands,wowhead_forever_gearplanner.txt
14655,Scorpashi Breastplate,wowhead_forever_gearplanner.txt
14656,Scorpashi Cape,wowhead_forever_gearplanner.txt
14657,Scorpashi Gloves,wowhead_forever_gearplanner.txt
14658,Scorpashi Skullcap,wowhead_forever_gearplanner.txt
14659,Scorpashi Leggings,wowhead_forever_gearplanner.txt
14660,Scorpashi Shoulder Pads,questiedb-foreverBaseItem.lua
14661,Keeper's Cord,wowhead_forever_gearplanner.txt
14662,Keeper's Hooves,wowhead_forever_gearplanner.txt
14663,Keeper's Bindings,wowhead_forever_gearplanner.txt
14664,Keeper's Armor,wowhead_forever_gearplanner.txt
14665,Keeper's Cloak,wowhead_forever_gearplanner.txt
14666,Keeper's Gloves,questiedb-foreverBaseItem.lua
14667,Keeper's Wreath,wowhead_forever_gearplanner.txt
14668,Keeper's Woolies,wowhead_forever_gearplanner.txt
14669,Keeper's Mantle,wowhead_forever_gearplanner.txt
14670,Pridelord Armor,wowhead_forever_gearplanner.txt
14671,Pridelord Boots,wowhead_forever_gearplanner.txt
14672,Pridelord Bands,wowhead_forever_gearplanner.txt
14673,Pridelord Cape,wowhead_forever_gearplanner.txt
14674,Pridelord Girdle,wowhead_forever_gearplanner.txt
14675,Pridelord Gloves,wowhead_forever_gearplanner.txt
14676,Pridelord Halo,wowhead_forever_gearplanner.txt
14677,Pridelord Pants,wowhead_forever_gearplanner.txt
14678,Pridelord Pauldrons,wowhead_forever_gearplanner.txt
14680,Indomitable Vest,wowhead_forever_gearplanner.txt
14681,Indomitable Boots,wowhead_forever_gearplanner.txt
14682,Indomitable Armguards,wowhead_forever_gearplanner.txt
14683,Indomitable Cloak,wowhead_forever_gearplanner.txt
14684,Indomitable Belt,wowhead_forever_gearplanner.txt
14685,Indomitable Gauntlets,wowhead_forever_gearplanner.txt
14686,Indomitable Headdress,wowhead_forever_gearplanner.txt
14687,Indomitable Leggings,wowhead_forever_gearplanner.txt
14688,Indomitable Epaulets,wowhead_forever_gearplanner.txt
14722,War Paint Anklewraps,wowhead_forever_gearplanner.txt
14723,War Paint Bindings,questiedb-foreverBaseItem.lua
14724,War Paint Cloak,questiedb-foreverBaseItem.lua
14725,War Paint Waistband,wowhead_forever_gearplanner.txt
14726,War Paint Gloves,wowhead_forever_gearplanner.txt
14727,War Paint Legguards,wowhead_forever_gearplanner.txt
14728,War Paint Shoulder Pads,wowhead_forever_gearplanner.txt
14729,War Paint Shield,questiedb-foreverBaseItem.lua
14730,War Paint Chestpiece,wowhead_forever_gearplanner.txt
14742,Hulking Boots,wowhead_forever_gearplanner.txt
14743,Hulking Bands,questiedb-foreverBaseItem.lua
14744,Hulking Chestguard,wowhead_forever_gearplanner.txt
14745,Hulking Cloak,questiedb-foreverBaseItem.lua
14746,Hulking Belt,wowhead_forever_gearplanner.txt
14747,Hulking Gauntlets,wowhead_forever_gearplanner.txt
14748,Hulking Leggings,wowhead_forever_gearplanner.txt
14749,Hulking Spaulders,wowhead_forever_gearplanner.txt
14750,Slayer's Cuffs,wowhead_forever_gearplanner.txt
14751,Slayer's Surcoat,wowhead_forever_gearplanner.txt
14752,Slayer's Cape,wowhead_forever_gearplanner.txt
14753,Slayer's Skullcap,wowhead_forever_gearplanner.txt
14754,Slayer's Gloves,wowhead_forever_gearplanner.txt
14755,Slayer's Sash,wowhead_forever_gearplanner.txt
14756,Slayer's Slippers,wowhead_forever_gearplanner.txt
14757,Slayer's Pants,wowhead_forever_gearplanner.txt
14758,Slayer's Shoulder Pads,wowhead_forever_gearplanner.txt
14759,Enduring Bracers,wowhead_forever_gearplanner.txt
14760,Enduring Breastplate,wowhead_forever_gearplanner.txt
14761,Enduring Belt,wowhead_forever_gearplanner.txt
14762,Enduring Boots,wowhead_forever_gearplanner.txt
14763,Enduring Cape,wowhead_forever_gearplanner.txt
14764,Enduring Gauntlets,wowhead_forever_gearplanner.txt
14765,Enduring Circlet,wowhead_forever_gearplanner.txt
14766,Enduring Breeches,wowhead_forever_gearplanner.txt
14767,Enduring Pauldrons,wowhead_forever_gearplanner.txt
14768,Ravager's Armor,wowhead_forever_gearplanner.txt
14769,Ravager's Sandals,wowhead_forever_gearplanner.txt
14770,Ravager's Armguards,wowhead_forever_gearplanner.txt
14771,Ravager's Cloak,wowhead_forever_gearplanner.txt
14772,Ravager's Handwraps,wowhead_forever_gearplanner.txt
14773,Ravager's Cord,wowhead_forever_gearplanner.txt
14774,Ravager's Crown,wowhead_forever_gearplanner.txt
14775,Ravager's Woolies,wowhead_forever_gearplanner.txt
14776,Ravager's Mantle,wowhead_forever_gearplanner.txt
14777,Ravager's Shield,wowhead_forever_gearplanner.txt
14778,Khan's Bindings,wowhead_forever_gearplanner.txt
14779,Khan's Chestpiece,wowhead_forever_gearplanner.txt
14780,Khan's Buckler,wowhead_forever_gearplanner.txt
14781,Khan's Cloak,wowhead_forever_gearplanner.txt
14782,Khan's Gloves,wowhead_forever_gearplanner.txt
14783,Khan's Belt,wowhead_forever_gearplanner.txt
14784,Khan's Greaves,wowhead_forever_gearplanner.txt
14785,Khan's Helmet,wowhead_forever_gearplanner.txt
14786,Khan's Legguards,wowhead_forever_gearplanner.txt
14787,Khan's Mantle,questiedb-foreverBaseItem.lua
14788,Protector Armguards,wowhead_forever_gearplanner.txt
14789,Protector Breastplate,wowhead_forever_gearplanner.txt
14790,Protector Buckler,wowhead_forever_gearplanner.txt
14791,Protector Cape,wowhead_forever_gearplanner.txt
14792,Protector Gauntlets,wowhead_forever_gearplanner.txt
14793,Protector Waistband,wowhead_forever_gearplanner.txt
14794,Protector Ankleguards,questiedb-foreverBaseItem.lua
14795,Protector Helm,wowhead_forever_gearplanner.txt
14796,Protector Legguards,wowhead_forever_gearplanner.txt
14797,Protector Pads,wowhead_forever_gearplanner.txt
14798,Bloodlust Breastplate,wowhead_forever_gearplanner.txt
14799,Bloodlust Boots,wowhead_forever_gearplanner.txt
14800,Bloodlust Buckler,wowhead_forever_gearplanner.txt
14801,Bloodlust Cape,wowhead_forever_gearplanner.txt
14802,Bloodlust Gauntlets,wowhead_forever_gearplanner.txt
14803,Bloodlust Belt,wowhead_forever_gearplanner.txt
14804,Bloodlust Helm,wowhead_forever_gearplanner.txt
14805,Bloodlust Britches,wowhead_forever_gearplanner.txt
14806,Bloodlust Epaulets,wowhead_forever_gearplanner.txt
14807,Bloodlust Bracelets,wowhead_forever_gearplanner.txt
14808,Warstrike Belt,wowhead_forever_gearplanner.txt
14809,Warstrike Sabatons,wowhead_forever_gearplanner.txt
14810,Warstrike Armsplints,wowhead_forever_gearplanner.txt
14811,Warstrike Chestguard,wowhead_forever_gearplanner.txt
14812,Warstrike Buckler,wowhead_forever_gearplanner.txt
14813,Warstrike Cape,wowhead_forever_gearplanner.txt
14814,Warstrike Helmet,wowhead_forever_gearplanner.txt
14815,Warstrike Gauntlets,wowhead_forever_gearplanner.txt
14816,Warstrike Legguards,wowhead_forever_gearplanner.txt
14817,Warstrike Shoulder Pads,wowhead_forever_gearplanner.txt
14821,Symbolic Breastplate,wowhead_forever_gearplanner.txt
14825,Symbolic Crest,wowhead_forever_gearplanner.txt
14826,Symbolic Gauntlets,wowhead_forever_gearplanner.txt
14827,Symbolic Belt,wowhead_forever_gearplanner.txt
14828,Symbolic Greaves,wowhead_forever_gearplanner.txt
14829,Symbolic Legplates,wowhead_forever_gearplanner.txt
14830,Symbolic Pauldrons,wowhead_forever_gearplanner.txt
14831,Symbolic Crown,wowhead_forever_gearplanner.txt
14832,Symbolic Vambraces,wowhead_forever_gearplanner.txt
14833,Tyrant's Gauntlets,wowhead_forever_gearplanner.txt
14834,Tyrant's Armguards,wowhead_forever_gearplanner.txt
14835,Tyrant's Chestpiece,wowhead_forever_gearplanner.txt
14838,Tyrant's Belt,wowhead_forever_gearplanner.txt
14839,Tyrant's Greaves,wowhead_forever_gearplanner.txt
14840,Tyrant's Legplates,questiedb-foreverBaseItem.lua
14841,Tyrant's Epaulets,wowhead_forever_gearplanner.txt
14842,Tyrant's Shield,wowhead_forever_gearplanner.txt
14843,Tyrant's Helm,wowhead_forever_gearplanner.txt
14844,Sunscale Chestguard,wowhead_forever_gearplanner.txt
14846,Sunscale Gauntlets,wowhead_forever_gearplanner.txt
14847,Sunscale Belt,wowhead_forever_gearplanner.txt
14848,Sunscale Sabatons,wowhead_forever_gearplanner.txt
14849,Sunscale Helmet,wowhead_forever_gearplanner.txt
14850,Sunscale Legplates,wowhead_forever_gearplanner.txt
14851,Sunscale Spaulders,wowhead_forever_gearplanner.txt
14852,Sunscale Shield,wowhead_forever_gearplanner.txt
14853,Sunscale Wristguards,wowhead_forever_gearplanner.txt
14854,Vanguard Breastplate,wowhead_forever_gearplanner.txt
14855,Vanguard Gauntlets,wowhead_forever_gearplanner.txt
14856,Vanguard Girdle,wowhead_forever_gearplanner.txt
14857,Vanguard Sabatons,wowhead_forever_gearplanner.txt
14858,Vanguard Headdress,wowhead_forever_gearplanner.txt
14859,Vanguard Legplates,wowhead_forever_gearplanner.txt
14860,Vanguard Pauldrons,wowhead_forever_gearplanner.txt
14861,Vanguard Vambraces,wowhead_forever_gearplanner.txt
14862,Warleader's Breastplate,wowhead_forever_gearplanner.txt
14863,Warleader's Gauntlets,wowhead_forever_gearplanner.txt
14864,Warleader's Belt,wowhead_forever_gearplanner.txt
14865,Warleader's Greaves,wowhead_forever_gearplanner.txt
14866,Warleader's Crown,wowhead_forever_gearplanner.txt
14868,Warleader's Shoulders,wowhead_forever_gearplanner.txt
14869,Warleader's Bracers,wowhead_forever_gearplanner.txt
14894,Lily Root,questiedb-foreverBaseItem.lua
14895,Saltstone Surcoat,wowhead_forever_gearplanner.txt
14896,Saltstone Sabatons,wowhead_forever_gearplanner.txt
14897,Saltstone Gauntlets,wowhead_forever_gearplanner.txt
14898,Saltstone Girdle,wowhead_forever_gearplanner.txt
14899,Saltstone Helm,wowhead_forever_gearplanner.txt
14900,Saltstone Legplates,wowhead_forever_gearplanner.txt
14901,Saltstone Shoulder Pads,wowhead_forever_gearplanner.txt
14902,Saltstone Shield,wowhead_forever_gearplanner.txt
14903,Saltstone Armsplints,wowhead_forever_gearplanner.txt
14904,Brutish Breastplate,questiedb-foreverBaseItem.lua
14905,Brutish Gauntlets,wowhead_forever_gearplanner.txt
14906,Brutish Belt,wowhead_forever_gearplanner.txt
14907,Brutish Helmet,questiedb-foreverBaseItem.lua
14908,Brutish Legguards,wowhead_forever_gearplanner.txt
14909,Brutish Shoulders,wowhead_forever_gearplanner.txt
14910,Brutish Armguards,wowhead_forever_gearplanner.txt
14911,Brutish Boots,wowhead_forever_gearplanner.txt
14912,Brutish Shield,wowhead_forever_gearplanner.txt
14913,Jade Greaves,wowhead_forever_gearplanner.txt
14914,Jade Bracers,wowhead_forever_gearplanner.txt
14915,Jade Breastplate,wowhead_forever_gearplanner.txt
14916,Jade Deflector,wowhead_forever_gearplanner.txt
14917,Jade Gauntlets,wowhead_forever_gearplanner.txt
14918,Jade Belt,wowhead_forever_gearplanner.txt
14919,Jade Circlet,wowhead_forever_gearplanner.txt
14920,Jade Legplates,wowhead_forever_gearplanner.txt
14921,Jade Epaulets,wowhead_forever_gearplanner.txt
14922,Lofty Sabatons,questiedb-foreverBaseItem.lua
14923,Lofty Armguards,wowhead_forever_gearplanner.txt
14924,Lofty Breastplate,wowhead_forever_gearplanner.txt
14925,Lofty Helm,wowhead_forever_gearplanner.txt
14926,Lofty Gauntlets,wowhead_forever_gearplanner.txt
14927,Lofty Belt,wowhead_forever_gearplanner.txt
14928,Lofty Legguards,wowhead_forever_gearplanner.txt
14929,Lofty Shoulder Pads,wowhead_forever_gearplanner.txt
14930,Lofty Shield,wowhead_forever_gearplanner.txt
14931,Heroic Armor,wowhead_forever_gearplanner.txt
14932,Heroic Greaves,wowhead_forever_gearplanner.txt
14933,Heroic Gauntlets,wowhead_forever_gearplanner.txt
14934,Heroic Girdle,wowhead_forever_gearplanner.txt
14935,Heroic Skullcap,wowhead_forever_gearplanner.txt
14936,Heroic Legplates,wowhead_forever_gearplanner.txt
14937,Heroic Pauldrons,wowhead_forever_gearplanner.txt
14938,Heroic Bracers,wowhead_forever_gearplanner.txt
14939,Warbringer's Chestguard,wowhead_forever_gearplanner.txt
14940,Warbringer's Sabatons,wowhead_forever_gearplanner.txt
14941,Warbringer's Armsplints,wowhead_forever_gearplanner.txt
14942,Warbringer's Gauntlets,wowhead_forever_gearplanner.txt
14943,Warbringer's Belt,wowhead_forever_gearplanner.txt
14944,Warbringer's Crown,wowhead_forever_gearplanner.txt
14945,Warbringer's Legguards,wowhead_forever_gearplanner.txt
14946,Warbringer's Spaulders,wowhead_forever_gearplanner.txt
14947,Warbringer's Shield,wowhead_forever_gearplanner.txt
14948,Bloodforged Chestpiece,questiedb-foreverBaseItem.lua
14949,Bloodforged Gauntlets,wowhead_forever_gearplanner.txt
14950,Bloodforged Belt,wowhead_forever_gearplanner.txt
14951,Bloodforged Sabatons,wowhead_forever_gearplanner.txt
14952,Bloodforged Helmet,wowhead_forever_gearplanner.txt
14953,Bloodforged Legplates,wowhead_forever_gearplanner.txt
14954,Bloodforged Shield,wowhead_forever_gearplanner.txt
14955,Bloodforged Shoulder Pads,wowhead_forever_gearplanner.txt
14956,Bloodforged Bindings,wowhead_forever_gearplanner.txt
14957,High Chief's Sabatons,wowhead_forever_gearplanner.txt
14958,High Chief's Armor,wowhead_forever_gearplanner.txt
14959,High Chief's Gauntlets,wowhead_forever_gearplanner.txt
14960,High Chief's Belt,questiedb-foreverBaseItem.lua
14961,High Chief's Crown,wowhead_forever_gearplanner.txt
14962,High Chief's Legguards,wowhead_forever_gearplanner.txt
14963,High Chief's Pauldrons,wowhead_forever_gearplanner.txt
14964,High Chief's Shield,wowhead_forever_gearplanner.txt
14965,High Chief's Bindings,wowhead_forever_gearplanner.txt
14966,Glorious Breastplate,wowhead_forever_gearplanner.txt
14967,Glorious Gauntlets,wowhead_forever_gearplanner.txt
14968,Glorious Belt,wowhead_forever_gearplanner.txt
14969,Glorious Headdress,wowhead_forever_gearplanner.txt
14970,Glorious Legplates,wowhead_forever_gearplanner.txt
14971,Glorious Shoulder Pads,wowhead_forever_gearplanner.txt
14972,Glorious Sabatons,wowhead_forever_gearplanner.txt
14973,Glorious Shield,wowhead_forever_gearplanner.txt
14974,Glorious Bindings,wowhead_forever_gearplanner.txt
14975,Exalted Harness,wowhead_forever_gearplanner.txt
14976,Exalted Gauntlets,wowhead_forever_gearplanner.txt
14977,Exalted Girdle,wowhead_forever_gearplanner.txt
14978,Exalted Sabatons,wowhead_forever_gearplanner.txt
14979,Exalted Helmet,wowhead_forever_gearplanner.txt
14980,Exalted Legplates,wowhead_forever_gearplanner.txt
14981,Exalted Epaulets,wowhead_forever_gearplanner.txt
14982,Exalted Shield,wowhead_forever_gearplanner.txt
14983,Exalted Armsplints,wowhead_forever_gearplanner.txt
15003,Primal Belt,questiedb-foreverBaseItem.lua
15004,Primal Boots,questiedb-foreverBaseItem.lua
15005,Primal Bands,questiedb-foreverBaseItem.lua
15006,Primal Buckler,questiedb-foreverBaseItem.lua
15007,Primal Cape,questiedb-foreverBaseItem.lua
15008,Primal Mitts,questiedb-foreverBaseItem.lua
15009,Primal Leggings,questiedb-foreverBaseItem.lua
15010,Primal Wraps,questiedb-foreverBaseItem.lua
15011,Lupine Cord,wowhead_forever_gearplanner.txt
15012,Lupine Slippers,wowhead_forever_gearplanner.txt
15013,Lupine Cuffs,questiedb-foreverBaseItem.lua
15014,Lupine Buckler,wowhead_forever_gearplanner.txt
15015,Lupine Cloak,questiedb-foreverBaseItem.lua
15016,Lupine Handwraps,wowhead_forever_gearplanner.txt
15017,Lupine Leggings,questiedb-foreverBaseItem.lua
15018,Lupine Vest,wowhead_forever_gearplanner.txt
15019,Lupine Mantle,wowhead_forever_gearplanner.txt
15045,Green Dragonscale Breastplate,wowhead_forever_gearplanner.txt
15046,Green Dragonscale Leggings,wowhead_forever_gearplanner.txt
15047,Red Dragonscale Breastplate,wowhead_forever_gearplanner.txt
15048,Blue Dragonscale Breastplate,wowhead_forever_gearplanner.txt
15049,Blue Dragonscale Shoulders,wowhead_forever_gearplanner.txt
15050,Black Dragonscale Breastplate,wowhead_forever_gearplanner.txt
15051,Black Dragonscale Shoulders,wowhead_forever_gearplanner.txt
15052,Black Dragonscale Leggings,wowhead_forever_gearplanner.txt
15053,Volcanic Breastplate,wowhead_forever_gearplanner.txt
15054,Volcanic Leggings,wowhead_forever_gearplanner.txt
15055,Volcanic Shoulders,wowhead_forever_gearplanner.txt
15056,Stormshroud Armor,wowhead_forever_gearplanner.txt
15057,Stormshroud Pants,wowhead_forever_gearplanner.txt
15058,Stormshroud Shoulders,wowhead_forever_gearplanner.txt
15059,Living Breastplate,wowhead_forever_gearplanner.txt
15060,Living Leggings,wowhead_forever_gearplanner.txt
15061,Living Shoulders,wowhead_forever_gearplanner.txt
15062,Devilsaur Leggings,wowhead_forever_gearplanner.txt
15063,Devilsaur Gauntlets,wowhead_forever_gearplanner.txt
15064,Warbear Harness,wowhead_forever_gearplanner.txt
15065,Warbear Woolies,wowhead_forever_gearplanner.txt
15066,Ironfeather Breastplate,wowhead_forever_gearplanner.txt
15067,Ironfeather Shoulders,wowhead_forever_gearplanner.txt
15068,Frostsaber Tunic,wowhead_forever_gearplanner.txt
15069,Frostsaber Leggings,wowhead_forever_gearplanner.txt
15070,Frostsaber Gloves,wowhead_forever_gearplanner.txt
15071,Frostsaber Boots,wowhead_forever_gearplanner.txt
15072,Chimeric Leggings,wowhead_forever_gearplanner.txt
15073,Chimeric Boots,wowhead_forever_gearplanner.txt
15074,Chimeric Gloves,wowhead_forever_gearplanner.txt
15075,Chimeric Vest,wowhead_forever_gearplanner.txt
15076,Heavy Scorpid Vest,wowhead_forever_gearplanner.txt
15077,Heavy Scorpid Bracers,wowhead_forever_gearplanner.txt
15078,Heavy Scorpid Gauntlet,wowhead_forever_gearplanner.txt
15079,Heavy Scorpid Leggings,wowhead_forever_gearplanner.txt
15080,Heavy Scorpid Helm,wowhead_forever_gearplanner.txt
15081,Heavy Scorpid Shoulders,wowhead_forever_gearplanner.txt
15082,Heavy Scorpid Belt,wowhead_forever_gearplanner.txt
15083,Wicked Leather Gauntlets,wowhead_forever_gearplanner.txt
15084,Wicked Leather Bracers,wowhead_forever_gearplanner.txt
15085,Wicked Leather Armor,wowhead_forever_gearplanner.txt
15086,Wicked Leather Headband,wowhead_forever_gearplanner.txt
15087,Wicked Leather Pants,wowhead_forever_gearplanner.txt
15088,Wicked Leather Belt,wowhead_forever_gearplanner.txt
15090,Runic Leather Armor,wowhead_forever_gearplanner.txt
15091,Runic Leather Gauntlets,wowhead_forever_gearplanner.txt
15092,Runic Leather Bracers,wowhead_forever_gearplanner.txt
15093,Runic Leather Belt,wowhead_forever_gearplanner.txt
15094,Runic Leather Headband,wowhead_forever_gearplanner.txt
15095,Runic Leather Pants,wowhead_forever_gearplanner.txt
15096,Runic Leather Shoulders,wowhead_forever_gearplanner.txt
15104,Wingborne Boots,wowhead_forever_gearplanner.txt
15105,Staff of Noh'Orahil,wowhead_forever_gearplanner.txt
15106,Staff of Dar'Orahil,wowhead_forever_gearplanner.txt
15107,Orb of Noh'Orahil,wowhead_forever_gearplanner.txt
15108,Orb of Dar'Orahil,wowhead_forever_gearplanner.txt
15109,Staff of Soran'ruk,wowhead_forever_gearplanner.txt
15110,Rigid Belt,questiedb-foreverBaseItem.lua
15111,Rigid Moccasins,questiedb-foreverBaseItem.lua
15112,Rigid Bracelets,wowhead_forever_gearplanner.txt
15113,Rigid Buckler,questiedb-foreverBaseItem.lua
15114,Rigid Cape,questiedb-foreverBaseItem.lua
15115,Rigid Gloves,questiedb-foreverBaseItem.lua
15116,Rigid Shoulders,wowhead_forever_gearplanner.txt
15117,Rigid Leggings,wowhead_forever_gearplanner.txt
15118,Rigid Tunic,wowhead_forever_gearplanner.txt
15119,Highborne Pants,wowhead_forever_gearplanner.txt
15120,Robust Girdle,wowhead_forever_gearplanner.txt
15121,Robust Boots,wowhead_forever_gearplanner.txt
15122,Robust Bracers,questiedb-foreverBaseItem.lua
15123,Robust Buckler,wowhead_forever_gearplanner.txt
15124,Robust Cloak,wowhead_forever_gearplanner.txt
15125,Robust Gloves,wowhead_forever_gearplanner.txt
15126,Robust Leggings,wowhead_forever_gearplanner.txt
15127,Robust Shoulders,wowhead_forever_gearplanner.txt
15128,Robust Tunic,wowhead_forever_gearplanner.txt
15129,Robust Helm,wowhead_forever_gearplanner.txt
15130,Cutthroat's Vest,wowhead_forever_gearplanner.txt
15131,Cutthroat's Boots,wowhead_forever_gearplanner.txt
15132,Cutthroat's Armguards,wowhead_forever_gearplanner.txt
15133,Cutthroat's Buckler,wowhead_forever_gearplanner.txt
15134,Cutthroat's Hat,wowhead_forever_gearplanner.txt
15135,Cutthroat's Cape,wowhead_forever_gearplanner.txt
15136,Cutthroat's Belt,wowhead_forever_gearplanner.txt
15137,Cutthroat's Mitts,wowhead_forever_gearplanner.txt
15138,Onyxia Scale Cloak,wowhead_forever_gearplanner.txt
15139,Cutthroat's Pants,wowhead_forever_gearplanner.txt
15140,Cutthroat's Mantle,wowhead_forever_gearplanner.txt
15142,Ghostwalker Boots,wowhead_forever_gearplanner.txt
15143,Ghostwalker Bindings,wowhead_forever_gearplanner.txt
15144,Ghostwalker Rags,wowhead_forever_gearplanner.txt
15145,Ghostwalker Buckler,wowhead_forever_gearplanner.txt
15146,Ghostwalker Crown,wowhead_forever_gearplanner.txt
15147,Ghostwalker Cloak,wowhead_forever_gearplanner.txt
15148,Ghostwalker Belt,wowhead_forever_gearplanner.txt
15149,Ghostwalker Gloves,wowhead_forever_gearplanner.txt
15150,Ghostwalker Pads,wowhead_forever_gearplanner.txt
15151,Ghostwalker Legguards,wowhead_forever_gearplanner.txt
15152,Nocturnal Shoes,wowhead_forever_gearplanner.txt
15153,Nocturnal Cloak,wowhead_forever_gearplanner.txt
15154,Nocturnal Sash,wowhead_forever_gearplanner.txt
15155,Nocturnal Gloves,wowhead_forever_gearplanner.txt
15156,Nocturnal Cap,wowhead_forever_gearplanner.txt
15157,Nocturnal Leggings,wowhead_forever_gearplanner.txt
15158,Nocturnal Shoulder Pads,wowhead_forever_gearplanner.txt
15159,Nocturnal Tunic,wowhead_forever_gearplanner.txt
15160,Nocturnal Wristbands,wowhead_forever_gearplanner.txt
15161,Imposing Belt,wowhead_forever_gearplanner.txt
15162,Imposing Boots,wowhead_forever_gearplanner.txt
15163,Imposing Bracers,wowhead_forever_gearplanner.txt
15164,Imposing Vest,wowhead_forever_gearplanner.txt
15165,Imposing Cape,wowhead_forever_gearplanner.txt
15166,Imposing Gloves,questiedb-foreverBaseItem.lua
15167,Imposing Bandana,wowhead_forever_gearplanner.txt
15168,Imposing Pants,wowhead_forever_gearplanner.txt
15169,Imposing Shoulders,wowhead_forever_gearplanner.txt
15170,Potent Armor,wowhead_forever_gearplanner.txt
15171,Potent Boots,wowhead_forever_gearplanner.txt
15172,Potent Bands,wowhead_forever_gearplanner.txt
15173,Potent Cape,wowhead_forever_gearplanner.txt
15174,Potent Gloves,wowhead_forever_gearplanner.txt
15175,Potent Helmet,wowhead_forever_gearplanner.txt
15176,Potent Pants,wowhead_forever_gearplanner.txt
15177,Potent Shoulders,wowhead_forever_gearplanner.txt
15178,Potent Belt,wowhead_forever_gearplanner.txt
15179,Praetorian Padded Armor,wowhead_forever_gearplanner.txt
15180,Praetorian Girdle,wowhead_forever_gearplanner.txt
15181,Praetorian Boots,wowhead_forever_gearplanner.txt
15182,Praetorian Wristbands,wowhead_forever_gearplanner.txt
15183,Praetorian Cloak,wowhead_forever_gearplanner.txt
15184,Praetorian Gloves,wowhead_forever_gearplanner.txt
15185,Praetorian Coif,wowhead_forever_gearplanner.txt
15186,Praetorian Leggings,wowhead_forever_gearplanner.txt
15187,Praetorian Pauldrons,wowhead_forever_gearplanner.txt
15188,Grand Armguards,wowhead_forever_gearplanner.txt
15189,Grand Boots,wowhead_forever_gearplanner.txt
15190,Grand Cloak,wowhead_forever_gearplanner.txt
15191,Grand Belt,wowhead_forever_gearplanner.txt
15192,Grand Gauntlets,wowhead_forever_gearplanner.txt
15193,Grand Crown,wowhead_forever_gearplanner.txt
15194,Grand Legguards,wowhead_forever_gearplanner.txt
15195,Grand Breastplate,wowhead_forever_gearplanner.txt
15196,Private's Tabard,wowhead_forever_gearplanner.txt
15197,Scout's Tabard,wowhead_forever_gearplanner.txt
15198,Knight's Colors,wowhead_forever_gearplanner.txt
15199,Stone Guard's Herald,wowhead_forever_gearplanner.txt
15200,Senior Sergeant's Insignia,wowhead_forever_gearplanner.txt
15202,Wildkeeper Leggings,wowhead_forever_gearplanner.txt
15203,Guststorm Legguards,wowhead_forever_gearplanner.txt
15204,Moonstone Wand,wowhead_forever_gearplanner.txt
15205,Owlsight Rifle,wowhead_forever_gearplanner.txt
15206,Jadefinger Baton,wowhead_forever_gearplanner.txt
15207,Steelcap Shield,wowhead_forever_gearplanner.txt
15210,Raider Shortsword,wowhead_forever_gearplanner.txt
15211,Militant Shortsword,wowhead_forever_gearplanner.txt
15212,Fighter Broadsword,wowhead_forever_gearplanner.txt
15213,Mercenary Blade,wowhead_forever_gearplanner.txt
15214,Nobles Brand,wowhead_forever_gearplanner.txt
15215,Furious Falchion,wowhead_forever_gearplanner.txt
15216,Rune Sword,wowhead_forever_gearplanner.txt
15217,Widow Blade,wowhead_forever_gearplanner.txt
15218,Crystal Sword,wowhead_forever_gearplanner.txt
15219,Dimensional Blade,wowhead_forever_gearplanner.txt
15220,Battlefell Sabre,wowhead_forever_gearplanner.txt
15221,Holy War Sword,wowhead_forever_gearplanner.txt
15222,Barbed Club,wowhead_forever_gearplanner.txt
15223,Jagged Star,wowhead_forever_gearplanner.txt
15224,Battlesmasher,wowhead_forever_gearplanner.txt
15225,Sequoia Hammer,wowhead_forever_gearplanner.txt
15226,Giant Club,wowhead_forever_gearplanner.txt
15227,Diamond-Tip Bludgeon,wowhead_forever_gearplanner.txt
15228,Smashing Star,wowhead_forever_gearplanner.txt
15229,Blesswind Hammer,wowhead_forever_gearplanner.txt
15230,Ridge Cleaver,wowhead_forever_gearplanner.txt
15231,Splitting Hatchet,wowhead_forever_gearplanner.txt
15232,Hacking Cleaver,wowhead_forever_gearplanner.txt
15233,Savage Axe,wowhead_forever_gearplanner.txt
15234,Greater Scythe,wowhead_forever_gearplanner.txt
15235,Crescent Edge,wowhead_forever_gearplanner.txt
15236,Moon Cleaver,wowhead_forever_gearplanner.txt
15237,Corpse Harvester,wowhead_forever_gearplanner.txt
15238,Warlord's Axe,wowhead_forever_gearplanner.txt
15239,Felstone Reaver,wowhead_forever_gearplanner.txt
15240,Demon's Claw,wowhead_forever_gearplanner.txt
15241,Battle Knife,wowhead_forever_gearplanner.txt
15242,Honed Stiletto,wowhead_forever_gearplanner.txt
15243,Deadly Kris,wowhead_forever_gearplanner.txt
15244,Razor Blade,wowhead_forever_gearplanner.txt
15245,Vorpal Dagger,wowhead_forever_gearplanner.txt
15246,Demon Blade,wowhead_forever_gearplanner.txt
15247,Bloodstrike Dagger,wowhead_forever_gearplanner.txt
15248,Gleaming Claymore,wowhead_forever_gearplanner.txt
15249,Polished Zweihander,wowhead_forever_gearplanner.txt
15250,Glimmering Flamberge,wowhead_forever_gearplanner.txt
15251,Headstriker Sword,wowhead_forever_gearplanner.txt
15252,Tusker Sword,wowhead_forever_gearplanner.txt
15253,Beheading Blade,wowhead_forever_gearplanner.txt
15254,Dark Espadon,wowhead_forever_gearplanner.txt
15255,Gallant Flamberge,wowhead_forever_gearplanner.txt
15256,Massacre Sword,wowhead_forever_gearplanner.txt
15257,Shin Blade,wowhead_forever_gearplanner.txt
15258,Divine Warblade,wowhead_forever_gearplanner.txt
15259,Hefty Battlehammer,wowhead_forever_gearplanner.txt
15260,Stone Hammer,wowhead_forever_gearplanner.txt
15261,Sequoia Branch,wowhead_forever_gearplanner.txt
15262,Greater Maul,wowhead_forever_gearplanner.txt
15263,Royal Mallet,wowhead_forever_gearplanner.txt
15264,Backbreaker,wowhead_forever_gearplanner.txt
15265,Painbringer,wowhead_forever_gearplanner.txt
15266,Fierce Mauler,wowhead_forever_gearplanner.txt
15267,Brutehammer,wowhead_forever_gearplanner.txt
15268,Twin-bladed Axe,wowhead_forever_gearplanner.txt
15269,Massive Battle Axe,wowhead_forever_gearplanner.txt
15270,Gigantic War Axe,wowhead_forever_gearplanner.txt
15271,Colossal Great Axe,wowhead_forever_gearplanner.txt
15272,Razor Axe,wowhead_forever_gearplanner.txt
15273,Death Striker,wowhead_forever_gearplanner.txt
15274,Diviner Long Staff,wowhead_forever_gearplanner.txt
15275,Thaumaturgist Staff,wowhead_forever_gearplanner.txt
15276,Magus Long Staff,wowhead_forever_gearplanner.txt
15278,Solstice Staff,wowhead_forever_gearplanner.txt
15279,Ivory Wand,wowhead_forever_gearplanner.txt
15280,Wizard's Hand,wowhead_forever_gearplanner.txt
15281,Glowstar Rod,wowhead_forever_gearplanner.txt
15282,Dragon Finger,wowhead_forever_gearplanner.txt
15283,Lunar Wand,wowhead_forever_gearplanner.txt
15284,Long Battle Bow,wowhead_forever_gearplanner.txt
15285,Archer's Longbow,wowhead_forever_gearplanner.txt
15286,Long Redwood Bow,wowhead_forever_gearplanner.txt
15287,Crusader Bow,wowhead_forever_gearplanner.txt
15288,Blasthorn Bow,wowhead_forever_gearplanner.txt
15289,Archstrike Bow,wowhead_forever_gearplanner.txt
15291,Harpy Needler,wowhead_forever_gearplanner.txt
15294,Siege Bow,wowhead_forever_gearplanner.txt
15295,Quillfire Bow,wowhead_forever_gearplanner.txt
15296,Hawkeye Bow,wowhead_forever_gearplanner.txt
15297,Grizzly Bracers,questiedb-foreverBaseItem.lua
15298,Grizzly Buckler,questiedb-foreverBaseItem.lua
15299,Grizzly Cape,questiedb-foreverBaseItem.lua
15300,Grizzly Gloves,questiedb-foreverBaseItem.lua
15301,Grizzly Slippers,questiedb-foreverBaseItem.lua
15302,Grizzly Belt,questiedb-foreverBaseItem.lua
15303,Grizzly Pants,questiedb-foreverBaseItem.lua
15304,Grizzly Jerkin,questiedb-foreverBaseItem.lua
15305,Feral Shoes,wowhead_forever_gearplanner.txt
15306,Feral Bindings,wowhead_forever_gearplanner.txt
15307,Feral Buckler,questiedb-foreverBaseItem.lua
15308,Feral Cord,wowhead_forever_gearplanner.txt
15309,Feral Cloak,questiedb-foreverBaseItem.lua
15310,Feral Gloves,wowhead_forever_gearplanner.txt
15311,Feral Harness,wowhead_forever_gearplanner.txt
15312,Feral Leggings,questiedb-foreverBaseItem.lua
15313,Feral Shoulder Pads,wowhead_forever_gearplanner.txt
15314,Bundle of Relics,questiedb-foreverBaseItem.lua
15322,Smoothbore Gun,wowhead_forever_gearplanner.txt
15323,Percussion Shotgun,wowhead_forever_gearplanner.txt
15324,Burnside Rifle,wowhead_forever_gearplanner.txt
15325,Sharpshooter Harquebus,wowhead_forever_gearplanner.txt
15326,Gleaming Throwing Axe,questiedb-foreverBaseItem.lua
15327,Wicked Throwing Dagger,questiedb-foreverBaseItem.lua
15329,Wrangler's Belt,questiedb-foreverBaseItem.lua
15330,Wrangler's Boots,wowhead_forever_gearplanner.txt
15331,Wrangler's Wristbands,wowhead_forever_gearplanner.txt
15332,Wrangler's Buckler,wowhead_forever_gearplanner.txt
15333,Wrangler's Cloak,questiedb-foreverBaseItem.lua
15334,Wrangler's Gloves,wowhead_forever_gearplanner.txt
15335,Briarsteel Shortsword,wowhead_forever_gearplanner.txt
15336,Wrangler's Leggings,wowhead_forever_gearplanner.txt
15337,Wrangler's Wraps,wowhead_forever_gearplanner.txt
15338,Wrangler's Mantle,wowhead_forever_gearplanner.txt
15339,Pathfinder Hat,wowhead_forever_gearplanner.txt
15340,Pathfinder Cloak,wowhead_forever_gearplanner.txt
15341,Pathfinder Footpads,wowhead_forever_gearplanner.txt
15342,Pathfinder Guard,wowhead_forever_gearplanner.txt
15343,Pathfinder Gloves,wowhead_forever_gearplanner.txt
15344,Pathfinder Pants,wowhead_forever_gearplanner.txt
15345,Pathfinder Shoulder Pads,wowhead_forever_gearplanner.txt
15346,Pathfinder Vest,wowhead_forever_gearplanner.txt
15347,Pathfinder Belt,wowhead_forever_gearplanner.txt
15348,Pathfinder Bracers,wowhead_forever_gearplanner.txt
15349,Headhunter's Belt,wowhead_forever_gearplanner.txt
15350,Headhunter's Slippers,wowhead_forever_gearplanner.txt
15351,Headhunter's Bands,wowhead_forever_gearplanner.txt
15352,Headhunter's Buckler,wowhead_forever_gearplanner.txt
15353,Headhunter's Headdress,wowhead_forever_gearplanner.txt
15354,Headhunter's Cloak,wowhead_forever_gearplanner.txt
15355,Headhunter's Mitts,wowhead_forever_gearplanner.txt
15356,Headhunter's Armor,wowhead_forever_gearplanner.txt
15357,Headhunter's Spaulders,wowhead_forever_gearplanner.txt
15358,Headhunter's Woolies,wowhead_forever_gearplanner.txt
15359,Trickster's Vest,wowhead_forever_gearplanner.txt
15360,Trickster's Bindings,wowhead_forever_gearplanner.txt
15361,Trickster's Sash,wowhead_forever_gearplanner.txt
15362,Trickster's Boots,wowhead_forever_gearplanner.txt
15363,Trickster's Headdress,wowhead_forever_gearplanner.txt
15364,Trickster's Cloak,wowhead_forever_gearplanner.txt
15365,Trickster's Handwraps,wowhead_forever_gearplanner.txt
15366,Trickster's Leggings,wowhead_forever_gearplanner.txt
15367,Trickster's Protector,wowhead_forever_gearplanner.txt
15368,Trickster's Pauldrons,wowhead_forever_gearplanner.txt
15369,Wolf Rider's Belt,wowhead_forever_gearplanner.txt
15370,Wolf Rider's Boots,wowhead_forever_gearplanner.txt
15371,Wolf Rider's Cloak,wowhead_forever_gearplanner.txt
15372,Wolf Rider's Gloves,wowhead_forever_gearplanner.txt
15373,Wolf Rider's Headgear,questiedb-foreverBaseItem.lua
15374,Wolf Rider's Leggings,wowhead_forever_gearplanner.txt
15375,Wolf Rider's Shoulder Pads,wowhead_forever_gearplanner.txt
15376,Wolf Rider's Padded Armor,wowhead_forever_gearplanner.txt
15377,Wolf Rider's Wristbands,wowhead_forever_gearplanner.txt
15378,Rageclaw Belt,wowhead_forever_gearplanner.txt
15379,Rageclaw Boots,wowhead_forever_gearplanner.txt
15380,Rageclaw Bracers,wowhead_forever_gearplanner.txt
15381,Rageclaw Chestguard,wowhead_forever_gearplanner.txt
15382,Rageclaw Cloak,wowhead_forever_gearplanner.txt
15383,Rageclaw Gloves,wowhead_forever_gearplanner.txt
15384,Rageclaw Helm,wowhead_forever_gearplanner.txt
15385,Rageclaw Leggings,wowhead_forever_gearplanner.txt
15386,Rageclaw Shoulder Pads,wowhead_forever_gearplanner.txt
15387,Jadefire Bracelets,wowhead_forever_gearplanner.txt
15388,Jadefire Belt,wowhead_forever_gearplanner.txt
15389,Jadefire Sabatons,wowhead_forever_gearplanner.txt
15390,Jadefire Chestguard,wowhead_forever_gearplanner.txt
15391,Jadefire Cap,wowhead_forever_gearplanner.txt
15392,Jadefire Cloak,wowhead_forever_gearplanner.txt
15393,Jadefire Gloves,wowhead_forever_gearplanner.txt
15394,Jadefire Pants,wowhead_forever_gearplanner.txt
15395,Jadefire Epaulets,wowhead_forever_gearplanner.txt
15396,Curvewood Dagger,wowhead_forever_gearplanner.txt
15397,Oakthrush Staff,wowhead_forever_gearplanner.txt
15398,Sandcomber Boots,wowhead_forever_gearplanner.txt
15399,Dryweed Belt,wowhead_forever_gearplanner.txt
15400,Clamshell Bracers,wowhead_forever_gearplanner.txt
15401,Welldrip Gloves,wowhead_forever_gearplanner.txt
15402,Noosegrip Gauntlets,wowhead_forever_gearplanner.txt
15403,Ridgeback Bracers,wowhead_forever_gearplanner.txt
15404,Breakwater Girdle,wowhead_forever_gearplanner.txt
15405,Shucking Gloves,wowhead_forever_gearplanner.txt
15406,Crustacean Boots,wowhead_forever_gearplanner.txt
15413,Ornate Adamantium Breastplate,wowhead_forever_gearplanner.txt
15420,Ironfeather,questiedb-foreverBaseItem.lua
15422,Frostsaber Leather,questiedb-foreverBaseItem.lua
15423,Chimera Leather,questiedb-foreverBaseItem.lua
15424,Axe of Orgrimmar,wowhead_forever_gearplanner.txt
15425,Peerless Bracers,wowhead_forever_gearplanner.txt
15426,Peerless Boots,wowhead_forever_gearplanner.txt
15427,Peerless Cloak,wowhead_forever_gearplanner.txt
15428,Peerless Belt,wowhead_forever_gearplanner.txt
15429,Peerless Gloves,wowhead_forever_gearplanner.txt
15430,Peerless Headband,wowhead_forever_gearplanner.txt
15431,Peerless Leggings,wowhead_forever_gearplanner.txt
15432,Peerless Shoulders,wowhead_forever_gearplanner.txt
15433,Peerless Armor,wowhead_forever_gearplanner.txt
15434,Supreme Sash,wowhead_forever_gearplanner.txt
15435,Supreme Shoes,wowhead_forever_gearplanner.txt
15436,Supreme Bracers,wowhead_forever_gearplanner.txt
15437,Supreme Cape,wowhead_forever_gearplanner.txt
15438,Supreme Gloves,wowhead_forever_gearplanner.txt
15439,Supreme Crown,wowhead_forever_gearplanner.txt
15440,Supreme Leggings,wowhead_forever_gearplanner.txt
15441,Supreme Shoulders,wowhead_forever_gearplanner.txt
15442,Supreme Breastplate,wowhead_forever_gearplanner.txt
15443,Kris of Orgrimmar,wowhead_forever_gearplanner.txt
15444,Staff of Orgrimmar,wowhead_forever_gearplanner.txt
15445,Hammer of Orgrimmar,wowhead_forever_gearplanner.txt
15449,Ghastly Trousers,wowhead_forever_gearplanner.txt
15450,Dredgemire Leggings,wowhead_forever_gearplanner.txt
15451,Gargoyle Leggings,wowhead_forever_gearplanner.txt
15452,Featherbead Bracers,wowhead_forever_gearplanner.txt
15453,Savannah Bracers,wowhead_forever_gearplanner.txt
15455,Dustfall Robes,wowhead_forever_gearplanner.txt
15456,Lightstep Leggings,wowhead_forever_gearplanner.txt
15457,Desert Shoulders,wowhead_forever_gearplanner.txt
15458,Tundra Boots,wowhead_forever_gearplanner.txt
15459,Grimtoll Wristguards,wowhead_forever_gearplanner.txt
15461,Lightheel Boots,wowhead_forever_gearplanner.txt
15462,Loamflake Bracers,wowhead_forever_gearplanner.txt
15463,Palestrider Gloves,wowhead_forever_gearplanner.txt
15464,Brute Hammer,wowhead_forever_gearplanner.txt
15465,Stingshot Wand,wowhead_forever_gearplanner.txt
15466,Clink Shield,wowhead_forever_gearplanner.txt
15467,Inventor's League Ring,wowhead_forever_gearplanner.txt
15468,Windsong Drape,wowhead_forever_gearplanner.txt
15469,Windsong Cinch,wowhead_forever_gearplanner.txt
15470,Plainsguard Leggings,wowhead_forever_gearplanner.txt
15471,Brawnhide Armor,wowhead_forever_gearplanner.txt
15472,Charger's Belt,questiedb-foreverBaseItem.lua
15473,Charger's Boots,questiedb-foreverBaseItem.lua
15474,Charger's Bindings,questiedb-foreverBaseItem.lua
15475,Charger's Cloak,questiedb-foreverBaseItem.lua
15476,Charger's Handwraps,questiedb-foreverBaseItem.lua
15477,Charger's Pants,questiedb-foreverBaseItem.lua
15478,Charger's Shield,questiedb-foreverBaseItem.lua
15479,Charger's Armor,questiedb-foreverBaseItem.lua
15480,War Torn Girdle,questiedb-foreverBaseItem.lua
15481,War Torn Greaves,questiedb-foreverBaseItem.lua
15482,War Torn Bands,questiedb-foreverBaseItem.lua
15483,War Torn Cape,questiedb-foreverBaseItem.lua
15484,War Torn Handgrips,questiedb-foreverBaseItem.lua
15485,War Torn Pants,questiedb-foreverBaseItem.lua
15486,War Torn Shield,questiedb-foreverBaseItem.lua
15487,War Torn Tunic,wowhead_forever_gearplanner.txt
15488,Bloodspattered Surcoat,wowhead_forever_gearplanner.txt
15489,Bloodspattered Sabatons,wowhead_forever_gearplanner.txt
15490,Bloodspattered Cloak,questiedb-foreverBaseItem.lua
15491,Bloodspattered Gloves,wowhead_forever_gearplanner.txt
15492,Bloodspattered Sash,wowhead_forever_gearplanner.txt
15493,Bloodspattered Loincloth,wowhead_forever_gearplanner.txt
15494,Bloodspattered Shield,questiedb-foreverBaseItem.lua
15495,Bloodspattered Wristbands,wowhead_forever_gearplanner.txt
15496,Bloodspattered Shoulder Pads,wowhead_forever_gearplanner.txt
15497,Outrunner's Cord,wowhead_forever_gearplanner.txt
15498,Outrunner's Slippers,wowhead_forever_gearplanner.txt
15499,Outrunner's Cuffs,wowhead_forever_gearplanner.txt
15500,Outrunner's Chestguard,wowhead_forever_gearplanner.txt
15501,Outrunner's Cloak,wowhead_forever_gearplanner.txt
15502,Outrunner's Gloves,wowhead_forever_gearplanner.txt
15503,Outrunner's Legguards,questiedb-foreverBaseItem.lua
15504,Outrunner's Shield,wowhead_forever_gearplanner.txt
15505,Outrunner's Pauldrons,wowhead_forever_gearplanner.txt
15506,Grunt's AnkleWraps,wowhead_forever_gearplanner.txt
15507,Grunt's Bracers,wowhead_forever_gearplanner.txt
15508,Grunt's Cape,wowhead_forever_gearplanner.txt
15509,Grunt's Handwraps,wowhead_forever_gearplanner.txt
15510,Grunt's Belt,questiedb-foreverBaseItem.lua
15511,Grunt's Legguards,questiedb-foreverBaseItem.lua
15512,Grunt's Shield,wowhead_forever_gearplanner.txt
15513,Grunt's Pauldrons,wowhead_forever_gearplanner.txt
15514,Grunt's Chestpiece,wowhead_forever_gearplanner.txt
15515,Spiked Chain Belt,questiedb-foreverBaseItem.lua
15516,Spiked Chain Slippers,wowhead_forever_gearplanner.txt
15517,Spiked Chain Wristbands,wowhead_forever_gearplanner.txt
15518,Spiked Chain Breastplate,wowhead_forever_gearplanner.txt
15519,Spiked Chain Cloak,wowhead_forever_gearplanner.txt
15520,Spiked Chain Gauntlets,wowhead_forever_gearplanner.txt
15521,Spiked Chain Leggings,wowhead_forever_gearplanner.txt
15522,Spiked Chain Shield,wowhead_forever_gearplanner.txt
15523,Spiked Chain Shoulder Pads,wowhead_forever_gearplanner.txt
15524,Sentry's Surcoat,wowhead_forever_gearplanner.txt
15525,Sentry's Slippers,wowhead_forever_gearplanner.txt
15526,Sentry's Cape,wowhead_forever_gearplanner.txt
15527,Sentry's Gloves,wowhead_forever_gearplanner.txt
15528,Sentry's Sash,wowhead_forever_gearplanner.txt
15529,Sentry's Leggings,wowhead_forever_gearplanner.txt
15530,Sentry's Shield,wowhead_forever_gearplanner.txt
15531,Sentry's Shoulderguards,wowhead_forever_gearplanner.txt
15532,Sentry's Armsplints,wowhead_forever_gearplanner.txt
15533,Sentry's Headdress,wowhead_forever_gearplanner.txt
15534,Wicked Chain Boots,wowhead_forever_gearplanner.txt
15535,Wicked Chain Bracers,wowhead_forever_gearplanner.txt
15536,Wicked Chain Chestpiece,wowhead_forever_gearplanner.txt
15537,Wicked Chain Cloak,wowhead_forever_gearplanner.txt
15538,Wicked Chain Gauntlets,wowhead_forever_gearplanner.txt
15539,Wicked Chain Waistband,wowhead_forever_gearplanner.txt
15540,Wicked Chain Helmet,wowhead_forever_gearplanner.txt
15541,Wicked Chain Legguards,wowhead_forever_gearplanner.txt
15542,Wicked Chain Shoulder Pads,wowhead_forever_gearplanner.txt
15543,Wicked Chain Shield,wowhead_forever_gearplanner.txt
15544,Thick Scale Sabatons,wowhead_forever_gearplanner.txt
15545,Thick Scale Bracelets,wowhead_forever_gearplanner.txt
15546,Thick Scale Breastplate,wowhead_forever_gearplanner.txt
15547,Thick Scale Cloak,wowhead_forever_gearplanner.txt
15548,Thick Scale Gauntlets,wowhead_forever_gearplanner.txt
15549,Thick Scale Belt,wowhead_forever_gearplanner.txt
15550,Thick Scale Crown,wowhead_forever_gearplanner.txt
15551,Thick Scale Legguards,wowhead_forever_gearplanner.txt
15552,Thick Scale Shield,wowhead_forever_gearplanner.txt
15553,Thick Scale Shoulder Pads,wowhead_forever_gearplanner.txt
15554,Pillager's Girdle,wowhead_forever_gearplanner.txt
15555,Pillager's Boots,wowhead_forever_gearplanner.txt
15556,Pillager's Bracers,wowhead_forever_gearplanner.txt
15557,Pillager's Chestguard,wowhead_forever_gearplanner.txt
15558,Pillager's Crown,wowhead_forever_gearplanner.txt
15559,Pillager's Cloak,wowhead_forever_gearplanner.txt
15560,Pillager's Gloves,wowhead_forever_gearplanner.txt
15561,Pillager's Leggings,wowhead_forever_gearplanner.txt
15562,Pillager's Pauldrons,wowhead_forever_gearplanner.txt
15563,Pillager's Shield,wowhead_forever_gearplanner.txt
15565,Marauder's Boots,wowhead_forever_gearplanner.txt
15566,Marauder's Bracers,wowhead_forever_gearplanner.txt
15567,Marauder's Tunic,wowhead_forever_gearplanner.txt
15568,Marauder's Cloak,wowhead_forever_gearplanner.txt
15569,Marauder's Crest,wowhead_forever_gearplanner.txt
15570,Marauder's Gauntlets,wowhead_forever_gearplanner.txt
15571,Marauder's Belt,wowhead_forever_gearplanner.txt
15572,Marauder's Circlet,wowhead_forever_gearplanner.txt
15573,Marauder's Leggings,wowhead_forever_gearplanner.txt
15574,Marauder's Shoulder Pads,wowhead_forever_gearplanner.txt
15575,Sparkleshell Belt,wowhead_forever_gearplanner.txt
15576,Sparkleshell Sabatons,wowhead_forever_gearplanner.txt
15577,Sparkleshell Bracers,wowhead_forever_gearplanner.txt
15578,Sparkleshell Breastplate,wowhead_forever_gearplanner.txt
15579,Sparkleshell Cloak,wowhead_forever_gearplanner.txt
15580,Sparkleshell Headwrap,wowhead_forever_gearplanner.txt
15581,Sparkleshell Gauntlets,wowhead_forever_gearplanner.txt
15582,Sparkleshell Legguards,wowhead_forever_gearplanner.txt
15583,Sparkleshell Shoulder Pads,wowhead_forever_gearplanner.txt
15584,Sparkleshell Shield,wowhead_forever_gearplanner.txt
15585,Pardoc Grips,wowhead_forever_gearplanner.txt
15587,Ringtail Girdle,wowhead_forever_gearplanner.txt
15588,Bracesteel Belt,wowhead_forever_gearplanner.txt
15589,Steadfast Stompers,wowhead_forever_gearplanner.txt
15590,Steadfast Bracelets,wowhead_forever_gearplanner.txt
15591,Steadfast Breastplate,wowhead_forever_gearplanner.txt
15592,Steadfast Buckler,wowhead_forever_gearplanner.txt
15593,Steadfast Coronet,wowhead_forever_gearplanner.txt
15594,Steadfast Cloak,wowhead_forever_gearplanner.txt
15595,Steadfast Gloves,wowhead_forever_gearplanner.txt
15596,Steadfast Legplates,wowhead_forever_gearplanner.txt
15597,Steadfast Shoulders,wowhead_forever_gearplanner.txt
15598,Steadfast Girdle,wowhead_forever_gearplanner.txt
15599,Ancient Greaves,wowhead_forever_gearplanner.txt
15600,Ancient Vambraces,wowhead_forever_gearplanner.txt
15601,Ancient Chestpiece,wowhead_forever_gearplanner.txt
15602,Ancient Crown,wowhead_forever_gearplanner.txt
15603,Ancient Cloak,wowhead_forever_gearplanner.txt
15604,Ancient Defender,wowhead_forever_gearplanner.txt
15605,Ancient Gauntlets,wowhead_forever_gearplanner.txt
15606,Ancient Belt,wowhead_forever_gearplanner.txt
15607,Ancient Legguards,wowhead_forever_gearplanner.txt
15608,Ancient Pauldrons,wowhead_forever_gearplanner.txt
15609,Bonelink Armor,wowhead_forever_gearplanner.txt
15610,Bonelink Bracers,wowhead_forever_gearplanner.txt
15611,Bonelink Cape,wowhead_forever_gearplanner.txt
15612,Bonelink Gauntlets,wowhead_forever_gearplanner.txt
15613,Bonelink Belt,wowhead_forever_gearplanner.txt
15614,Bonelink Sabatons,wowhead_forever_gearplanner.txt
15615,Bonelink Helmet,wowhead_forever_gearplanner.txt
15616,Bonelink Legplates,questiedb-foreverBaseItem.lua
15617,Bonelink Epaulets,wowhead_forever_gearplanner.txt
15618,Bonelink Wall Shield,wowhead_forever_gearplanner.txt
15619,Gryphon Mail Belt,wowhead_forever_gearplanner.txt
15620,Gryphon Mail Bracelets,wowhead_forever_gearplanner.txt
15621,Gryphon Mail Buckler,wowhead_forever_gearplanner.txt
15622,Gryphon Mail Breastplate,wowhead_forever_gearplanner.txt
15623,Gryphon Mail Crown,wowhead_forever_gearplanner.txt
15624,Gryphon Cloak,wowhead_forever_gearplanner.txt
15625,Gryphon Mail Gauntlets,wowhead_forever_gearplanner.txt
15626,Gryphon Mail Greaves,wowhead_forever_gearplanner.txt
15627,Gryphon Mail Legguards,wowhead_forever_gearplanner.txt
15628,Gryphon Mail Pauldrons,wowhead_forever_gearplanner.txt
15629,Formidable Bracers,wowhead_forever_gearplanner.txt
15630,Formidable Sabatons,wowhead_forever_gearplanner.txt
15631,Formidable Chestpiece,wowhead_forever_gearplanner.txt
15632,Formidable Cape,wowhead_forever_gearplanner.txt
15633,Formidable Crest,wowhead_forever_gearplanner.txt
15634,Formidable Circlet,wowhead_forever_gearplanner.txt
15635,Formidable Gauntlets,wowhead_forever_gearplanner.txt
15636,Formidable Belt,wowhead_forever_gearplanner.txt
15637,Formidable Legguards,questiedb-foreverBaseItem.lua
15638,Formidable Shoulder Pads,wowhead_forever_gearplanner.txt
15639,Ironhide Bracers,wowhead_forever_gearplanner.txt
15640,Ironhide Breastplate,wowhead_forever_gearplanner.txt
15641,Ironhide Belt,wowhead_forever_gearplanner.txt
15642,Ironhide Greaves,questiedb-foreverBaseItem.lua
15643,Ironhide Cloak,wowhead_forever_gearplanner.txt
15644,Ironhide Gauntlets,wowhead_forever_gearplanner.txt
15645,Ironhide Helmet,wowhead_forever_gearplanner.txt
15646,Ironhide Legguards,wowhead_forever_gearplanner.txt
15647,Ironhide Pauldrons,wowhead_forever_gearplanner.txt
15648,Ironhide Shield,wowhead_forever_gearplanner.txt
15649,Merciless Bracers,wowhead_forever_gearplanner.txt
15650,Merciless Surcoat,wowhead_forever_gearplanner.txt
15651,Merciless Crown,wowhead_forever_gearplanner.txt
15652,Merciless Cloak,wowhead_forever_gearplanner.txt
15653,Merciless Gauntlets,wowhead_forever_gearplanner.txt
15654,Merciless Belt,wowhead_forever_gearplanner.txt
15655,Merciless Legguards,wowhead_forever_gearplanner.txt
15656,Merciless Epaulets,wowhead_forever_gearplanner.txt
15657,Merciless Shield,wowhead_forever_gearplanner.txt
15658,Impenetrable Sabatons,wowhead_forever_gearplanner.txt
15659,Impenetrable Bindings,wowhead_forever_gearplanner.txt
15660,Impenetrable Breastplate,wowhead_forever_gearplanner.txt
15661,Impenetrable Cloak,wowhead_forever_gearplanner.txt
15662,Impenetrable Gauntlets,wowhead_forever_gearplanner.txt
15663,Impenetrable Belt,wowhead_forever_gearplanner.txt
15664,Impenetrable Helmet,wowhead_forever_gearplanner.txt
15665,Impenetrable Legguards,wowhead_forever_gearplanner.txt
15666,Impenetrable Pauldrons,wowhead_forever_gearplanner.txt
15667,Impenetrable Wall,wowhead_forever_gearplanner.txt
15668,Magnificent Bracers,wowhead_forever_gearplanner.txt
15669,Magnificent Breastplate,wowhead_forever_gearplanner.txt
15670,Magnificent Helmet,wowhead_forever_gearplanner.txt
15671,Magnificent Cloak,wowhead_forever_gearplanner.txt
15672,Magnificent Gauntlets,wowhead_forever_gearplanner.txt
15673,Magnificent Belt,wowhead_forever_gearplanner.txt
15674,Magnificent Greaves,wowhead_forever_gearplanner.txt
15675,Magnificent Guard,wowhead_forever_gearplanner.txt
15676,Magnificent Leggings,wowhead_forever_gearplanner.txt
15677,Magnificent Shoulders,wowhead_forever_gearplanner.txt
15678,Triumphant Sabatons,wowhead_forever_gearplanner.txt
15679,Triumphant Bracers,wowhead_forever_gearplanner.txt
15680,Triumphant Chestpiece,wowhead_forever_gearplanner.txt
15681,Triumphant Cloak,wowhead_forever_gearplanner.txt
15682,Triumphant Gauntlets,wowhead_forever_gearplanner.txt
15683,Triumphant Girdle,wowhead_forever_gearplanner.txt
15684,Triumphant Skullcap,wowhead_forever_gearplanner.txt
15685,Triumphant Legplates,wowhead_forever_gearplanner.txt
15686,Triumphant Shoulder Pads,wowhead_forever_gearplanner.txt
15687,Triumphant Shield,wowhead_forever_gearplanner.txt
15689,Trader's Ring,wowhead_forever_gearplanner.txt
15690,Kodobone Necklace,wowhead_forever_gearplanner.txt
15691,Sidegunner Shottie,wowhead_forever_gearplanner.txt
15692,Kodo Brander,wowhead_forever_gearplanner.txt
15693,Grand Shoulders,wowhead_forever_gearplanner.txt
15694,Merciless Greaves,wowhead_forever_gearplanner.txt
15695,Studded Ring Shield,wowhead_forever_gearplanner.txt
15697,Kodo Rustler Boots,wowhead_forever_gearplanner.txt
15698,Wrangling Spaulders,wowhead_forever_gearplanner.txt
15702,Chemist's Ring,wowhead_forever_gearplanner.txt
15703,Chemist's Smock,wowhead_forever_gearplanner.txt
15704,Hunter's Insignia Medal,wowhead_forever_gearplanner.txt
15705,Tidecrest Blade,wowhead_forever_gearplanner.txt
15706,Hunt Tracker Blade,wowhead_forever_gearplanner.txt
15707,Brantwood Sash,wowhead_forever_gearplanner.txt
15708,Blight Leather Gloves,wowhead_forever_gearplanner.txt
15709,Gearforge Girdle,wowhead_forever_gearplanner.txt
15723,Tea with Sugar,questiedb-foreverBaseItem.lua
15778,Mechanical Yeti,questiedb-foreverBaseItem.lua
15782,Beaststalker Blade,wowhead_forever_gearplanner.txt
15783,Beasthunter Dagger,wowhead_forever_gearplanner.txt
15784,Crystal Breeze Mantle,wowhead_forever_gearplanner.txt
15786,Fernpulse Jerkin,wowhead_forever_gearplanner.txt
15787,Willow Band Hauberk,wowhead_forever_gearplanner.txt
15789,Deep River Cloak,wowhead_forever_gearplanner.txt
15791,Turquoise Sash,wowhead_forever_gearplanner.txt
15792,Plow Wood Spaulders,wowhead_forever_gearplanner.txt
15794,Ripped Ogre Loincloth,wowhead_forever_gearplanner.txt
15795,Emerald Mist Gauntlets,wowhead_forever_gearplanner.txt
15796,Seaspray Bracers,wowhead_forever_gearplanner.txt
15797,Shining Armplates,wowhead_forever_gearplanner.txt
15799,Heroic Commendation Medal,wowhead_forever_gearplanner.txt
15800,Intrepid Shortsword,wowhead_forever_gearplanner.txt
15801,Valiant Shortsword,wowhead_forever_gearplanner.txt
15802,Mooncloth Boots,wowhead_forever_gearplanner.txt
15804,Cerise Drape,wowhead_forever_gearplanner.txt
15806,Mirah's Song,wowhead_forever_gearplanner.txt
15807,Light Crossbow,wowhead_forever_gearplanner.txt
15808,Fine Light Crossbow,wowhead_forever_gearplanner.txt
15809,Heavy Crossbow,wowhead_forever_gearplanner.txt
15810,Short Spear,questiedb-foreverBaseItem.lua
15811,Heavy Spear,wowhead_forever_gearplanner.txt
15812,Orchid Amice,wowhead_forever_gearplanner.txt
15813,Gold Link Belt,wowhead_forever_gearplanner.txt
15814,Hameya's Slayer,wowhead_forever_gearplanner.txt
15815,Hameya's Cloak,wowhead_forever_gearplanner.txt
15822,Shadowskin Spaulders,wowhead_forever_gearplanner.txt
15823,Bricksteel Gauntlets,wowhead_forever_gearplanner.txt
15846,Salt Shaker,questiedb-foreverBaseItem.lua
15855,Ring of Protection,wowhead_forever_gearplanner.txt
15856,Archlight Talisman,wowhead_forever_gearplanner.txt
15857,Magebane Scion,wowhead_forever_gearplanner.txt
15862,Blitzcleaver,wowhead_forever_gearplanner.txt
15863,Grave Scepter,wowhead_forever_gearplanner.txt
15864,Condor Bracers,wowhead_forever_gearplanner.txt
15865,Anchorhold Buckler,wowhead_forever_gearplanner.txt
15866,Veildust Medicine Bag,wowhead_forever_gearplanner.txt
15869,Silver Skeleton Key,questiedb-foreverBaseItem.lua
15870,Golden Skeleton Key,questiedb-foreverBaseItem.lua
15871,Truesilver Skeleton Key,questiedb-foreverBaseItem.lua
15872,Arcanite Skeleton Key,questiedb-foreverBaseItem.lua
15881,Rackmore's Golden Key,questiedb-foreverBaseItem.lua
15887,Heroic Guard,wowhead_forever_gearplanner.txt
15890,Vanguard Shield,wowhead_forever_gearplanner.txt
15891,Hulking Shield,wowhead_forever_gearplanner.txt
15892,Slayer's Shield,wowhead_forever_gearplanner.txt
15893,Prospector's Buckler,questiedb-foreverBaseItem.lua
15894,Bristlebark Buckler,wowhead_forever_gearplanner.txt
15895,Burnt Buckler,questiedb-foreverBaseItem.lua
15903,Right-Handed Claw,questiedb-foreverBaseItem.lua
15904,Right-Handed Blades,wowhead_forever_gearplanner.txt
15905,Right-Handed Brass Knuckles,questiedb-foreverBaseItem.lua
15906,Left-Handed Brass Knuckles,questiedb-foreverBaseItem.lua
15907,Left-Handed Claw,questiedb-foreverBaseItem.lua
15909,Left-Handed Blades,wowhead_forever_gearplanner.txt
15912,Buccaneer's Orb,questiedb-foreverBaseItem.lua
15918,Conjurer's Sphere,wowhead_forever_gearplanner.txt
15925,Journeyman's Stave,questiedb-foreverBaseItem.lua
15926,Spellbinder Orb,wowhead_forever_gearplanner.txt
15927,Bright Sphere,wowhead_forever_gearplanner.txt
15928,Silver-thread Rod,questiedb-foreverBaseItem.lua
15929,Nightsky Orb,wowhead_forever_gearplanner.txt
15930,Imperial Red Scepter,wowhead_forever_gearplanner.txt
15931,Arcane Star,wowhead_forever_gearplanner.txt
15932,Disciple's Stein,questiedb-foreverBaseItem.lua
15933,Simple Branch,wowhead_forever_gearplanner.txt
15934,Sage's Stave,wowhead_forever_gearplanner.txt
15935,Durable Rod,wowhead_forever_gearplanner.txt
15936,Duskwoven Branch,wowhead_forever_gearplanner.txt
15937,Hibernal Sphere,wowhead_forever_gearplanner.txt
15938,Mystical Orb,wowhead_forever_gearplanner.txt
15939,Councillor's Scepter,wowhead_forever_gearplanner.txt
15940,Elegant Scepter,wowhead_forever_gearplanner.txt
15941,High Councillor's Scepter,wowhead_forever_gearplanner.txt
15942,Master's Rod,wowhead_forever_gearplanner.txt
15943,Imbued Shield,wowhead_forever_gearplanner.txt
15944,Ancestral Orb,questiedb-foreverBaseItem.lua
15945,Runic Stave,wowhead_forever_gearplanner.txt
15946,Mystic's Sphere,wowhead_forever_gearplanner.txt
15947,Sanguine Star,wowhead_forever_gearplanner.txt
15962,Satyr's Rod,wowhead_forever_gearplanner.txt
15963,Stonecloth Branch,wowhead_forever_gearplanner.txt
15964,Silksand Star,questiedb-foreverBaseItem.lua
15965,Windchaser Orb,wowhead_forever_gearplanner.txt
15966,Venomshroud Orb,wowhead_forever_gearplanner.txt
15967,Highborne Star,wowhead_forever_gearplanner.txt
15968,Elunarian Sphere,wowhead_forever_gearplanner.txt
15969,Beaded Orb,questiedb-foreverBaseItem.lua
15970,Native Branch,questiedb-foreverBaseItem.lua
15971,Aboriginal Rod,wowhead_forever_gearplanner.txt
15972,Ritual Stein,wowhead_forever_gearplanner.txt
15973,Watcher's Star,wowhead_forever_gearplanner.txt
15974,Pagan Rod,wowhead_forever_gearplanner.txt
15975,Raincaller Scepter,wowhead_forever_gearplanner.txt
15976,Thistlefur Branch,wowhead_forever_gearplanner.txt
15977,Vital Orb,wowhead_forever_gearplanner.txt
15978,Geomancer's Rod,wowhead_forever_gearplanner.txt
15979,Embersilk Stave,wowhead_forever_gearplanner.txt
15980,Darkmist Orb,wowhead_forever_gearplanner.txt
15981,Lunar Sphere,wowhead_forever_gearplanner.txt
15982,Bloodwoven Rod,wowhead_forever_gearplanner.txt
15983,Gaea's Scepter,wowhead_forever_gearplanner.txt
15984,Opulent Scepter,wowhead_forever_gearplanner.txt
15985,Arachnidian Branch,wowhead_forever_gearplanner.txt
15986,Bonecaster's Star,wowhead_forever_gearplanner.txt
15987,Astral Orb,wowhead_forever_gearplanner.txt
15988,Resplendent Orb,wowhead_forever_gearplanner.txt
15989,Eternal Rod,wowhead_forever_gearplanner.txt
15990,Enduring Shield,wowhead_forever_gearplanner.txt
15991,Warleader's Shield,wowhead_forever_gearplanner.txt
15993,Thorium Grenade,questiedb-foreverBaseItem.lua
15995,Thorium Rifle,wowhead_forever_gearplanner.txt
15996,Lifelike Mechanical Toad,questiedb-foreverBaseItem.lua
15999,Spellpower Goggles Xtreme Plus,wowhead_forever_gearplanner.txt
16004,Dark Iron Rifle,wowhead_forever_gearplanner.txt
16005,Dark Iron Bomb,questiedb-foreverBaseItem.lua
16007,Flawless Arcanite Rifle,wowhead_forever_gearplanner.txt
16008,Master Engineer's Goggles,wowhead_forever_gearplanner.txt
16009,Voice Amplification Modulator,wowhead_forever_gearplanner.txt
16022,Arcanite Dragonling,wowhead_forever_gearplanner.txt
16023,Masterwork Target Dummy,questiedb-foreverBaseItem.lua
16036,PVP Cloth Robe Horde,wowhead_forever_gearplanner.txt
16037,PVP Cloth Legs Horde,wowhead_forever_gearplanner.txt
16040,Arcane Bomb,questiedb-foreverBaseItem.lua
16046,Schematic: Masterwork Target Dummy,questiedb-foreverBaseItem.lua
16047,Schematic: Thorium Tube,questiedb-foreverBaseItem.lua
16055,Schematic: Arcane Bomb,questiedb-foreverBaseItem.lua
16059,Common Brown Shirt,wowhead_forever_gearplanner.txt
16060,Common White Shirt,wowhead_forever_gearplanner.txt
16282,Bundle of Hides,questiedb-foreverBaseItem.lua
16308,Northridge Crowbar,questiedb-foreverBaseItem.lua
16309,Drakefire Amulet,wowhead_forever_gearplanner.txt
16315,Sergeant Major's Cape,wowhead_forever_gearplanner.txt
16335,Senior Sergeant's Insignia,wowhead_forever_gearplanner.txt
16336,Sergeant Major's Cape,wowhead_forever_gearplanner.txt
16337,Sergeant Major's Cape,wowhead_forever_gearplanner.txt
16341,Sergeant's Cloak,wowhead_forever_gearplanner.txt
16342,Sergeant's Cape,wowhead_forever_gearplanner.txt
16345,High Warlord's Blade,wowhead_forever_gearplanner.txt
16367,Knight-Captain's Silk Sash,wowhead_forever_gearplanner.txt
16369,Knight-Lieutenant's Silk Boots,wowhead_forever_gearplanner.txt
16370,Knight-Captain's Silk Cuffs,wowhead_forever_gearplanner.txt
16391,Knight-Lieutenant's Silk Gloves,wowhead_forever_gearplanner.txt
16392,Knight-Lieutenant's Leather Boots,wowhead_forever_gearplanner.txt
16393,Knight-Lieutenant's Dragonhide Footwraps,wowhead_forever_gearplanner.txt
16394,Knight-Captain's Leather Bracers,wowhead_forever_gearplanner.txt
16395,Knight-Captain's Dragonhide Armsplints,wowhead_forever_gearplanner.txt
16396,Knight-Lieutenant's Leather Gauntlets,wowhead_forever_gearplanner.txt
16397,Knight-Lieutenant's Dragonhide Gloves,wowhead_forever_gearplanner.txt
16398,Knight-Captain's Leather Belt,wowhead_forever_gearplanner.txt
16399,Knight-Captain's Dragonhide Girdle,wowhead_forever_gearplanner.txt
16400,Knight-Captain's Chain Girdle,wowhead_forever_gearplanner.txt
16401,Knight-Lieutenant's Chain Boots,wowhead_forever_gearplanner.txt
16402,Knight-Captain's Chain Armguards,wowhead_forever_gearplanner.txt
16403,Knight-Lieutenant's Chain Gauntlets,wowhead_forever_gearplanner.txt
16405,Knight-Lieutenant's Plate Boots,wowhead_forever_gearplanner.txt
16406,Knight-Lieutenant's Plate Gauntlets,wowhead_forever_gearplanner.txt
16409,Knight-Lieutenant's Lamellar Sabatons,wowhead_forever_gearplanner.txt
16410,Knight-Lieutenant's Lamellar Gauntlets,wowhead_forever_gearplanner.txt
16411,Knight-Captain's Lamellar Cinch,wowhead_forever_gearplanner.txt
16412,Knight-Captain's Lamellar Armsplints,wowhead_forever_gearplanner.txt
16413,Knight-Captain's Silk Raiment,wowhead_forever_gearplanner.txt
16414,Knight-Captain's Silk Leggings,wowhead_forever_gearplanner.txt
16415,Lieutenant Commander's Silk Spaulders,wowhead_forever_gearplanner.txt
16416,Lieutenant Commander's Crown,wowhead_forever_gearplanner.txt
16417,Knight-Captain's Leather Armor,wowhead_forever_gearplanner.txt
16418,Lieutenant Commander's Leather Veil,wowhead_forever_gearplanner.txt
16419,Knight-Captain's Leather Legguards,wowhead_forever_gearplanner.txt
16420,Lieutenant Commander's Leather Spaulders,wowhead_forever_gearplanner.txt
16421,Knight-Captain's Dragonhide Tunic,wowhead_forever_gearplanner.txt
16422,Knight-Captain's Dragonhide Leggings,wowhead_forever_gearplanner.txt
16423,Lieutenant Commander's Dragonhide Epaulets,wowhead_forever_gearplanner.txt
16424,Lieutenant Commander's Dragonhide Shroud,wowhead_forever_gearplanner.txt
16425,Knight-Captain's Chain Hauberk,wowhead_forever_gearplanner.txt
16426,Knight-Captain's Chain Leggings,wowhead_forever_gearplanner.txt
16427,Lieutenant Commander's Chain Pauldrons,wowhead_forever_gearplanner.txt
16428,Lieutenant Commander's Chain Helmet,wowhead_forever_gearplanner.txt
16429,Lieutenant Commander's Plate Helm,wowhead_forever_gearplanner.txt
16430,Knight-Captain's Plate Chestguard,wowhead_forever_gearplanner.txt
16431,Knight-Captain's Plate Leggings,wowhead_forever_gearplanner.txt
16432,Lieutenant Commander's Plate Pauldrons,wowhead_forever_gearplanner.txt
16433,Knight-Captain's Lamellar Breastplate,wowhead_forever_gearplanner.txt
16434,Lieutenant Commander's Lamellar Headguard,wowhead_forever_gearplanner.txt
16435,Knight-Captain's Lamellar Leggings,wowhead_forever_gearplanner.txt
16436,Lieutenant Commander's Lamellar Shoulders,wowhead_forever_gearplanner.txt
16437,Marshal's Silk Footwraps,wowhead_forever_gearplanner.txt
16438,Marshal's Silk Bracers,wowhead_forever_gearplanner.txt
16439,Marshal's Silk Sash,wowhead_forever_gearplanner.txt
16440,Marshal's Silk Gloves,wowhead_forever_gearplanner.txt
16441,Field Marshal's Coronet,wowhead_forever_gearplanner.txt
16442,Marshal's Silk Leggings,wowhead_forever_gearplanner.txt
16443,Field Marshal's Silk Vestments,wowhead_forever_gearplanner.txt
16444,Field Marshal's Silk Spaulders,wowhead_forever_gearplanner.txt
16445,Marshal's Dragonhide Bracers,wowhead_forever_gearplanner.txt
16446,Marshal's Leather Footguards,wowhead_forever_gearplanner.txt
16447,Marshal's Dragonhide Waistguard,wowhead_forever_gearplanner.txt
16448,Marshal's Dragonhide Gauntlets,wowhead_forever_gearplanner.txt
16449,Field Marshal's Dragonhide Spaulders,wowhead_forever_gearplanner.txt
16450,Marshal's Dragonhide Legguards,wowhead_forever_gearplanner.txt
16451,Field Marshal's Dragonhide Helmet,wowhead_forever_gearplanner.txt
16452,Field Marshal's Dragonhide Breastplate,wowhead_forever_gearplanner.txt
16453,Field Marshal's Leather Chestpiece,wowhead_forever_gearplanner.txt
16454,Marshal's Leather Handgrips,wowhead_forever_gearplanner.txt
16455,Field Marshal's Leather Mask,wowhead_forever_gearplanner.txt
16456,Marshal's Leather Leggings,wowhead_forever_gearplanner.txt
16457,Field Marshal's Leather Epaulets,wowhead_forever_gearplanner.txt
16458,Marshal's Leather Cinch,wowhead_forever_gearplanner.txt
16459,Marshal's Dragonhide Boots,wowhead_forever_gearplanner.txt
16460,Marshal's Leather Armsplints,wowhead_forever_gearplanner.txt
16461,Marshal's Chain Bracers,wowhead_forever_gearplanner.txt
16462,Marshal's Chain Boots,wowhead_forever_gearplanner.txt
16463,Marshal's Chain Grips,wowhead_forever_gearplanner.txt
16464,Marshal's Chain Girdle,wowhead_forever_gearplanner.txt
16465,Field Marshal's Chain Helm,wowhead_forever_gearplanner.txt
16466,Field Marshal's Chain Breastplate,wowhead_forever_gearplanner.txt
16467,Marshal's Chain Legguards,wowhead_forever_gearplanner.txt
16468,Field Marshal's Chain Spaulders,wowhead_forever_gearplanner.txt
16469,Marshal's Lamellar Armguards,wowhead_forever_gearplanner.txt
16470,Marshal's Lamellar Belt,wowhead_forever_gearplanner.txt
16471,Marshal's Lamellar Gloves,wowhead_forever_gearplanner.txt
16472,Marshal's Lamellar Boots,wowhead_forever_gearplanner.txt
16473,Field Marshal's Lamellar Chestplate,wowhead_forever_gearplanner.txt
16474,Field Marshal's Lamellar Faceguard,wowhead_forever_gearplanner.txt
16475,Marshal's Lamellar Legplates,wowhead_forever_gearplanner.txt
16476,Field Marshal's Lamellar Pauldrons,wowhead_forever_gearplanner.txt
16477,Field Marshal's Plate Armor,wowhead_forever_gearplanner.txt
16478,Field Marshal's Plate Helm,wowhead_forever_gearplanner.txt
16479,Marshal's Plate Legguards,wowhead_forever_gearplanner.txt
16480,Field Marshal's Plate Shoulderguards,wowhead_forever_gearplanner.txt
16481,Marshal's Plate Bracers,wowhead_forever_gearplanner.txt
16482,Marshal's Plate Girdle,wowhead_forever_gearplanner.txt
16483,Marshal's Plate Boots,wowhead_forever_gearplanner.txt
16484,Marshal's Plate Gauntlets,wowhead_forever_gearplanner.txt
16485,Blood Guard's Silk Footwraps,wowhead_forever_gearplanner.txt
16486,First Sergeant's Silk Cuffs,wowhead_forever_gearplanner.txt
16487,Blood Guard's Silk Gloves,wowhead_forever_gearplanner.txt
16488,Legionnaire's Silk Belt,wowhead_forever_gearplanner.txt
16489,Champion's Silk Hood,wowhead_forever_gearplanner.txt
16490,Legionnaire's Silk Pants,wowhead_forever_gearplanner.txt
16491,Legionnaire's Silk Robes,wowhead_forever_gearplanner.txt
16492,Champion's Silk Shoulderpads,wowhead_forever_gearplanner.txt
16493,Legionnaire's Dragonhide Armguards,wowhead_forever_gearplanner.txt
16494,Blood Guard's Dragonhide Boots,wowhead_forever_gearplanner.txt
16495,Legionnaire's Dragonhide Waistband,wowhead_forever_gearplanner.txt
16496,Blood Guard's Dragonhide Gauntlets,wowhead_forever_gearplanner.txt
16497,First Sergeant's Leather Armguards,wowhead_forever_gearplanner.txt
16498,Blood Guard's Leather Treads,wowhead_forever_gearplanner.txt
16499,Blood Guard's Leather Vices,wowhead_forever_gearplanner.txt
16500,Legionnaire's Leather Girdle,wowhead_forever_gearplanner.txt
16501,Champion's Dragonhide Spaulders,wowhead_forever_gearplanner.txt
16502,Legionnaire's Dragonhide Trousers,wowhead_forever_gearplanner.txt
16503,Champion's Dragonhide Helm,wowhead_forever_gearplanner.txt
16504,Legionnaire's Dragonhide Breastplate,wowhead_forever_gearplanner.txt
16505,Legionnaire's Leather Hauberk,wowhead_forever_gearplanner.txt
16506,Champion's Leather Headguard,wowhead_forever_gearplanner.txt
16507,Champion's Leather Mantle,wowhead_forever_gearplanner.txt
16508,Legionnaire's Leather Leggings,wowhead_forever_gearplanner.txt
16509,Blood Guard's Plate Boots,wowhead_forever_gearplanner.txt
16510,Blood Guard's Plate Gloves,wowhead_forever_gearplanner.txt
16513,Legionnaire's Plate Armor,wowhead_forever_gearplanner.txt
16514,Champion's Plate Headguard,wowhead_forever_gearplanner.txt
16515,Legionnaire's Plate Legguards,wowhead_forever_gearplanner.txt
16516,Champion's Plate Pauldrons,wowhead_forever_gearplanner.txt
16517,Legionnaire's Chain Bracers,wowhead_forever_gearplanner.txt
16518,Blood Guard's Mail Walkers,wowhead_forever_gearplanner.txt
16519,Blood Guard's Mail Grips,wowhead_forever_gearplanner.txt
16521,Champion's Mail Helm,wowhead_forever_gearplanner.txt
16522,Legionnaire's Mail Chestpiece,wowhead_forever_gearplanner.txt
16523,Legionnaire's Mail Leggings,wowhead_forever_gearplanner.txt
16524,Champion's Mail Shoulders,wowhead_forever_gearplanner.txt
16525,Legionnaire's Chain Breastplate,wowhead_forever_gearplanner.txt
16527,Legionnaire's Chain Leggings,wowhead_forever_gearplanner.txt
16528,Champion's Chain Pauldrons,wowhead_forever_gearplanner.txt
16529,Legionnaire's Chain Girdle,wowhead_forever_gearplanner.txt
16530,Blood Guard's Chain Gauntlets,wowhead_forever_gearplanner.txt
16531,Blood Guard's Chain Boots,wowhead_forever_gearplanner.txt
16532,First Sergeant's Mail Wristguards,wowhead_forever_gearplanner.txt
16533,Warlord's Silk Cowl,wowhead_forever_gearplanner.txt
16534,General's Silk Trousers,wowhead_forever_gearplanner.txt
16535,Warlord's Silk Raiment,wowhead_forever_gearplanner.txt
16536,Warlord's Silk Amice,wowhead_forever_gearplanner.txt
16537,General's Silk Sash,wowhead_forever_gearplanner.txt
16538,General's Silk Cuffs,wowhead_forever_gearplanner.txt
16539,General's Silk Boots,wowhead_forever_gearplanner.txt
16540,General's Silk Handguards,wowhead_forever_gearplanner.txt
16541,Warlord's Plate Armor,wowhead_forever_gearplanner.txt
16542,Warlord's Plate Headpiece,wowhead_forever_gearplanner.txt
16543,General's Plate Leggings,wowhead_forever_gearplanner.txt
16544,Warlord's Plate Shoulders,wowhead_forever_gearplanner.txt
16545,General's Plate Boots,wowhead_forever_gearplanner.txt
16546,General's Plate Armguards,wowhead_forever_gearplanner.txt
16547,General's Plate Girdle,wowhead_forever_gearplanner.txt
16548,General's Plate Gauntlets,wowhead_forever_gearplanner.txt
16549,Warlord's Dragonhide Hauberk,wowhead_forever_gearplanner.txt
16550,Warlord's Dragonhide Helmet,wowhead_forever_gearplanner.txt
16551,Warlord's Dragonhide Epaulets,wowhead_forever_gearplanner.txt
16552,General's Dragonhide Leggings,wowhead_forever_gearplanner.txt
16553,General's Dragonhide Bracers,wowhead_forever_gearplanner.txt
16554,General's Dragonhide Boots,wowhead_forever_gearplanner.txt
16555,General's Dragonhide Gloves,wowhead_forever_gearplanner.txt
16556,General's Dragonhide Belt,wowhead_forever_gearplanner.txt
16557,General's Leather Girdle,wowhead_forever_gearplanner.txt
16558,General's Leather Treads,wowhead_forever_gearplanner.txt
16559,General's Leather Armsplints,wowhead_forever_gearplanner.txt
16560,General's Leather Mitts,wowhead_forever_gearplanner.txt
16561,Warlord's Leather Helm,wowhead_forever_gearplanner.txt
16562,Warlord's Leather Spaulders,wowhead_forever_gearplanner.txt
16563,Warlord's Leather Breastplate,wowhead_forever_gearplanner.txt
16564,General's Leather Legguards,wowhead_forever_gearplanner.txt
16565,Warlord's Chain Chestpiece,wowhead_forever_gearplanner.txt
16566,Warlord's Chain Helmet,wowhead_forever_gearplanner.txt
16567,General's Chain Legguards,wowhead_forever_gearplanner.txt
16568,Warlord's Chain Shoulders,wowhead_forever_gearplanner.txt
16569,General's Chain Sabatons,wowhead_forever_gearplanner.txt
16570,General's Chain Wristguards,wowhead_forever_gearplanner.txt
16571,General's Chain Gloves,wowhead_forever_gearplanner.txt
16572,General's Chain Girdle,wowhead_forever_gearplanner.txt
16573,General's Mail Boots,wowhead_forever_gearplanner.txt
16574,General's Mail Gauntlets,wowhead_forever_gearplanner.txt
16575,General's Mail Waistband,wowhead_forever_gearplanner.txt
16576,General's Mail Bracers,wowhead_forever_gearplanner.txt
16577,Warlord's Mail Armor,wowhead_forever_gearplanner.txt
16578,Warlord's Mail Helm,wowhead_forever_gearplanner.txt
16579,General's Mail Leggings,wowhead_forever_gearplanner.txt
16580,Warlord's Mail Spaulders,wowhead_forever_gearplanner.txt
16583,Demonic Figurine,questiedb-foreverBaseItem.lua
16604,Moon Robes of Elune,questiedb-foreverBaseItem.lua
16605,Friar's Robes of the Light,wowhead_forever_gearplanner.txt
16606,Juju Hex Robes,wowhead_forever_gearplanner.txt
16607,Acolyte's Sacrificial Robes,wowhead_forever_gearplanner.txt
16608,Aquarius Belt,wowhead_forever_gearplanner.txt
16622,Thornflinger,wowhead_forever_gearplanner.txt
16623,Opaline Medallion,wowhead_forever_gearplanner.txt
16650,Shredder Operating Manual - Page 6,questiedb-foreverBaseItem.lua
16655,Shredder Operating Manual - Page 11,questiedb-foreverBaseItem.lua
16658,Wildhunter Cloak,wowhead_forever_gearplanner.txt
16659,Deftkin Belt,wowhead_forever_gearplanner.txt
16660,Driftmire Shield,wowhead_forever_gearplanner.txt
16661,Soft Willow Cape,wowhead_forever_gearplanner.txt
16666,Vest of Elements,wowhead_forever_gearplanner.txt
16667,Coif of Elements,wowhead_forever_gearplanner.txt
16668,Kilt of Elements,wowhead_forever_gearplanner.txt
16669,Pauldrons of Elements,wowhead_forever_gearplanner.txt
16670,Boots of Elements,wowhead_forever_gearplanner.txt
16671,Bindings of Elements,wowhead_forever_gearplanner.txt
16672,Gauntlets of Elements,wowhead_forever_gearplanner.txt
16673,Cord of Elements,wowhead_forever_gearplanner.txt
16674,Beaststalker's Tunic,wowhead_forever_gearplanner.txt
16675,Beaststalker's Boots,wowhead_forever_gearplanner.txt
16676,Beaststalker's Gloves,wowhead_forever_gearplanner.txt
16677,Beaststalker's Cap,wowhead_forever_gearplanner.txt
16678,Beaststalker's Pants,wowhead_forever_gearplanner.txt
16679,Beaststalker's Mantle,wowhead_forever_gearplanner.txt
16680,Beaststalker's Belt,wowhead_forever_gearplanner.txt
16681,Beaststalker's Bindings,wowhead_forever_gearplanner.txt
16682,Magister's Boots,wowhead_forever_gearplanner.txt
16683,Magister's Bindings,wowhead_forever_gearplanner.txt
16684,Magister's Gloves,wowhead_forever_gearplanner.txt
16685,Magister's Belt,wowhead_forever_gearplanner.txt
16686,Magister's Crown,wowhead_forever_gearplanner.txt
16687,Magister's Leggings,wowhead_forever_gearplanner.txt
16688,Magister's Robes,wowhead_forever_gearplanner.txt
16689,Magister's Mantle,wowhead_forever_gearplanner.txt
16690,Devout Robe,wowhead_forever_gearplanner.txt
16691,Devout Sandals,wowhead_forever_gearplanner.txt
16692,Devout Gloves,wowhead_forever_gearplanner.txt
16693,Devout Crown,wowhead_forever_gearplanner.txt
16694,Devout Skirt,wowhead_forever_gearplanner.txt
16695,Devout Mantle,wowhead_forever_gearplanner.txt
16696,Devout Belt,wowhead_forever_gearplanner.txt
16697,Devout Bracers,wowhead_forever_gearplanner.txt
16698,Dreadmist Mask,wowhead_forever_gearplanner.txt
16699,Dreadmist Leggings,wowhead_forever_gearplanner.txt
16700,Dreadmist Robe,wowhead_forever_gearplanner.txt
16701,Dreadmist Mantle,wowhead_forever_gearplanner.txt
16702,Dreadmist Belt,wowhead_forever_gearplanner.txt
16703,Dreadmist Bracers,wowhead_forever_gearplanner.txt
16704,Dreadmist Sandals,wowhead_forever_gearplanner.txt
16705,Dreadmist Wraps,wowhead_forever_gearplanner.txt
16706,Wildheart Vest,wowhead_forever_gearplanner.txt
16707,Shadowcraft Cap,wowhead_forever_gearplanner.txt
16708,Shadowcraft Spaulders,wowhead_forever_gearplanner.txt
16709,Shadowcraft Pants,wowhead_forever_gearplanner.txt
16710,Shadowcraft Bracers,wowhead_forever_gearplanner.txt
16711,Shadowcraft Boots,wowhead_forever_gearplanner.txt
16712,Shadowcraft Gloves,wowhead_forever_gearplanner.txt
16713,Shadowcraft Belt,wowhead_forever_gearplanner.txt
16714,Wildheart Bracers,wowhead_forever_gearplanner.txt
16715,Wildheart Boots,wowhead_forever_gearplanner.txt
16716,Wildheart Belt,wowhead_forever_gearplanner.txt
16717,Wildheart Gloves,wowhead_forever_gearplanner.txt
16718,Wildheart Spaulders,wowhead_forever_gearplanner.txt
16719,Wildheart Kilt,wowhead_forever_gearplanner.txt
16720,Wildheart Cowl,wowhead_forever_gearplanner.txt
16721,Shadowcraft Tunic,wowhead_forever_gearplanner.txt
16722,Lightforge Bracers,wowhead_forever_gearplanner.txt
16723,Lightforge Belt,wowhead_forever_gearplanner.txt
16724,Lightforge Gauntlets,wowhead_forever_gearplanner.txt
16725,Lightforge Boots,wowhead_forever_gearplanner.txt
16726,Lightforge Breastplate,wowhead_forever_gearplanner.txt
16727,Lightforge Helm,wowhead_forever_gearplanner.txt
16728,Lightforge Legplates,wowhead_forever_gearplanner.txt
16729,Lightforge Spaulders,wowhead_forever_gearplanner.txt
16730,Breastplate of Valor,wowhead_forever_gearplanner.txt
16731,Helm of Valor,wowhead_forever_gearplanner.txt
16732,Legplates of Valor,wowhead_forever_gearplanner.txt
16733,Spaulders of Valor,wowhead_forever_gearplanner.txt
16734,Boots of Valor,wowhead_forever_gearplanner.txt
16735,Bracers of Valor,wowhead_forever_gearplanner.txt
16736,Belt of Valor,wowhead_forever_gearplanner.txt
16737,Gauntlets of Valor,wowhead_forever_gearplanner.txt
16738,Witherseed Gloves,wowhead_forever_gearplanner.txt
16739,Rugwood Mantle,wowhead_forever_gearplanner.txt
16740,Shredder Operating Gloves,wowhead_forever_gearplanner.txt
16741,Oilrag Handwraps,wowhead_forever_gearplanner.txt
16743,Logging Rope,questiedb-foreverBaseItem.lua
16767,Recipe: Undermine Clam Chowder,questiedb-foreverBaseItem.lua
16768,Furbolg Medicine Pouch,wowhead_forever_gearplanner.txt
16769,Furbolg Medicine Totem,wowhead_forever_gearplanner.txt
16786,Black Dragonspawn Eye,questiedb-foreverBaseItem.lua
16787,Amulet of Draconic Subversion,wowhead_forever_gearplanner.txt
16788,Captain Rackmore's Wheel,wowhead_forever_gearplanner.txt
16789,Captain Rackmore's Tiller,wowhead_forever_gearplanner.txt
16791,Silkstream Cuffs,wowhead_forever_gearplanner.txt
16793,Arcmetal Shoulders,wowhead_forever_gearplanner.txt
16794,Gripsteel Wristguards,wowhead_forever_gearplanner.txt
16869,The Skull of Scryer,questiedb-foreverBaseItem.lua
16873,Braidfur Gloves,wowhead_forever_gearplanner.txt
16889,Polished Walking Staff,wowhead_forever_gearplanner.txt
16890,Slatemetal Cutlass,wowhead_forever_gearplanner.txt
16891,Claystone Shortsword,wowhead_forever_gearplanner.txt
16892,Lesser Soulstone,questiedb-foreverBaseItem.lua
16893,Soulstone,questiedb-foreverBaseItem.lua
16894,Clear Crystal Rod,wowhead_forever_gearplanner.txt
16895,Greater Soulstone,questiedb-foreverBaseItem.lua
16896,Major Soulstone,questiedb-foreverBaseItem.lua
16967,Feralas Ahi,wowhead_forever_gearplanner.txt
16975,Warsong Sash,wowhead_forever_gearplanner.txt
16977,Warsong Boots,wowhead_forever_gearplanner.txt
16978,Warsong Gauntlets,wowhead_forever_gearplanner.txt
16979,Flarecore Gloves,wowhead_forever_gearplanner.txt
16980,Flarecore Mantle,wowhead_forever_gearplanner.txt
16981,Owlbeard Bracers,wowhead_forever_gearplanner.txt
16982,Corehound Boots,wowhead_forever_gearplanner.txt
16983,Molten Helm,wowhead_forever_gearplanner.txt
16984,Black Dragonscale Boots,wowhead_forever_gearplanner.txt
16985,Windseeker Boots,wowhead_forever_gearplanner.txt
16986,Sandspire Gloves,wowhead_forever_gearplanner.txt
16987,Screecher Belt,wowhead_forever_gearplanner.txt
16988,Fiery Chain Shoulders,wowhead_forever_gearplanner.txt
16989,Fiery Chain Girdle,wowhead_forever_gearplanner.txt
16990,Spritekin Cloak,wowhead_forever_gearplanner.txt
16992,Smokey's Explosive Launcher,wowhead_forever_gearplanner.txt
16993,Smokey's Fireshooter,wowhead_forever_gearplanner.txt
16994,Duskwing Gloves,wowhead_forever_gearplanner.txt
16995,Duskwing Mantle,wowhead_forever_gearplanner.txt
16996,Gorewood Bow,wowhead_forever_gearplanner.txt
16997,Stormrager,wowhead_forever_gearplanner.txt
16998,Sacred Protector,wowhead_forever_gearplanner.txt
17000,Band of the Wraith,wowhead_forever_gearplanner.txt
17002,Ichor Spitter,wowhead_forever_gearplanner.txt
17003,Skullstone Hammer,wowhead_forever_gearplanner.txt
17004,Sarah's Guide,wowhead_forever_gearplanner.txt
17005,Boorguard Tunic,wowhead_forever_gearplanner.txt
17006,Cobalt Legguards,wowhead_forever_gearplanner.txt
17010,Fiery Core,questiedb-foreverBaseItem.lua
17011,Lava Core,questiedb-foreverBaseItem.lua
17013,Dark Iron Leggings,wowhead_forever_gearplanner.txt
17014,Dark Iron Bracers,wowhead_forever_gearplanner.txt
17015,Dark Iron Reaver,wowhead_forever_gearplanner.txt
17016,Dark Iron Destroyer,wowhead_forever_gearplanner.txt
17020,Arcane Powder,questiedb-foreverBaseItem.lua
17021,Wild Berries,questiedb-foreverBaseItem.lua
17026,Wild Thornroot,questiedb-foreverBaseItem.lua
17028,Holy Candle,questiedb-foreverBaseItem.lua
17029,Sacred Candle,questiedb-foreverBaseItem.lua
17030,Ankh,questiedb-foreverBaseItem.lua
17031,Rune of Teleportation,questiedb-foreverBaseItem.lua
17032,Rune of Portals,questiedb-foreverBaseItem.lua
17033,Symbol of Divinity,questiedb-foreverBaseItem.lua
17034,Maple Seed,questiedb-foreverBaseItem.lua
17035,Stranglethorn Seed,questiedb-foreverBaseItem.lua
17036,Ashwood Seed,questiedb-foreverBaseItem.lua
17037,Hornbeam Seed,questiedb-foreverBaseItem.lua
17038,Ironwood Seed,questiedb-foreverBaseItem.lua
17039,Skullbreaker,questiedb-foreverBaseItem.lua
17046,Gutterblade,wowhead_forever_gearplanner.txt
17047,Luminescent Amice,wowhead_forever_gearplanner.txt
17048,Rumsey Rum,questiedb-foreverBaseItem.lua
17056,Light Feather,questiedb-foreverBaseItem.lua
17057,Shiny Fish Scales,questiedb-foreverBaseItem.lua
17058,Fish Oil,questiedb-foreverBaseItem.lua
17073,Earthshaker,wowhead_forever_gearplanner.txt
17111,Blazefury Medallion,wowhead_forever_gearplanner.txt
17182,"Sulfuras, Hand of Ragnaros",wowhead_forever_gearplanner.txt
17183,Dented Buckler,wowhead_forever_gearplanner.txt
17184,Small Shield,questiedb-foreverBaseItem.lua
17185,Round Buckler,questiedb-foreverBaseItem.lua
17186,Small Targe,wowhead_forever_gearplanner.txt
17187,Banded Buckler,wowhead_forever_gearplanner.txt
17188,Ringed Buckler,questiedb-foreverBaseItem.lua
17189,Metal Buckler,questiedb-foreverBaseItem.lua
17190,Ornate Buckler,questiedb-foreverBaseItem.lua
17192,Reinforced Targe,questiedb-foreverBaseItem.lua
17193,Sulfuron Hammer,wowhead_forever_gearplanner.txt
17194,Holiday Spices,questiedb-foreverBaseItem.lua
17197,Gingerbread Cookie,questiedb-foreverBaseItem.lua
17202,Snowball,questiedb-foreverBaseItem.lua
17222,Spider Sausage,questiedb-foreverBaseItem.lua
17223,Thunderstrike,wowhead_forever_gearplanner.txt
17242,Key to Salem's Chest,questiedb-foreverBaseItem.lua
17262,James' Key,questiedb-foreverBaseItem.lua
17302,Blue Ribboned Holiday Gift,questiedb-foreverBaseItem.lua
17303,Blue Ribboned Wrapping Paper,questiedb-foreverBaseItem.lua
17304,Green Ribboned Wrapping Paper,questiedb-foreverBaseItem.lua
17305,Green Ribboned Holiday Gift,questiedb-foreverBaseItem.lua
17307,Purple Ribboned Wrapping Paper,questiedb-foreverBaseItem.lua
17308,Purple Ribboned Holiday Gift,questiedb-foreverBaseItem.lua
17309,Discordant Bracers,questiedb-foreverBaseItem.lua
17329,Hand of Lucifron,questiedb-foreverBaseItem.lua
17348,Major Healing Draught,questiedb-foreverBaseItem.lua
17349,Superior Healing Draught,questiedb-foreverBaseItem.lua
17351,Major Mana Draught,questiedb-foreverBaseItem.lua
17352,Superior Mana Draught,questiedb-foreverBaseItem.lua
17405,Green Garden Tea,questiedb-foreverBaseItem.lua
17523,Smokey's Drape,wowhead_forever_gearplanner.txt
17562,Knight-Lieutenant's Dreadweave Boots,wowhead_forever_gearplanner.txt
17563,Knight-Captain's Dreadweave Bracers,wowhead_forever_gearplanner.txt
17564,Knight-Lieutenant's Dreadweave Gloves,wowhead_forever_gearplanner.txt
17565,Knight-Captain's Dreadweave Belt,wowhead_forever_gearplanner.txt
17566,Lieutenant Commander's Headguard,wowhead_forever_gearplanner.txt
17567,Knight-Captain's Dreadweave Leggings,wowhead_forever_gearplanner.txt
17568,Knight-Captain's Dreadweave Robe,wowhead_forever_gearplanner.txt
17569,Lieutenant Commander's Dreadweave Mantle,wowhead_forever_gearplanner.txt
17570,Champion's Dreadweave Hood,wowhead_forever_gearplanner.txt
17571,Legionnaire's Dreadweave Leggings,wowhead_forever_gearplanner.txt
17572,Legionnaire's Dreadweave Robe,wowhead_forever_gearplanner.txt
17573,Champion's Dreadweave Shoulders,wowhead_forever_gearplanner.txt
17574,Legionnaire's Dreadweave Belt,wowhead_forever_gearplanner.txt
17575,Legionnaire's Dreadweave Bracers,wowhead_forever_gearplanner.txt
17576,Blood Guard's Dreadweave Boots,wowhead_forever_gearplanner.txt
17577,Blood Guard's Dreadweave Gloves,wowhead_forever_gearplanner.txt
17578,Field Marshal's Coronal,wowhead_forever_gearplanner.txt
17579,Marshal's Dreadweave Leggings,wowhead_forever_gearplanner.txt
17580,Field Marshal's Dreadweave Shoulders,wowhead_forever_gearplanner.txt
17581,Field Marshal's Dreadweave Robe,wowhead_forever_gearplanner.txt
17582,Marshal's Dreadweave Cuffs,wowhead_forever_gearplanner.txt
17583,Marshal's Dreadweave Boots,wowhead_forever_gearplanner.txt
17584,Marshal's Dreadweave Gloves,wowhead_forever_gearplanner.txt
17585,Marshal's Dreadweave Sash,wowhead_forever_gearplanner.txt
17586,General's Dreadweave Boots,wowhead_forever_gearplanner.txt
17587,General's Dreadweave Bracers,wowhead_forever_gearplanner.txt
17588,General's Dreadweave Gloves,wowhead_forever_gearplanner.txt
17589,General's Dreadweave Belt,wowhead_forever_gearplanner.txt
17590,Warlord's Dreadweave Mantle,wowhead_forever_gearplanner.txt
17591,Warlord's Dreadweave Hood,wowhead_forever_gearplanner.txt
17592,Warlord's Dreadweave Robe,wowhead_forever_gearplanner.txt
17593,General's Dreadweave Pants,wowhead_forever_gearplanner.txt
17594,Knight-Lieutenant's Satin Boots,wowhead_forever_gearplanner.txt
17595,Knight-Captain's Satin Cuffs,wowhead_forever_gearplanner.txt
17596,Knight-Lieutenant's Satin Gloves,wowhead_forever_gearplanner.txt
17597,Knight-Captain's Satin Cord,wowhead_forever_gearplanner.txt
17598,Lieutenant Commander's Diadem,wowhead_forever_gearplanner.txt
17599,Knight-Captain's Satin Leggings,wowhead_forever_gearplanner.txt
17600,Knight-Captain's Satin Robes,wowhead_forever_gearplanner.txt
17601,Lieutenant Commander's Satin Amice,wowhead_forever_gearplanner.txt
17602,Field Marshal's Headdress,wowhead_forever_gearplanner.txt
17603,Marshal's Satin Pants,wowhead_forever_gearplanner.txt
17604,Field Marshal's Satin Mantle,wowhead_forever_gearplanner.txt
17605,Field Marshal's Satin Vestments,wowhead_forever_gearplanner.txt
17606,Marshal's Satin Bracers,wowhead_forever_gearplanner.txt
17607,Marshal's Satin Sandals,wowhead_forever_gearplanner.txt
17608,Marshal's Satin Gloves,wowhead_forever_gearplanner.txt
17609,Marshal's Satin Sash,wowhead_forever_gearplanner.txt
17610,Champion's Satin Cowl,wowhead_forever_gearplanner.txt
17611,Legionnaire's Satin Trousers,wowhead_forever_gearplanner.txt
17612,Legionnaire's Satin Vestments,wowhead_forever_gearplanner.txt
17613,Champion's Satin Shoulderpads,wowhead_forever_gearplanner.txt
17614,Legionnaire's Satin Sash,wowhead_forever_gearplanner.txt
17615,Legionnaire's Satin Cuffs,wowhead_forever_gearplanner.txt
17616,Blood Guard's Satin Boots,wowhead_forever_gearplanner.txt
17617,Blood Guard's Satin Gloves,wowhead_forever_gearplanner.txt
17618,General's Satin Boots,wowhead_forever_gearplanner.txt
17619,General's Satin Bracers,wowhead_forever_gearplanner.txt
17620,General's Satin Gloves,wowhead_forever_gearplanner.txt
17621,General's Satin Cinch,wowhead_forever_gearplanner.txt
17622,Warlord's Satin Mantle,wowhead_forever_gearplanner.txt
17623,Warlord's Satin Cowl,wowhead_forever_gearplanner.txt
17624,Warlord's Satin Robes,wowhead_forever_gearplanner.txt
17625,General's Satin Leggings,wowhead_forever_gearplanner.txt
17684,Theradric Crystal Carving,questiedb-foreverBaseItem.lua
17686,Master Hunter's Bow,wowhead_forever_gearplanner.txt
17687,Master Hunter's Rifle,wowhead_forever_gearplanner.txt
17688,Jungle Boots,wowhead_forever_gearplanner.txt
17690,Frostwolf Insignia Rank 1,wowhead_forever_gearplanner.txt
17691,Stormpike Insignia Rank 1,wowhead_forever_gearplanner.txt
17692,Horn Ring,wowhead_forever_gearplanner.txt
17694,Band of the Fist,questiedb-foreverBaseItem.lua
17695,Chestnut Mantle,questiedb-foreverBaseItem.lua
17704,Edge of Winter,wowhead_forever_gearplanner.txt
17705,Thrash Blade,wowhead_forever_gearplanner.txt
17710,Charstone Dirk,wowhead_forever_gearplanner.txt
17713,Blackstone Ring,wowhead_forever_gearplanner.txt
17714,Bracers of the Stone Princess,wowhead_forever_gearplanner.txt
17715,Eye of Theradras,wowhead_forever_gearplanner.txt
17716,Snowmaster 9000,questiedb-foreverBaseItem.lua
17717,Megashot Rifle,wowhead_forever_gearplanner.txt
17719,Inventor's Focal Sword,wowhead_forever_gearplanner.txt
17721,Gloves of the Greatfather,wowhead_forever_gearplanner.txt
17723,Green Holiday Shirt,wowhead_forever_gearplanner.txt
17728,Albino Crocscale Boots,wowhead_forever_gearplanner.txt
17730,Gatorbite Axe,wowhead_forever_gearplanner.txt
17732,Rotgrip Mantle,wowhead_forever_gearplanner.txt
17738,Claw of Celebras,wowhead_forever_gearplanner.txt
17739,Grovekeeper's Drape,wowhead_forever_gearplanner.txt
17740,Soothsayer's Headdress,wowhead_forever_gearplanner.txt
17741,Nature's Embrace,wowhead_forever_gearplanner.txt
17743,Resurgence Rod,wowhead_forever_gearplanner.txt
17745,Noxious Shooter,wowhead_forever_gearplanner.txt
17747,Razorlash Root,questiedb-foreverBaseItem.lua
17748,Vinerot Sandals,wowhead_forever_gearplanner.txt
17753,Verdant Keeper's Aim,wowhead_forever_gearplanner.txt
17755,Satyrmane Sash,wowhead_forever_gearplanner.txt
17756,Shadowshard Fragment,questiedb-foreverBaseItem.lua
17759,Mark of Resolution,wowhead_forever_gearplanner.txt
17766,Princess Theradras' Scepter,wowhead_forever_gearplanner.txt
17770,Branchclaw Gauntlets,questiedb-foreverBaseItem.lua
17774,Mark of the Chosen,wowhead_forever_gearplanner.txt
17775,Acumen Robes,questiedb-foreverBaseItem.lua
17776,Sprightring Helm,questiedb-foreverBaseItem.lua
17777,Relentless Chain,questiedb-foreverBaseItem.lua
17778,Sagebrush Girdle,questiedb-foreverBaseItem.lua
17779,Hulkstone Pauldrons,questiedb-foreverBaseItem.lua
17900,Stormpike Insignia Rank 2,wowhead_forever_gearplanner.txt
17901,Stormpike Insignia Rank 3,wowhead_forever_gearplanner.txt
17902,Stormpike Insignia Rank 4,wowhead_forever_gearplanner.txt
17903,Stormpike Insignia Rank 5,wowhead_forever_gearplanner.txt
17904,Stormpike Insignia Rank 6,wowhead_forever_gearplanner.txt
17905,Frostwolf Insignia Rank 2,wowhead_forever_gearplanner.txt
17906,Frostwolf Insignia Rank 3,wowhead_forever_gearplanner.txt
17907,Frostwolf Insignia Rank 4,wowhead_forever_gearplanner.txt
17908,Frostwolf Insignia Rank 5,wowhead_forever_gearplanner.txt
17909,Frostwolf Insignia Rank 6,wowhead_forever_gearplanner.txt
17922,Lionfur Armor,questiedb-foreverBaseItem.lua
17943,Fist of Stone,wowhead_forever_gearplanner.txt
18045,Tender Wolf Steak,questiedb-foreverBaseItem.lua
18046,Recipe: Tender Wolf Steak,questiedb-foreverBaseItem.lua
18082,Zum'rah's Vexing Cane,questiedb-foreverBaseItem.lua
18154,Blizzard Stationery,questiedb-foreverBaseItem.lua
18168,Force Reactive Disk,wowhead_forever_gearplanner.txt
18209,Energized Sparkplug,questiedb-foreverBaseItem.lua
18232,Field Repair Bot 74A,questiedb-foreverBaseItem.lua
18238,Shadowskin Gloves,wowhead_forever_gearplanner.txt
18254,Runn Tum Tuber Surprise,questiedb-foreverBaseItem.lua
18256,Imbued Vial,questiedb-foreverBaseItem.lua
18258,Gordok Ogre Suit,questiedb-foreverBaseItem.lua
18263,Flarecore Wraps,wowhead_forever_gearplanner.txt
18266,Gordok Courtyard Key,questiedb-foreverBaseItem.lua
18268,Gordok Inner Door Key,questiedb-foreverBaseItem.lua
18269,Gordok Green Grog,questiedb-foreverBaseItem.lua
18282,Core Marksman Rifle,wowhead_forever_gearplanner.txt
18284,Kreeg's Stout Beatdown,questiedb-foreverBaseItem.lua
18288,Molasses Firewater,questiedb-foreverBaseItem.lua
18297,Thornling Seed,questiedb-foreverBaseItem.lua
18335,Pristine Black Diamond,questiedb-foreverBaseItem.lua
18364,The Emerald Dream,questiedb-foreverBaseItem.lua
18398,Tidal Loop,wowhead_forever_gearplanner.txt
18399,Ocean's Breeze,wowhead_forever_gearplanner.txt
18400,Ring of Living Stone,wowhead_forever_gearplanner.txt
18402,Glowing Crystal Ring,wowhead_forever_gearplanner.txt
18403,Dragonslayer's Signet,questiedb-foreverBaseItem.lua
18404,Onyxia Tooth Pendant,questiedb-foreverBaseItem.lua
18405,Belt of the Archmage,wowhead_forever_gearplanner.txt
18406,Onyxia Blood Talisman,questiedb-foreverBaseItem.lua
18407,Felcloth Gloves,wowhead_forever_gearplanner.txt
18408,Inferno Gloves,wowhead_forever_gearplanner.txt
18409,Mooncloth Gloves,wowhead_forever_gearplanner.txt
18413,Cloak of Warding,wowhead_forever_gearplanner.txt
18427,Sergeant's Cloak,wowhead_forever_gearplanner.txt
18428,Senior Sergeant's Insignia,wowhead_forever_gearplanner.txt
18429,First Sergeant's Plate Bracers,wowhead_forever_gearplanner.txt
18430,First Sergeant's Plate Bracers,wowhead_forever_gearplanner.txt
18432,First Sergeant's Mail Wristguards,wowhead_forever_gearplanner.txt
18434,First Sergeant's Dragonhide Armguards,wowhead_forever_gearplanner.txt
18435,First Sergeant's Leather Armguards,wowhead_forever_gearplanner.txt
18436,First Sergeant's Dragonhide Armguards,wowhead_forever_gearplanner.txt
18437,First Sergeant's Silk Cuffs,wowhead_forever_gearplanner.txt
18440,Sergeant's Cape,wowhead_forever_gearplanner.txt
18441,Sergeant's Cape,wowhead_forever_gearplanner.txt
18442,Master Sergeant's Insignia,wowhead_forever_gearplanner.txt
18443,Master Sergeant's Insignia,wowhead_forever_gearplanner.txt
18444,Master Sergeant's Insignia,wowhead_forever_gearplanner.txt
18445,Sergeant Major's Plate Wristguards,wowhead_forever_gearplanner.txt
18447,Sergeant Major's Plate Wristguards,wowhead_forever_gearplanner.txt
18448,Sergeant Major's Chain Armguards,wowhead_forever_gearplanner.txt
18449,Sergeant Major's Chain Armguards,wowhead_forever_gearplanner.txt
18452,Sergeant Major's Leather Armsplints,wowhead_forever_gearplanner.txt
18453,Sergeant Major's Leather Armsplints,wowhead_forever_gearplanner.txt
18454,Sergeant Major's Dragonhide Armsplints,wowhead_forever_gearplanner.txt
18455,Sergeant Major's Dragonhide Armsplints,wowhead_forever_gearplanner.txt
18456,Sergeant Major's Silk Cuffs,wowhead_forever_gearplanner.txt
18457,Sergeant Major's Silk Cuffs,wowhead_forever_gearplanner.txt
18461,Sergeant's Cloak,wowhead_forever_gearplanner.txt
18486,Mooncloth Robe,wowhead_forever_gearplanner.txt
18504,Girdle of Insight,wowhead_forever_gearplanner.txt
18506,Mongoose Boots,wowhead_forever_gearplanner.txt
18508,Swift Flight Bracers,wowhead_forever_gearplanner.txt
18509,Chromatic Cloak,wowhead_forever_gearplanner.txt
18510,Hide of the Wild,wowhead_forever_gearplanner.txt
18511,Shifting Cloak,wowhead_forever_gearplanner.txt
18512,Larval Acid,questiedb-foreverBaseItem.lua
18543,Ring of Entropy,wowhead_forever_gearplanner.txt
18567,Elemental Flux,questiedb-foreverBaseItem.lua
18585,Band of Allegiance,wowhead_forever_gearplanner.txt
18586,Lonetree's Circle,wowhead_forever_gearplanner.txt
18587,Goblin Jumper Cables XL,wowhead_forever_gearplanner.txt
18588,Ez-Thro Dynamite II,questiedb-foreverBaseItem.lua
18594,Powerful Seaforium Charge,questiedb-foreverBaseItem.lua
18595,Blood Opal,questiedb-foreverBaseItem.lua
18602,Tome of Sacrifice,wowhead_forever_gearplanner.txt
18604,Tears of the Hederine,questiedb-foreverBaseItem.lua
18606,Alliance Battle Standard,questiedb-foreverBaseItem.lua
18607,Horde Battle Standard,questiedb-foreverBaseItem.lua
18608,Benediction,wowhead_forever_gearplanner.txt
18609,Anathema,wowhead_forever_gearplanner.txt
18610,Keen Machete,questiedb-foreverBaseItem.lua
18611,Gnarlpine Leggings,questiedb-foreverBaseItem.lua
18612,Bloody Chain Boots,questiedb-foreverBaseItem.lua
18622,Flawless Fel Essence (Jaedenar),questiedb-foreverBaseItem.lua
18624,Flawless Fel Essence (Azshara),questiedb-foreverBaseItem.lua
18631,Truesilver Transformer,questiedb-foreverBaseItem.lua
18634,Gyrofreeze Ice Reflector,wowhead_forever_gearplanner.txt
18636,Ruined Jumper Cables XL,questiedb-foreverBaseItem.lua
18637,Major Recombobulator,wowhead_forever_gearplanner.txt
18638,Hyper-Radiant Flame Reflector,wowhead_forever_gearplanner.txt
18639,Ultra-Flash Shadow Reflector,wowhead_forever_gearplanner.txt
18640,Happy Fun Rock,questiedb-foreverBaseItem.lua
18641,Dense Dynamite,questiedb-foreverBaseItem.lua
18645,Gnomish Alarm-O-Bot,questiedb-foreverBaseItem.lua
18646,The Eye of Divinity,wowhead_forever_gearplanner.txt
18650,Schematic: EZ-Thro Dynamite II,questiedb-foreverBaseItem.lua
18660,World Enlarger,questiedb-foreverBaseItem.lua
18662,Heavy Leather Ball,questiedb-foreverBaseItem.lua
18665,The Eye of Shadow,wowhead_forever_gearplanner.txt
18674,Hardened Stone Band,wowhead_forever_gearplanner.txt
18678,Tempestria's Frozen Necklace,wowhead_forever_gearplanner.txt
18679,Frigid Ring,wowhead_forever_gearplanner.txt
18706,Arena Master,wowhead_forever_gearplanner.txt
18709,Arena Wristguards,wowhead_forever_gearplanner.txt
18710,Arena Bracers,wowhead_forever_gearplanner.txt
18711,Arena Bands,wowhead_forever_gearplanner.txt
18712,Arena Vambraces,wowhead_forever_gearplanner.txt
18713,"Rhok'delar, Longbow of the Ancient Keepers",wowhead_forever_gearplanner.txt
18714,Ancient Sinew Wrapped Lamina,wowhead_forever_gearplanner.txt
18715,"Lok'delar, Stave of the Ancient Keepers",wowhead_forever_gearplanner.txt
18720,Shroud of the Nathrezim,wowhead_forever_gearplanner.txt
18722,Death Grips,wowhead_forever_gearplanner.txt
18760,Necromantic Band,wowhead_forever_gearplanner.txt
18762,Shard of the Green Flame,wowhead_forever_gearplanner.txt
18807,Helm of Latent Power,wowhead_forever_gearplanner.txt
18814,Choker of the Fire Lord,wowhead_forever_gearplanner.txt
18815,Essence of the Pure Flame,wowhead_forever_gearplanner.txt
18820,Talisman of Ephemeral Power,wowhead_forever_gearplanner.txt
18821,Quick Strike Ring,wowhead_forever_gearplanner.txt
18825,Grand Marshal's Aegis,wowhead_forever_gearplanner.txt
18826,High Warlord's Shield Wall,wowhead_forever_gearplanner.txt
18827,Grand Marshal's Handaxe,wowhead_forever_gearplanner.txt
18828,High Warlord's Cleaver,wowhead_forever_gearplanner.txt
18830,Grand Marshal's Sunderer,wowhead_forever_gearplanner.txt
18831,High Warlord's Battle Axe,wowhead_forever_gearplanner.txt
18833,Grand Marshal's Bullseye,wowhead_forever_gearplanner.txt
18834,Insignia of the Horde,wowhead_forever_gearplanner.txt
18835,High Warlord's Recurve,wowhead_forever_gearplanner.txt
18836,Grand Marshal's Repeater,wowhead_forever_gearplanner.txt
18837,High Warlord's Crossbow,wowhead_forever_gearplanner.txt
18838,Grand Marshal's Dirk,wowhead_forever_gearplanner.txt
18840,High Warlord's Razor,wowhead_forever_gearplanner.txt
18843,Grand Marshal's Right Hand Blade,wowhead_forever_gearplanner.txt
18844,High Warlord's Right Claw,wowhead_forever_gearplanner.txt
18845,Insignia of the Horde,wowhead_forever_gearplanner.txt
18846,Insignia of the Horde,wowhead_forever_gearplanner.txt
18847,Grand Marshal's Left Hand Blade,wowhead_forever_gearplanner.txt
18848,High Warlord's Left Claw,wowhead_forever_gearplanner.txt
18849,Insignia of the Horde,wowhead_forever_gearplanner.txt
18850,Insignia of the Horde,wowhead_forever_gearplanner.txt
18851,Insignia of the Horde,wowhead_forever_gearplanner.txt
18852,Insignia of the Horde,wowhead_forever_gearplanner.txt
18853,Insignia of the Horde,wowhead_forever_gearplanner.txt
18854,Insignia of the Alliance,wowhead_forever_gearplanner.txt
18855,Grand Marshal's Hand Cannon,wowhead_forever_gearplanner.txt
18856,Insignia of the Alliance,wowhead_forever_gearplanner.txt
18857,Insignia of the Alliance,wowhead_forever_gearplanner.txt
18858,Insignia of the Alliance,wowhead_forever_gearplanner.txt
18859,Insignia of the Alliance,wowhead_forever_gearplanner.txt
18860,High Warlord's Street Sweeper,wowhead_forever_gearplanner.txt
18862,Insignia of the Alliance,wowhead_forever_gearplanner.txt
18863,Insignia of the Alliance,wowhead_forever_gearplanner.txt
18864,Insignia of the Alliance,wowhead_forever_gearplanner.txt
18865,Grand Marshal's Punisher,wowhead_forever_gearplanner.txt
18866,High Warlord's Bludgeon,wowhead_forever_gearplanner.txt
18867,Grand Marshal's Battle Hammer,wowhead_forever_gearplanner.txt
18868,High Warlord's Pulverizer,wowhead_forever_gearplanner.txt
18869,Grand Marshal's Glaive,wowhead_forever_gearplanner.txt
18871,High Warlord's Pig Sticker,wowhead_forever_gearplanner.txt
18873,Grand Marshal's Stave,wowhead_forever_gearplanner.txt
18874,High Warlord's War Staff,wowhead_forever_gearplanner.txt
18876,Grand Marshal's Claymore,wowhead_forever_gearplanner.txt
18877,High Warlord's Greatsword,wowhead_forever_gearplanner.txt
18879,Heavy Dark Iron Ring,wowhead_forever_gearplanner.txt
18947,Rage Scar Yeti Hide,questiedb-foreverBaseItem.lua
18948,Barbaric Bracers,wowhead_forever_gearplanner.txt
18957,Brushwood Blade,wowhead_forever_gearplanner.txt
18984,Dimensional Ripper - Everlook,questiedb-foreverBaseItem.lua
18986,Ultrasafe Transporter: Gadgetzan,questiedb-foreverBaseItem.lua
19004,Minor Healthstone,questiedb-foreverBaseItem.lua
19005,Minor Healthstone,questiedb-foreverBaseItem.lua
19006,Lesser Healthstone,questiedb-foreverBaseItem.lua
19007,Lesser Healthstone,questiedb-foreverBaseItem.lua
19008,Healthstone,questiedb-foreverBaseItem.lua
19009,Healthstone,questiedb-foreverBaseItem.lua
19010,Greater Healthstone,questiedb-foreverBaseItem.lua
19011,Greater Healthstone,questiedb-foreverBaseItem.lua
19012,Major Healthstone,questiedb-foreverBaseItem.lua
19013,Major Healthstone,questiedb-foreverBaseItem.lua
19017,Essence of the Firelord,questiedb-foreverBaseItem.lua
19019,"Thunderfury, Blessed Blade of the Windseeker",wowhead_forever_gearplanner.txt
19022,Nat Pagle's Extreme Angler FC-5000,wowhead_forever_gearplanner.txt
19024,Arena Grand Master,wowhead_forever_gearplanner.txt
19026,Snake Burst Firework,questiedb-foreverBaseItem.lua
19031,Frostwolf Battle Tabard,wowhead_forever_gearplanner.txt
19032,Stormpike Battle Tabard,wowhead_forever_gearplanner.txt
19037,Emerald Peak Spaulders,wowhead_forever_gearplanner.txt
19038,Ring of Subtlety,wowhead_forever_gearplanner.txt
19039,Zorbin's Water Resistant Hat,wowhead_forever_gearplanner.txt
19040,Zorbin's Mega-Slicer,wowhead_forever_gearplanner.txt
19041,Pratt's Handcrafted Tunic,wowhead_forever_gearplanner.txt
19042,Jangdor's Handcrafted Tunic,wowhead_forever_gearplanner.txt
19043,Heavy Timbermaw Belt,wowhead_forever_gearplanner.txt
19044,Might of the Timbermaw,wowhead_forever_gearplanner.txt
19045,Stormpike Battle Standard,questiedb-foreverBaseItem.lua
19046,Frostwolf Battle Standard,questiedb-foreverBaseItem.lua
19047,Wisdom of the Timbermaw,wowhead_forever_gearplanner.txt
19048,Heavy Timbermaw Boots,questiedb-foreverBaseItem.lua
19049,Timbermaw Brawlers,questiedb-foreverBaseItem.lua
19050,Mantle of the Timbermaw,questiedb-foreverBaseItem.lua
19051,Girdle of the Dawn,wowhead_forever_gearplanner.txt
19052,Dawn Treaders,wowhead_forever_gearplanner.txt
19056,Argent Boots,wowhead_forever_gearplanner.txt
19057,Gloves of the Dawn,questiedb-foreverBaseItem.lua
19058,Golden Mantle of the Dawn,questiedb-foreverBaseItem.lua
19059,Argent Shoulders,questiedb-foreverBaseItem.lua
19060,Warsong Gulch Enriched Ration,questiedb-foreverBaseItem.lua
19061,Warsong Gulch Iron Ration,questiedb-foreverBaseItem.lua
19062,Warsong Gulch Field Ration,questiedb-foreverBaseItem.lua
19083,Frostwolf Legionnaire's Cloak,wowhead_forever_gearplanner.txt
19084,Stormpike Soldier's Cloak,wowhead_forever_gearplanner.txt
19085,Frostwolf Advisor's Cloak,wowhead_forever_gearplanner.txt
19086,Stormpike Sage's Cloak,wowhead_forever_gearplanner.txt
19087,Frostwolf Plate Belt,wowhead_forever_gearplanner.txt
19088,Frostwolf Mail Belt,wowhead_forever_gearplanner.txt
19089,Frostwolf Leather Belt,wowhead_forever_gearplanner.txt
19090,Frostwolf Cloth Belt,wowhead_forever_gearplanner.txt
19091,Stormpike Plate Girdle,wowhead_forever_gearplanner.txt
19092,Stormpike Mail Girdle,wowhead_forever_gearplanner.txt
19093,Stormpike Leather Girdle,wowhead_forever_gearplanner.txt
19094,Stormpike Cloth Girdle,wowhead_forever_gearplanner.txt
19095,Frostwolf Legionnaire's Pendant,wowhead_forever_gearplanner.txt
19096,Frostwolf Advisor's Pendant,wowhead_forever_gearplanner.txt
19097,Stormpike Soldier's Pendant,wowhead_forever_gearplanner.txt
19098,Stormpike Sage's Pendant,wowhead_forever_gearplanner.txt
19099,Glacial Blade,wowhead_forever_gearplanner.txt
19100,Electrified Dagger,wowhead_forever_gearplanner.txt
19101,Whiteout Staff,wowhead_forever_gearplanner.txt
19102,Crackling Staff,wowhead_forever_gearplanner.txt
19103,Frostbite,wowhead_forever_gearplanner.txt
19104,Stormstrike Hammer,wowhead_forever_gearplanner.txt
19106,Ice Barbed Spear,wowhead_forever_gearplanner.txt
19107,Bloodseeker,wowhead_forever_gearplanner.txt
19108,Wand of Biting Cold,wowhead_forever_gearplanner.txt
19109,Deep Rooted Ring,wowhead_forever_gearplanner.txt
19114,Highland Bow,wowhead_forever_gearplanner.txt
19115,Flask of Forest Mojo,wowhead_forever_gearplanner.txt
19116,Greenleaf Handwraps,wowhead_forever_gearplanner.txt
19117,Laquered Wooden Plate Legplates,wowhead_forever_gearplanner.txt
19118,Nature's Breath,wowhead_forever_gearplanner.txt
19119,Owlbeast Hide Gloves,wowhead_forever_gearplanner.txt
19120,Rune of the Guard Captain,wowhead_forever_gearplanner.txt
19121,Deep Woodlands Cloak,wowhead_forever_gearplanner.txt
19123,Everwarm Handwraps,wowhead_forever_gearplanner.txt
19124,Slagplate Leggings,wowhead_forever_gearplanner.txt
19125,Seared Mail Girdle,wowhead_forever_gearplanner.txt
19126,Slagplate Gauntlets,wowhead_forever_gearplanner.txt
19127,Charred Leather Tunic,wowhead_forever_gearplanner.txt
19128,Seared Mail Vest,wowhead_forever_gearplanner.txt
19138,Band of Sulfuras,wowhead_forever_gearplanner.txt
19140,Cauterizing Band,wowhead_forever_gearplanner.txt
19141,Luffa,wowhead_forever_gearplanner.txt
19147,Ring of Spell Power,wowhead_forever_gearplanner.txt
19148,Dark Iron Helm,wowhead_forever_gearplanner.txt
19149,Lava Belt,wowhead_forever_gearplanner.txt
19150,Sentinel Basic Care Package,questiedb-foreverBaseItem.lua
19151,Sentinel Standard Care Package,questiedb-foreverBaseItem.lua
19152,Sentinel Advanced Care Package,questiedb-foreverBaseItem.lua
19153,Outrider Advanced Care Package,questiedb-foreverBaseItem.lua
19154,Outrider Basic Care Package,questiedb-foreverBaseItem.lua
19155,Outrider Standard Care Package,questiedb-foreverBaseItem.lua
19156,Flarecore Robe,wowhead_forever_gearplanner.txt
19157,Chromatic Gauntlets,wowhead_forever_gearplanner.txt
19159,Woven Ivy Necklace,wowhead_forever_gearplanner.txt
19160,Contest Winner's Tabard,wowhead_forever_gearplanner.txt
19162,Corehound Belt,wowhead_forever_gearplanner.txt
19163,Molten Belt,wowhead_forever_gearplanner.txt
19164,Dark Iron Gauntlets,wowhead_forever_gearplanner.txt
19165,Flarecore Leggings,wowhead_forever_gearplanner.txt
19166,Black Amnesty,wowhead_forever_gearplanner.txt
19167,Blackfury,wowhead_forever_gearplanner.txt
19168,Blackguard,wowhead_forever_gearplanner.txt
19169,Nightfall,wowhead_forever_gearplanner.txt
19170,Ebon Hand,wowhead_forever_gearplanner.txt
19183,Hourglass Sand,questiedb-foreverBaseItem.lua
19202,Pattern: Heavy Timbermaw Belt,questiedb-foreverBaseItem.lua
19204,Pattern: Heavy Timbermaw Boots,questiedb-foreverBaseItem.lua
19222,Cheap Beer,questiedb-foreverBaseItem.lua
19227,Ace of Beasts,questiedb-foreverBaseItem.lua
19230,Two of Beasts,questiedb-foreverBaseItem.lua
19231,Three of Beasts,questiedb-foreverBaseItem.lua
19232,Four of Beasts,questiedb-foreverBaseItem.lua
19233,Five of Beasts,questiedb-foreverBaseItem.lua
19234,Six of Beasts,questiedb-foreverBaseItem.lua
19235,Seven of Beasts,questiedb-foreverBaseItem.lua
19236,Eight of Beasts,questiedb-foreverBaseItem.lua
19258,Ace of Warlords,questiedb-foreverBaseItem.lua
19259,Two of Warlords,questiedb-foreverBaseItem.lua
19260,Three of Warlords,questiedb-foreverBaseItem.lua
19261,Four of Warlords,questiedb-foreverBaseItem.lua
19262,Five of Warlords,questiedb-foreverBaseItem.lua
19263,Six of Warlords,questiedb-foreverBaseItem.lua
19264,Seven of Warlords,questiedb-foreverBaseItem.lua
19265,Eight of Warlords,questiedb-foreverBaseItem.lua
19268,Ace of Elementals,questiedb-foreverBaseItem.lua
19269,Two of Elementals,questiedb-foreverBaseItem.lua
19270,Three of Elementals,questiedb-foreverBaseItem.lua
19271,Four of Elementals,questiedb-foreverBaseItem.lua
19272,Five of Elementals,questiedb-foreverBaseItem.lua
19273,Six of Elementals,questiedb-foreverBaseItem.lua
19274,Seven of Elementals,questiedb-foreverBaseItem.lua
19275,Eight of Elementals,questiedb-foreverBaseItem.lua
19276,Ace of Portals,questiedb-foreverBaseItem.lua
19278,Two of Portals,questiedb-foreverBaseItem.lua
19279,Three of Portals,questiedb-foreverBaseItem.lua
19280,Four of Portals,questiedb-foreverBaseItem.lua
19281,Five of Portals,questiedb-foreverBaseItem.lua
19282,Six of Portals,questiedb-foreverBaseItem.lua
19283,Seven of Portals,questiedb-foreverBaseItem.lua
19284,Eight of Portals,questiedb-foreverBaseItem.lua
19287,Darkmoon Card: Heroism,wowhead_forever_gearplanner.txt
19288,Darkmoon Card: Blue Dragon,wowhead_forever_gearplanner.txt
19289,Darkmoon Card: Maelstrom,wowhead_forever_gearplanner.txt
19290,Darkmoon Card: Twisting Nether,wowhead_forever_gearplanner.txt
19292,Last Month's Mutton,wowhead_forever_gearplanner.txt
19293,Last Year's Mutton,wowhead_forever_gearplanner.txt
19295,Darkmoon Flower,wowhead_forever_gearplanner.txt
19296,Greater Darkmoon Prize,questiedb-foreverBaseItem.lua
19297,Lesser Darkmoon Prize,questiedb-foreverBaseItem.lua
19298,Minor Darkmoon Prize,questiedb-foreverBaseItem.lua
19302,Darkmoon Ring,wowhead_forever_gearplanner.txt
19303,Darkmoon Necklace,wowhead_forever_gearplanner.txt
19308,Tome of Arcane Domination,wowhead_forever_gearplanner.txt
19309,Tome of Shadow Force,wowhead_forever_gearplanner.txt
19310,Tome of the Ice Lord,wowhead_forever_gearplanner.txt
19311,Tome of Fiery Arcana,wowhead_forever_gearplanner.txt
19312,Lei of the Lifegiver,wowhead_forever_gearplanner.txt
19315,Therazane's Touch,wowhead_forever_gearplanner.txt
19318,Bottled Alterac Spring Water,questiedb-foreverBaseItem.lua
19319,Harpy Hide Quiver,wowhead_forever_gearplanner.txt
19320,Gnoll Skin Bandolier,wowhead_forever_gearplanner.txt
19321,The Immovable Object,wowhead_forever_gearplanner.txt
19323,The Unstoppable Force,wowhead_forever_gearplanner.txt
19324,The Lobotomizer,wowhead_forever_gearplanner.txt
19325,Don Julio's Band,wowhead_forever_gearplanner.txt
19336,Arcane Infused Gem,wowhead_forever_gearplanner.txt
19337,The Black Book,wowhead_forever_gearplanner.txt
19339,Mind Quickening Gem,wowhead_forever_gearplanner.txt
19340,Rune of Metamorphosis,wowhead_forever_gearplanner.txt
19341,Lifegiving Gem,wowhead_forever_gearplanner.txt
19342,Venomous Totem,wowhead_forever_gearplanner.txt
19343,Scrolls of Blinding Light,wowhead_forever_gearplanner.txt
19344,Natural Alignment Crystal,wowhead_forever_gearplanner.txt
19345,Aegis of Preservation,wowhead_forever_gearplanner.txt
19366,Master Dragonslayer's Orb,wowhead_forever_gearplanner.txt
19371,Pendant of the Fallen Dragon,wowhead_forever_gearplanner.txt
19376,Archimtiros' Ring of Reckoning,wowhead_forever_gearplanner.txt
19377,Prestor's Talisman of Connivery,wowhead_forever_gearplanner.txt
19379,Neltharion's Tear,wowhead_forever_gearplanner.txt
19382,Pure Elementium Band,wowhead_forever_gearplanner.txt
19383,Master Dragonslayer's Medallion,wowhead_forever_gearplanner.txt
19384,Master Dragonslayer's Ring,wowhead_forever_gearplanner.txt
19392,Girdle of the Fallen Crusader,wowhead_forever_gearplanner.txt
19395,Rejuvenating Gem,wowhead_forever_gearplanner.txt
19397,Ring of Blackrock,wowhead_forever_gearplanner.txt
19403,Band of Forced Concentration,wowhead_forever_gearplanner.txt
19406,Drake Fang Talisman,wowhead_forever_gearplanner.txt
19422,Darkmoon Faire Fortune,questiedb-foreverBaseItem.lua
19425,Mysterious Lockbox,questiedb-foreverBaseItem.lua
19426,Orb of the Darkmoon,wowhead_forever_gearplanner.txt
19431,Styleen's Impeding Scarab,wowhead_forever_gearplanner.txt
19432,Circle of Applied Force,wowhead_forever_gearplanner.txt
19434,Band of Dark Dominion,wowhead_forever_gearplanner.txt
19440,Powerful Anti-Venom,questiedb-foreverBaseItem.lua
19491,Amulet of the Darkmoon,wowhead_forever_gearplanner.txt
19505,Warsong Battle Tabard,wowhead_forever_gearplanner.txt
19506,Silverwing Battle Tabard,wowhead_forever_gearplanner.txt
19507,Inquisitor's Shawl,questiedb-foreverBaseItem.lua
19508,Branded Leather Bracers,questiedb-foreverBaseItem.lua
19509,Dusty Mail Boots,questiedb-foreverBaseItem.lua
19510,Legionnaire's Band,wowhead_forever_gearplanner.txt
19511,Legionnaire's Band,wowhead_forever_gearplanner.txt
19512,Legionnaire's Band,wowhead_forever_gearplanner.txt
19513,Legionnaire's Band,wowhead_forever_gearplanner.txt
19514,Protector's Band,wowhead_forever_gearplanner.txt
19515,Protector's Band,wowhead_forever_gearplanner.txt
19516,Protector's Band,wowhead_forever_gearplanner.txt
19517,Protector's Band,wowhead_forever_gearplanner.txt
19518,Advisor's Ring,wowhead_forever_gearplanner.txt
19519,Advisor's Ring,wowhead_forever_gearplanner.txt
19520,Advisor's Ring,wowhead_forever_gearplanner.txt
19521,Advisor's Ring,wowhead_forever_gearplanner.txt
19522,Lorekeeper's Ring,wowhead_forever_gearplanner.txt
19523,Lorekeeper's Ring,wowhead_forever_gearplanner.txt
19524,Lorekeeper's Ring,wowhead_forever_gearplanner.txt
19525,Lorekeeper's Ring,wowhead_forever_gearplanner.txt
19526,Battle Healer's Cloak,wowhead_forever_gearplanner.txt
19527,Battle Healer's Cloak,wowhead_forever_gearplanner.txt
19528,Battle Healer's Cloak,wowhead_forever_gearplanner.txt
19529,Battle Healer's Cloak,wowhead_forever_gearplanner.txt
19530,Caretaker's Cape,wowhead_forever_gearplanner.txt
19531,Caretaker's Cape,wowhead_forever_gearplanner.txt
19532,Caretaker's Cape,wowhead_forever_gearplanner.txt
19533,Caretaker's Cape,wowhead_forever_gearplanner.txt
19534,Scout's Medallion,wowhead_forever_gearplanner.txt
19535,Scout's Medallion,wowhead_forever_gearplanner.txt
19536,Scout's Medallion,wowhead_forever_gearplanner.txt
19537,Scout's Medallion,wowhead_forever_gearplanner.txt
19538,Sentinel's Medallion,wowhead_forever_gearplanner.txt
19539,Sentinel's Medallion,wowhead_forever_gearplanner.txt
19540,Sentinel's Medallion,wowhead_forever_gearplanner.txt
19541,Sentinel's Medallion,wowhead_forever_gearplanner.txt
19542,Scout's Blade,wowhead_forever_gearplanner.txt
19543,Scout's Blade,wowhead_forever_gearplanner.txt
19544,Scout's Blade,wowhead_forever_gearplanner.txt
19545,Scout's Blade,wowhead_forever_gearplanner.txt
19546,Sentinel's Blade,wowhead_forever_gearplanner.txt
19547,Sentinel's Blade,wowhead_forever_gearplanner.txt
19548,Sentinel's Blade,wowhead_forever_gearplanner.txt
19549,Sentinel's Blade,wowhead_forever_gearplanner.txt
19550,Legionnaire's Sword,wowhead_forever_gearplanner.txt
19551,Legionnaire's Sword,wowhead_forever_gearplanner.txt
19552,Legionnaire's Sword,wowhead_forever_gearplanner.txt
19553,Legionnaire's Sword,wowhead_forever_gearplanner.txt
19554,Protector's Sword,wowhead_forever_gearplanner.txt
19555,Protector's Sword,wowhead_forever_gearplanner.txt
19556,Protector's Sword,wowhead_forever_gearplanner.txt
19557,Protector's Sword,wowhead_forever_gearplanner.txt
19558,Outrider's Bow,wowhead_forever_gearplanner.txt
19559,Outrider's Bow,wowhead_forever_gearplanner.txt
19560,Outrider's Bow,wowhead_forever_gearplanner.txt
19561,Outrider's Bow,wowhead_forever_gearplanner.txt
19562,Outrunner's Bow,wowhead_forever_gearplanner.txt
19563,Outrunner's Bow,wowhead_forever_gearplanner.txt
19564,Outrunner's Bow,wowhead_forever_gearplanner.txt
19565,Outrunner's Bow,wowhead_forever_gearplanner.txt
19566,Advisor's Gnarled Staff,wowhead_forever_gearplanner.txt
19567,Advisor's Gnarled Staff,wowhead_forever_gearplanner.txt
19568,Advisor's Gnarled Staff,wowhead_forever_gearplanner.txt
19569,Advisor's Gnarled Staff,wowhead_forever_gearplanner.txt
19570,Lorekeeper's Staff,wowhead_forever_gearplanner.txt
19571,Lorekeeper's Staff,wowhead_forever_gearplanner.txt
19572,Lorekeeper's Staff,wowhead_forever_gearplanner.txt
19573,Lorekeeper's Staff,wowhead_forever_gearplanner.txt
19574,Strength of Mugamba,wowhead_forever_gearplanner.txt
19575,Strength of Mugamba,wowhead_forever_gearplanner.txt
19576,Strength of Mugamba,wowhead_forever_gearplanner.txt
19577,Rage of Mugamba,wowhead_forever_gearplanner.txt
19578,Berserker Bracers,wowhead_forever_gearplanner.txt
19579,Heathen's Brand,wowhead_forever_gearplanner.txt
19580,Berserker Bracers,wowhead_forever_gearplanner.txt
19581,Berserker Bracers,wowhead_forever_gearplanner.txt
19582,Windtalker's Wristguards,wowhead_forever_gearplanner.txt
19583,Windtalker's Wristguards,wowhead_forever_gearplanner.txt
19584,Windtalker's Wristguards,wowhead_forever_gearplanner.txt
19585,Heathen's Brand,wowhead_forever_gearplanner.txt
19586,Heathen's Brand,wowhead_forever_gearplanner.txt
19587,Forest Stalker's Bracers,wowhead_forever_gearplanner.txt
19588,Hero's Brand,wowhead_forever_gearplanner.txt
19589,Forest Stalker's Bracers,wowhead_forever_gearplanner.txt
19590,Forest Stalker's Bracers,wowhead_forever_gearplanner.txt
19591,The Eye of Zuldazar,wowhead_forever_gearplanner.txt
19592,The Eye of Zuldazar,wowhead_forever_gearplanner.txt
19593,The Eye of Zuldazar,wowhead_forever_gearplanner.txt
19594,The All-Seeing Eye of Zuldazar,wowhead_forever_gearplanner.txt
19595,Dryad's Wrist Bindings,wowhead_forever_gearplanner.txt
19596,Dryad's Wrist Bindings,wowhead_forever_gearplanner.txt
19597,Dryad's Wrist Bindings,wowhead_forever_gearplanner.txt
19598,Pebble of Kajaro,wowhead_forever_gearplanner.txt
19599,Pebble of Kajaro,wowhead_forever_gearplanner.txt
19600,Pebble of Kajaro,wowhead_forever_gearplanner.txt
19601,Jewel of Kajaro,wowhead_forever_gearplanner.txt
19602,Kezan's Taint,wowhead_forever_gearplanner.txt
19603,Kezan's Taint,wowhead_forever_gearplanner.txt
19604,Kezan's Taint,wowhead_forever_gearplanner.txt
19605,Kezan's Unstoppable Taint,wowhead_forever_gearplanner.txt
19606,Vision of Voodress,wowhead_forever_gearplanner.txt
19607,Vision of Voodress,wowhead_forever_gearplanner.txt
19608,Vision of Voodress,wowhead_forever_gearplanner.txt
19609,Unmarred Vision of Voodress,wowhead_forever_gearplanner.txt
19610,Enchanted South Seas Kelp,wowhead_forever_gearplanner.txt
19611,Enchanted South Seas Kelp,wowhead_forever_gearplanner.txt
19612,Enchanted South Seas Kelp,wowhead_forever_gearplanner.txt
19613,Pristine Enchanted South Seas Kelp,wowhead_forever_gearplanner.txt
19614,Zandalarian Shadow Talisman,wowhead_forever_gearplanner.txt
19615,Zandalarian Shadow Talisman,wowhead_forever_gearplanner.txt
19616,Zandalarian Shadow Talisman,wowhead_forever_gearplanner.txt
19617,Zandalarian Shadow Mastery Talisman,wowhead_forever_gearplanner.txt
19618,Maelstrom's Tendril,wowhead_forever_gearplanner.txt
19619,Maelstrom's Tendril,wowhead_forever_gearplanner.txt
19620,Maelstrom's Tendril,wowhead_forever_gearplanner.txt
19621,Maelstrom's Wrath,wowhead_forever_gearplanner.txt
19682,Bloodvine Vest,wowhead_forever_gearplanner.txt
19683,Bloodvine Leggings,wowhead_forever_gearplanner.txt
19684,Bloodvine Boots,wowhead_forever_gearplanner.txt
19685,Primal Batskin Jerkin,wowhead_forever_gearplanner.txt
19686,Primal Batskin Gloves,wowhead_forever_gearplanner.txt
19687,Primal Batskin Bracers,wowhead_forever_gearplanner.txt
19688,Blood Tiger Breastplate,wowhead_forever_gearplanner.txt
19689,Blood Tiger Shoulders,wowhead_forever_gearplanner.txt
19690,Bloodsoul Breastplate,wowhead_forever_gearplanner.txt
19691,Bloodsoul Shoulders,wowhead_forever_gearplanner.txt
19692,Bloodsoul Gauntlets,wowhead_forever_gearplanner.txt
19693,Darksoul Breastplate,wowhead_forever_gearplanner.txt
19694,Darksoul Leggings,wowhead_forever_gearplanner.txt
19695,Darksoul Shoulders,wowhead_forever_gearplanner.txt
19697,Bounty of the Harvest,wowhead_forever_gearplanner.txt
19774,Souldarite,questiedb-foreverBaseItem.lua
19775,Sealed Azure Bag,questiedb-foreverBaseItem.lua
19807,Speckled Tastyfish,questiedb-foreverBaseItem.lua
19808,Rockhide Strongfish,wowhead_forever_gearplanner.txt
19822,Zandalar Vindicator's Breastplate,wowhead_forever_gearplanner.txt
19823,Zandalar Vindicator's Belt,wowhead_forever_gearplanner.txt
19824,Zandalar Vindicator's Armguards,wowhead_forever_gearplanner.txt
19825,Zandalar Freethinker's Breastplate,wowhead_forever_gearplanner.txt
19826,Zandalar Freethinker's Belt,wowhead_forever_gearplanner.txt
19827,Zandalar Freethinker's Armguards,wowhead_forever_gearplanner.txt
19828,Zandalar Augur's Hauberk,wowhead_forever_gearplanner.txt
19829,Zandalar Augur's Belt,wowhead_forever_gearplanner.txt
19830,Zandalar Augur's Bracers,wowhead_forever_gearplanner.txt
19831,Zandalar Predator's Mantle,wowhead_forever_gearplanner.txt
19832,Zandalar Predator's Belt,wowhead_forever_gearplanner.txt
19833,Zandalar Predator's Bracers,wowhead_forever_gearplanner.txt
19834,Zandalar Madcap's Tunic,wowhead_forever_gearplanner.txt
19835,Zandalar Madcap's Mantle,wowhead_forever_gearplanner.txt
19836,Zandalar Madcap's Bracers,wowhead_forever_gearplanner.txt
19838,Zandalar Haruspex's Tunic,wowhead_forever_gearplanner.txt
19839,Zandalar Haruspex's Belt,wowhead_forever_gearplanner.txt
19840,Zandalar Haruspex's Bracers,wowhead_forever_gearplanner.txt
19841,Zandalar Confessor's Mantle,wowhead_forever_gearplanner.txt
19842,Zandalar Confessor's Bindings,wowhead_forever_gearplanner.txt
19843,Zandalar Confessor's Wraps,wowhead_forever_gearplanner.txt
19845,Zandalar Illusionist's Mantle,wowhead_forever_gearplanner.txt
19846,Zandalar Illusionist's Wraps,wowhead_forever_gearplanner.txt
19848,Zandalar Demoniac's Wraps,wowhead_forever_gearplanner.txt
19849,Zandalar Demoniac's Mantle,wowhead_forever_gearplanner.txt
19884,Jin'do's Judgement,wowhead_forever_gearplanner.txt
19948,Zandalarian Hero Badge,wowhead_forever_gearplanner.txt
19949,Zandalarian Hero Medallion,wowhead_forever_gearplanner.txt
19950,Zandalarian Hero Charm,wowhead_forever_gearplanner.txt
19951,Gri'lek's Charm of Might,wowhead_forever_gearplanner.txt
19952,Gri'lek's Charm of Valor,wowhead_forever_gearplanner.txt
19953,Renataki's Charm of Beasts,wowhead_forever_gearplanner.txt
19954,Renataki's Charm of Trickery,wowhead_forever_gearplanner.txt
19955,Wushoolay's Charm of Nature,wowhead_forever_gearplanner.txt
19956,Wushoolay's Charm of Spirits,wowhead_forever_gearplanner.txt
19957,Hazza'rah's Charm of Destruction,wowhead_forever_gearplanner.txt
19958,Hazza'rah's Charm of Healing,wowhead_forever_gearplanner.txt
19959,Hazza'rah's Charm of Magic,wowhead_forever_gearplanner.txt
19960,Crystalized Honey,questiedb-foreverBaseItem.lua
19969,Nat Pagle's Extreme Anglin' Boots,wowhead_forever_gearplanner.txt
19970,Arcanite Fishing Pole,wowhead_forever_gearplanner.txt
19972,Lucky Fishing Hat,wowhead_forever_gearplanner.txt
19979,Hook of the Master Angler,wowhead_forever_gearplanner.txt
19997,Harvest Nectar,questiedb-foreverBaseItem.lua
19998,Bloodvine Lens,wowhead_forever_gearplanner.txt
19999,Bloodvine Goggles,wowhead_forever_gearplanner.txt
20009,For the Light!,questiedb-foreverBaseItem.lua
20010,The Horde's Hellscream,questiedb-foreverBaseItem.lua
20028,Glittering Dust,questiedb-foreverBaseItem.lua
20033,Zandalar Demoniac's Robe,wowhead_forever_gearplanner.txt
20034,Zandalar Illusionist's Robe,wowhead_forever_gearplanner.txt
20039,Dark Iron Boots,wowhead_forever_gearplanner.txt
20041,Highlander's Plate Girdle,wowhead_forever_gearplanner.txt
20042,Highlander's Lamellar Girdle,wowhead_forever_gearplanner.txt
20043,Highlander's Chain Girdle,wowhead_forever_gearplanner.txt
20044,Highlander's Mail Girdle,wowhead_forever_gearplanner.txt
20045,Highlander's Leather Girdle,wowhead_forever_gearplanner.txt
20046,Highlander's Lizardhide Girdle,wowhead_forever_gearplanner.txt
20047,Highlander's Cloth Girdle,wowhead_forever_gearplanner.txt
20048,Highlander's Plate Greaves,wowhead_forever_gearplanner.txt
20049,Highlander's Lamellar Greaves,wowhead_forever_gearplanner.txt
20050,Highlander's Chain Greaves,wowhead_forever_gearplanner.txt
20051,Highlander's Mail Greaves,wowhead_forever_gearplanner.txt
20052,Highlander's Leather Boots,wowhead_forever_gearplanner.txt
20053,Highlander's Lizardhide Boots,wowhead_forever_gearplanner.txt
20054,Highlander's Cloth Boots,wowhead_forever_gearplanner.txt
20055,Highlander's Chain Pauldrons,wowhead_forever_gearplanner.txt
20056,Highlander's Mail Pauldrons,wowhead_forever_gearplanner.txt
20057,Highlander's Plate Spaulders,wowhead_forever_gearplanner.txt
20058,Highlander's Lamellar Spaulders,wowhead_forever_gearplanner.txt
20059,Highlander's Leather Shoulders,wowhead_forever_gearplanner.txt
20060,Highlander's Lizardhide Shoulders,wowhead_forever_gearplanner.txt
20061,Highlander's Epaulets,wowhead_forever_gearplanner.txt
20062,Arathi Basin Enriched Ration,questiedb-foreverBaseItem.lua
20063,Arathi Basin Field Ration,questiedb-foreverBaseItem.lua
20064,Arathi Basin Iron Ration,questiedb-foreverBaseItem.lua
20068,Deathguard's Cloak,wowhead_forever_gearplanner.txt
20069,Ironbark Staff,wowhead_forever_gearplanner.txt
20070,Sageclaw,wowhead_forever_gearplanner.txt
20071,Talisman of Arathor,wowhead_forever_gearplanner.txt
20072,Defiler's Talisman,wowhead_forever_gearplanner.txt
20073,Cloak of the Honor Guard,wowhead_forever_gearplanner.txt
20074,Heavy Crocolisk Stew,questiedb-foreverBaseItem.lua
20084,Hunting Net,wowhead_forever_gearplanner.txt
20086,Dusksteel Throwing Knife,wowhead_forever_gearplanner.txt
20088,Highlander's Chain Girdle,wowhead_forever_gearplanner.txt
20089,Highlander's Chain Girdle,wowhead_forever_gearplanner.txt
20090,Highlander's Chain Girdle,wowhead_forever_gearplanner.txt
20091,Highlander's Chain Greaves,wowhead_forever_gearplanner.txt
20092,Highlander's Chain Greaves,wowhead_forever_gearplanner.txt
20093,Highlander's Chain Greaves,wowhead_forever_gearplanner.txt
20094,Highlander's Cloth Boots,wowhead_forever_gearplanner.txt
20095,Highlander's Cloth Boots,wowhead_forever_gearplanner.txt
20096,Highlander's Cloth Boots,wowhead_forever_gearplanner.txt
20097,Highlander's Cloth Girdle,wowhead_forever_gearplanner.txt
20098,Highlander's Cloth Girdle,wowhead_forever_gearplanner.txt
20099,Highlander's Cloth Girdle,wowhead_forever_gearplanner.txt
20100,Highlander's Lizardhide Boots,wowhead_forever_gearplanner.txt
20101,Highlander's Lizardhide Boots,wowhead_forever_gearplanner.txt
20102,Highlander's Lizardhide Boots,wowhead_forever_gearplanner.txt
20103,Highlander's Lizardhide Girdle,wowhead_forever_gearplanner.txt
20104,Highlander's Lizardhide Girdle,wowhead_forever_gearplanner.txt
20105,Highlander's Lizardhide Girdle,wowhead_forever_gearplanner.txt
20106,Highlander's Lamellar Girdle,wowhead_forever_gearplanner.txt
20107,Highlander's Lamellar Girdle,wowhead_forever_gearplanner.txt
20108,Highlander's Lamellar Girdle,wowhead_forever_gearplanner.txt
20109,Highlander's Lamellar Greaves,wowhead_forever_gearplanner.txt
20110,Highlander's Lamellar Greaves,wowhead_forever_gearplanner.txt
20111,Highlander's Lamellar Greaves,wowhead_forever_gearplanner.txt
20112,Highlander's Leather Boots,wowhead_forever_gearplanner.txt
20113,Highlander's Leather Boots,wowhead_forever_gearplanner.txt
20114,Highlander's Leather Boots,wowhead_forever_gearplanner.txt
20115,Highlander's Leather Girdle,wowhead_forever_gearplanner.txt
20116,Highlander's Leather Girdle,wowhead_forever_gearplanner.txt
20117,Highlander's Leather Girdle,wowhead_forever_gearplanner.txt
20118,Highlander's Mail Girdle,wowhead_forever_gearplanner.txt
20119,Highlander's Mail Girdle,wowhead_forever_gearplanner.txt
20120,Highlander's Mail Girdle,wowhead_forever_gearplanner.txt
20121,Highlander's Mail Greaves,wowhead_forever_gearplanner.txt
20122,Highlander's Mail Greaves,wowhead_forever_gearplanner.txt
20123,Highlander's Mail Greaves,wowhead_forever_gearplanner.txt
20124,Highlander's Plate Girdle,wowhead_forever_gearplanner.txt
20125,Highlander's Plate Girdle,wowhead_forever_gearplanner.txt
20126,Highlander's Plate Girdle,wowhead_forever_gearplanner.txt
20127,Highlander's Plate Greaves,wowhead_forever_gearplanner.txt
20128,Highlander's Plate Greaves,wowhead_forever_gearplanner.txt
20129,Highlander's Plate Greaves,wowhead_forever_gearplanner.txt
20131,Battle Tabard of the Defilers,questiedb-foreverBaseItem.lua
20132,Arathor Battle Tabard,questiedb-foreverBaseItem.lua
20150,Defiler's Chain Girdle,wowhead_forever_gearplanner.txt
20151,Defiler's Chain Girdle,wowhead_forever_gearplanner.txt
20152,Defiler's Chain Girdle,wowhead_forever_gearplanner.txt
20153,Defiler's Chain Girdle,wowhead_forever_gearplanner.txt
20154,Defiler's Chain Greaves,wowhead_forever_gearplanner.txt
20155,Defiler's Chain Greaves,wowhead_forever_gearplanner.txt
20156,Defiler's Chain Greaves,wowhead_forever_gearplanner.txt
20157,Defiler's Chain Greaves,wowhead_forever_gearplanner.txt
20158,Defiler's Chain Pauldrons,wowhead_forever_gearplanner.txt
20159,Defiler's Cloth Boots,wowhead_forever_gearplanner.txt
20160,Defiler's Cloth Boots,wowhead_forever_gearplanner.txt
20161,Defiler's Cloth Boots,wowhead_forever_gearplanner.txt
20162,Defiler's Cloth Boots,wowhead_forever_gearplanner.txt
20163,Defiler's Cloth Girdle,wowhead_forever_gearplanner.txt
20164,Defiler's Cloth Girdle,wowhead_forever_gearplanner.txt
20165,Defiler's Cloth Girdle,wowhead_forever_gearplanner.txt
20166,Defiler's Cloth Girdle,wowhead_forever_gearplanner.txt
20167,Defiler's Lizardhide Boots,wowhead_forever_gearplanner.txt
20168,Defiler's Lizardhide Boots,wowhead_forever_gearplanner.txt
20169,Defiler's Lizardhide Boots,wowhead_forever_gearplanner.txt
20170,Defiler's Lizardhide Boots,wowhead_forever_gearplanner.txt
20171,Defiler's Lizardhide Girdle,wowhead_forever_gearplanner.txt
20172,Defiler's Lizardhide Girdle,wowhead_forever_gearplanner.txt
20173,Defiler's Lizardhide Girdle,wowhead_forever_gearplanner.txt
20174,Defiler's Lizardhide Girdle,wowhead_forever_gearplanner.txt
20175,Defiler's Lizardhide Shoulders,wowhead_forever_gearplanner.txt
20176,Defiler's Epaulets,wowhead_forever_gearplanner.txt
20177,Defiler's Lamellar Girdle,wowhead_forever_gearplanner.txt
20178,Defiler's Lamellar Girdle,wowhead_forever_gearplanner.txt
20179,Defiler's Lamellar Girdle,wowhead_forever_gearplanner.txt
20180,Defiler's Lamellar Girdle,wowhead_forever_gearplanner.txt
20181,Defiler's Lamellar Greaves,wowhead_forever_gearplanner.txt
20182,Defiler's Lamellar Greaves,wowhead_forever_gearplanner.txt
20183,Defiler's Lamellar Greaves,wowhead_forever_gearplanner.txt
20184,Defiler's Lamellar Spaulders,wowhead_forever_gearplanner.txt
20185,Defiler's Lamellar Greaves,wowhead_forever_gearplanner.txt
20186,Defiler's Leather Boots,wowhead_forever_gearplanner.txt
20187,Defiler's Leather Boots,wowhead_forever_gearplanner.txt
20188,Defiler's Leather Boots,wowhead_forever_gearplanner.txt
20189,Defiler's Leather Boots,wowhead_forever_gearplanner.txt
20190,Defiler's Leather Girdle,wowhead_forever_gearplanner.txt
20191,Defiler's Leather Girdle,wowhead_forever_gearplanner.txt
20192,Defiler's Leather Girdle,wowhead_forever_gearplanner.txt
20193,Defiler's Leather Girdle,wowhead_forever_gearplanner.txt
20194,Defiler's Leather Shoulders,wowhead_forever_gearplanner.txt
20195,Defiler's Mail Girdle,wowhead_forever_gearplanner.txt
20196,Defiler's Mail Girdle,wowhead_forever_gearplanner.txt
20197,Defiler's Mail Girdle,wowhead_forever_gearplanner.txt
20198,Defiler's Mail Girdle,wowhead_forever_gearplanner.txt
20199,Defiler's Mail Greaves,wowhead_forever_gearplanner.txt
20200,Defiler's Mail Greaves,wowhead_forever_gearplanner.txt
20201,Defiler's Mail Greaves,wowhead_forever_gearplanner.txt
20202,Defiler's Mail Greaves,wowhead_forever_gearplanner.txt
20203,Defiler's Mail Pauldrons,wowhead_forever_gearplanner.txt
20204,Defiler's Plate Girdle,wowhead_forever_gearplanner.txt
20205,Defiler's Plate Girdle,wowhead_forever_gearplanner.txt
20206,Defiler's Plate Girdle,wowhead_forever_gearplanner.txt
20207,Defiler's Plate Girdle,wowhead_forever_gearplanner.txt
20208,Defiler's Plate Greaves,wowhead_forever_gearplanner.txt
20209,Defiler's Plate Greaves,wowhead_forever_gearplanner.txt
20210,Defiler's Plate Greaves,wowhead_forever_gearplanner.txt
20211,Defiler's Plate Greaves,wowhead_forever_gearplanner.txt
20212,Defiler's Plate Spaulders,wowhead_forever_gearplanner.txt
20213,Belt of Shrunken Heads,wowhead_forever_gearplanner.txt
20214,Mindfang,wowhead_forever_gearplanner.txt
20215,Belt of Shriveled Heads,wowhead_forever_gearplanner.txt
20216,Belt of Preserved Heads,wowhead_forever_gearplanner.txt
20217,Belt of Tiny Heads,wowhead_forever_gearplanner.txt
20218,Faded Hakkari Cloak,wowhead_forever_gearplanner.txt
20219,Tattered Hakkari Cape,wowhead_forever_gearplanner.txt
20220,Ironbark Staff,wowhead_forever_gearplanner.txt
20222,Defiler's Enriched Ration,questiedb-foreverBaseItem.lua
20223,Defiler's Field Ration,questiedb-foreverBaseItem.lua
20224,Defiler's Iron Ration,questiedb-foreverBaseItem.lua
20225,Highlander's Enriched Ration,questiedb-foreverBaseItem.lua
20226,Highlander's Field Ration,questiedb-foreverBaseItem.lua
20227,Highlander's Iron Ration,questiedb-foreverBaseItem.lua
20228,Defiler's Advanced Care Package,questiedb-foreverBaseItem.lua
20229,Defiler's Basic Care Package,questiedb-foreverBaseItem.lua
20230,Defiler's Standard Care Package,questiedb-foreverBaseItem.lua
20231,Arathor Advanced Care Package,questiedb-foreverBaseItem.lua
20233,Arathor Basic Care Package,questiedb-foreverBaseItem.lua
20236,Arathor Standard Care Package,questiedb-foreverBaseItem.lua
20295,Blue Dragonscale Leggings,wowhead_forever_gearplanner.txt
20296,Green Dragonscale Gauntlets,wowhead_forever_gearplanner.txt
20337,Gnome Head on a Stick,questiedb-foreverBaseItem.lua
20380,Dreamscale Breastplate,wowhead_forever_gearplanner.txt
20388,Lollipop,questiedb-foreverBaseItem.lua
20389,Candy Corn,questiedb-foreverBaseItem.lua
20390,Candy Bar,questiedb-foreverBaseItem.lua
20391,Flimsy Male Gnome Mask,wowhead_forever_gearplanner.txt
20392,Flimsy Female Gnome Mask,wowhead_forever_gearplanner.txt
20397,Hallowed Wand - Pirate,questiedb-foreverBaseItem.lua
20398,Hallowed Wand - Ninja,questiedb-foreverBaseItem.lua
20399,Hallowed Wand - Leper Gnome,questiedb-foreverBaseItem.lua
20405,Decoded Tablet Transcription,questiedb-foreverBaseItem.lua
20406,Twilight Cultist Mantle,wowhead_forever_gearplanner.txt
20407,Twilight Cultist Robe,wowhead_forever_gearplanner.txt
20408,Twilight Cultist Cowl,wowhead_forever_gearplanner.txt
20409,Hallowed Wand - Ghost,questiedb-foreverBaseItem.lua
20410,Hallowed Wand - Bat,questiedb-foreverBaseItem.lua
20411,Hallowed Wand - Skeleton,questiedb-foreverBaseItem.lua
20413,Hallowed Wand - Random,questiedb-foreverBaseItem.lua
20414,Hallowed Wand - Wisp,questiedb-foreverBaseItem.lua
20416,Crest of Beckoning: Fire,questiedb-foreverBaseItem.lua
20418,Crest of Beckoning: Thunder,questiedb-foreverBaseItem.lua
20419,Crest of Beckoning: Stone,questiedb-foreverBaseItem.lua
20420,Crest of Beckoning: Water,questiedb-foreverBaseItem.lua
20422,Twilight Cultist Medallion of Station,wowhead_forever_gearplanner.txt
20425,Advisor's Gnarled Staff,wowhead_forever_gearplanner.txt
20426,Advisor's Ring,wowhead_forever_gearplanner.txt
20427,Battle Healer's Cloak,wowhead_forever_gearplanner.txt
20428,Caretaker's Cape,wowhead_forever_gearplanner.txt
20429,Legionnaire's Band,wowhead_forever_gearplanner.txt
20430,Legionnaire's Sword,wowhead_forever_gearplanner.txt
20431,Lorekeeper's Ring,wowhead_forever_gearplanner.txt
20432,Signet of Beckoning: Fire,questiedb-foreverBaseItem.lua
20433,Signet of Beckoning: Thunder,questiedb-foreverBaseItem.lua
20434,Lorekeeper's Staff,wowhead_forever_gearplanner.txt
20435,Signet of Beckoning: Stone,questiedb-foreverBaseItem.lua
20436,Signet of Beckoning: Water,questiedb-foreverBaseItem.lua
20437,Outrider's Bow,wowhead_forever_gearplanner.txt
20438,Outrunner's Bow,wowhead_forever_gearplanner.txt
20439,Protector's Band,wowhead_forever_gearplanner.txt
20440,Protector's Sword,wowhead_forever_gearplanner.txt
20441,Scout's Blade,wowhead_forever_gearplanner.txt
20442,Scout's Medallion,wowhead_forever_gearplanner.txt
20443,Sentinel's Blade,wowhead_forever_gearplanner.txt
20444,Sentinel's Medallion,wowhead_forever_gearplanner.txt
20447,Scepter of Beckoning: Fire,questiedb-foreverBaseItem.lua
20448,Scepter of Beckoning: Thunder,questiedb-foreverBaseItem.lua
20449,Scepter of Beckoning: Stone,questiedb-foreverBaseItem.lua
20450,Scepter of Beckoning: Water,questiedb-foreverBaseItem.lua
20451,Twilight Cultist Ring of Lordship,wowhead_forever_gearplanner.txt
20458,Hive'Zora Silithid Brain,questiedb-foreverBaseItem.lua
20460,Brann Bronzebeard's Lost Letter,questiedb-foreverBaseItem.lua
20476,Sandstalker Bracers,wowhead_forever_gearplanner.txt
20477,Sandstalker Gauntlets,wowhead_forever_gearplanner.txt
20478,Sandstalker Breastplate,wowhead_forever_gearplanner.txt
20479,Spitfire Breastplate,wowhead_forever_gearplanner.txt
20480,Spitfire Gauntlets,wowhead_forever_gearplanner.txt
20481,Spitfire Bracers,wowhead_forever_gearplanner.txt
20487,"Lok'delar, Stave of the Ancient Keepers DEP",wowhead_forever_gearplanner.txt
20498,Silithid Chitin,questiedb-foreverBaseItem.lua
20500,Light Silithid Carapace,questiedb-foreverBaseItem.lua
20501,Heavy Silithid Carapace,questiedb-foreverBaseItem.lua
20518,Scroll: Create Crest of Beckoning,questiedb-foreverBaseItem.lua
20522,Feral Staff,wowhead_forever_gearplanner.txt
20525,Earthen Sigil,wowhead_forever_gearplanner.txt
20526,Scroll: Create Crest of Beckoning,questiedb-foreverBaseItem.lua
20527,Scroll: Create Crest of Beckoning,questiedb-foreverBaseItem.lua
20528,Scroll: Create Crest of Beckoning,questiedb-foreverBaseItem.lua
20530,Robes of Servitude,wowhead_forever_gearplanner.txt
20531,Scroll: Create Signet of Beckoning,questiedb-foreverBaseItem.lua
20532,Scroll: Create Signet of Beckoning,questiedb-foreverBaseItem.lua
20533,Scroll: Create Signet of Beckoning,questiedb-foreverBaseItem.lua
20534,Abyss Shard,wowhead_forever_gearplanner.txt
20535,Scroll: Create Signet of Beckoning,questiedb-foreverBaseItem.lua
20536,Soul Harvester,wowhead_forever_gearplanner.txt
20537,Runed Stygian Boots,wowhead_forever_gearplanner.txt
20538,Runed Stygian Leggings,wowhead_forever_gearplanner.txt
20539,Runed Stygian Belt,wowhead_forever_gearplanner.txt
20540,Scroll: Create Scepter of Beckoning,questiedb-foreverBaseItem.lua
20541,Decoded Twilight Text,questiedb-foreverBaseItem.lua
20542,Scroll: Create Scepter of Beckoning,questiedb-foreverBaseItem.lua
20543,Scroll: Create Scepter of Beckoning,questiedb-foreverBaseItem.lua
20544,Scroll: Create Scepter of Beckoning,questiedb-foreverBaseItem.lua
20545,Decoded Twilight Text,questiedb-foreverBaseItem.lua
20549,Darkrune Gauntlets,wowhead_forever_gearplanner.txt
20550,Darkrune Breastplate,wowhead_forever_gearplanner.txt
20551,Darkrune Helm,wowhead_forever_gearplanner.txt
20552,Decoded Twilight Text,questiedb-foreverBaseItem.lua
20557,Hallow's End Pumpkin Treat,questiedb-foreverBaseItem.lua
20561,Flimsy Male Dwarf Mask,wowhead_forever_gearplanner.txt
20562,Flimsy Female Dwarf Mask,wowhead_forever_gearplanner.txt
20563,Flimsy Female Night Elf Mask,wowhead_forever_gearplanner.txt
20564,Flimsy Male Night Elf Mask,wowhead_forever_gearplanner.txt
20565,Flimsy Female Human Mask,wowhead_forever_gearplanner.txt
20566,Flimsy Male Human Mask,wowhead_forever_gearplanner.txt
20567,Flimsy Female Troll Mask,wowhead_forever_gearplanner.txt
20568,Flimsy Male Troll Mask,wowhead_forever_gearplanner.txt
20569,Flimsy Female Orc Mask,wowhead_forever_gearplanner.txt
20570,Flimsy Male Orc Mask,wowhead_forever_gearplanner.txt
20571,Flimsy Female Tauren Mask,wowhead_forever_gearplanner.txt
20572,Flimsy Male Tauren Mask,wowhead_forever_gearplanner.txt
20573,Flimsy Male Undead Mask,wowhead_forever_gearplanner.txt
20574,Flimsy Female Undead Mask,wowhead_forever_gearplanner.txt
20575,Black Whelp Tunic,wowhead_forever_gearplanner.txt
20580,Hammer of Bestial Fury,wowhead_forever_gearplanner.txt
20583,Sturdy Female Dwarf Mask,questiedb-foreverBaseItem.lua
20584,Sturdy Female Gnome Mask,questiedb-foreverBaseItem.lua
20585,Sturdy Female Human Mask,questiedb-foreverBaseItem.lua
20586,Sturdy Female Night Elf Mask,questiedb-foreverBaseItem.lua
20587,Sturdy Female Orc Mask,questiedb-foreverBaseItem.lua
20588,Sturdy Female Tauren Mask,questiedb-foreverBaseItem.lua
20589,Sturdy Female Troll Mask,questiedb-foreverBaseItem.lua
20590,Sturdy Female Undead Mask,questiedb-foreverBaseItem.lua
20591,Sturdy Male Dwarf Mask,questiedb-foreverBaseItem.lua
20592,Sturdy Male Gnome Mask,questiedb-foreverBaseItem.lua
20593,Sturdy Male Human Mask,questiedb-foreverBaseItem.lua
20594,Sturdy Male Night Elf Mask,questiedb-foreverBaseItem.lua
20595,Sturdy Male Orc Mask,questiedb-foreverBaseItem.lua
20596,Sturdy Male Tauren Mask,questiedb-foreverBaseItem.lua
20597,Sturdy Male Troll Mask,questiedb-foreverBaseItem.lua
20598,Sturdy Male Undead Mask,questiedb-foreverBaseItem.lua
20600,Malfurion's Signet Ring,wowhead_forever_gearplanner.txt
20606,Amber Voodoo Feather,questiedb-foreverBaseItem.lua
20607,Blue Voodoo Feather,questiedb-foreverBaseItem.lua
20608,Green Voodoo Feather,questiedb-foreverBaseItem.lua
20610,Bloodshot Spider Eye,questiedb-foreverBaseItem.lua
20611,Thick Black Claw,questiedb-foreverBaseItem.lua
20614,Bloodvenom Essence,questiedb-foreverBaseItem.lua
20622,Dragonheart Necklace,wowhead_forever_gearplanner.txt
20624,Ring of the Unliving,wowhead_forever_gearplanner.txt
20632,Mindtear Band,wowhead_forever_gearplanner.txt
20636,Hibernation Crystal,wowhead_forever_gearplanner.txt
20639,Strangely Glyphed Legplates,wowhead_forever_gearplanner.txt
20640,Southsea Head Bucket,wowhead_forever_gearplanner.txt
20641,Southsea Mojo Boots,wowhead_forever_gearplanner.txt
20642,Antiquated Nobleman's Tunic,wowhead_forever_gearplanner.txt
20643,Undercity Reservist's Cap,wowhead_forever_gearplanner.txt
20645,Nature's Whisper,wowhead_forever_gearplanner.txt
20646,Sandstrider's Mark,wowhead_forever_gearplanner.txt
20647,Black Crystal Dagger,wowhead_forever_gearplanner.txt
20648,Cold Forged Hammer,wowhead_forever_gearplanner.txt
20649,Sunprism Pendant,wowhead_forever_gearplanner.txt
20650,Desert Wind Gauntlets,wowhead_forever_gearplanner.txt
20651,Orange Murloc Egg,questiedb-foreverBaseItem.lua
20676,Decoded Twilight Text,questiedb-foreverBaseItem.lua
20677,Decoded Twilight Text,questiedb-foreverBaseItem.lua
20678,Decoded Twilight Text,questiedb-foreverBaseItem.lua
20679,Decoded Twilight Text,questiedb-foreverBaseItem.lua
20682,Elemental Focus Band,wowhead_forever_gearplanner.txt
20685,Wavefront Necklace,wowhead_forever_gearplanner.txt
20692,Multicolored Band,wowhead_forever_gearplanner.txt
20695,Abyssal War Beads,wowhead_forever_gearplanner.txt
20699,Cenarion Reservist's Legplates,wowhead_forever_gearplanner.txt
20700,Cenarion Reservist's Legplates,wowhead_forever_gearplanner.txt
20701,Cenarion Reservist's Legguards,wowhead_forever_gearplanner.txt
20702,Cenarion Reservist's Legguards,wowhead_forever_gearplanner.txt
20703,Cenarion Reservist's Leggings,wowhead_forever_gearplanner.txt
20704,Cenarion Reservist's Leggings,wowhead_forever_gearplanner.txt
20705,Cenarion Reservist's Pants,wowhead_forever_gearplanner.txt
20706,Cenarion Reservist's Pants,wowhead_forever_gearplanner.txt
20707,Cenarion Reservist's Pants,wowhead_forever_gearplanner.txt
20709,Rumsey Rum Light,questiedb-foreverBaseItem.lua
20710,Crystal Encrusted Greaves,wowhead_forever_gearplanner.txt
20711,Crystal Lined Greaves,wowhead_forever_gearplanner.txt
20712,Wastewalker's Gauntlets,wowhead_forever_gearplanner.txt
20713,Desertstalkers's Gauntlets,wowhead_forever_gearplanner.txt
20714,Sandstorm Boots,wowhead_forever_gearplanner.txt
20715,Dunestalker's Boots,wowhead_forever_gearplanner.txt
20716,Sandworm Skin Gloves,wowhead_forever_gearplanner.txt
20717,Desert Bloom Gloves,wowhead_forever_gearplanner.txt
20721,Band of the Cultist,wowhead_forever_gearplanner.txt
20723,Brann's Trusty Pick,wowhead_forever_gearplanner.txt
20724,Corrupted Blackwood Staff,wowhead_forever_gearplanner.txt
20725,Nexus Crystal,questiedb-foreverBaseItem.lua
20752,Formula: Minor Mana Oil,questiedb-foreverBaseItem.lua
20753,Formula: Lesser Wizard Oil,questiedb-foreverBaseItem.lua
20758,Formula: Minor Wizard Oil,questiedb-foreverBaseItem.lua
20814,Master's Throwing Dagger,wowhead_forever_gearplanner.txt
20908,Festival of Nian Firework,questiedb-foreverBaseItem.lua
20951,Narain's Scrying Goggles,questiedb-foreverBaseItem.lua
21023,Dirge's Kickin' Chimaerok Chops,questiedb-foreverBaseItem.lua
21039,Narain's Turban,wowhead_forever_gearplanner.txt
21040,Narain's Robe,wowhead_forever_gearplanner.txt
21099,Recipe: Smoked Sagefish,questiedb-foreverBaseItem.lua
21100,Coin of Ancestry,questiedb-foreverBaseItem.lua
21115,Defiler's Talisman,wowhead_forever_gearplanner.txt
21116,Defiler's Talisman,wowhead_forever_gearplanner.txt
21117,Talisman of Arathor,wowhead_forever_gearplanner.txt
21118,Talisman of Arathor,wowhead_forever_gearplanner.txt
21119,Talisman of Arathor,wowhead_forever_gearplanner.txt
21120,Defiler's Talisman,wowhead_forever_gearplanner.txt
21125,Ahn'Qiraj Staff [PH],wowhead_forever_gearplanner.txt
21126,Death's Sting,wowhead_forever_gearplanner.txt
21134,Dark Edge of Insanity,wowhead_forever_gearplanner.txt
21135,Assassin's Throwing Axe,wowhead_forever_gearplanner.txt
21140,Auction Stationery,questiedb-foreverBaseItem.lua
21148,Fragment of the Nightmare's Corruption,questiedb-foreverBaseItem.lua
21154,Festival Dress,questiedb-foreverBaseItem.lua
21157,Festive Green Dress,questiedb-foreverBaseItem.lua
21162,Bloated Oily Blackmouth,questiedb-foreverBaseItem.lua
21163,Bloated Firefin Snapper,questiedb-foreverBaseItem.lua
21164,Bloated Rockscale Cod,questiedb-foreverBaseItem.lua
21177,Symbol of Kings,questiedb-foreverBaseItem.lua
21178,Gloves of Earthen Power,wowhead_forever_gearplanner.txt
21179,Band of Earthen Wrath,wowhead_forever_gearplanner.txt
21180,Earthstrike,wowhead_forever_gearplanner.txt
21181,Grace of Earth,wowhead_forever_gearplanner.txt
21182,Band of Earthen Might,wowhead_forever_gearplanner.txt
21183,Earthpower Vest,wowhead_forever_gearplanner.txt
21184,Deeprock Bracers,wowhead_forever_gearplanner.txt
21185,Earthcalm Orb,wowhead_forever_gearplanner.txt
21186,Rockfury Bracers,wowhead_forever_gearplanner.txt
21187,Earthweave Cloak,wowhead_forever_gearplanner.txt
21188,Fist of Cenarius,wowhead_forever_gearplanner.txt
21189,Might of Cenarius,wowhead_forever_gearplanner.txt
21190,Wrath of Cenarius,wowhead_forever_gearplanner.txt
21196,Signet Ring of the Bronze Dragonflight,wowhead_forever_gearplanner.txt
21197,Signet Ring of the Bronze Dragonflight,wowhead_forever_gearplanner.txt
21198,Signet Ring of the Bronze Dragonflight,wowhead_forever_gearplanner.txt
21199,Signet Ring of the Bronze Dragonflight,wowhead_forever_gearplanner.txt
21200,Signet Ring of the Bronze Dragonflight,wowhead_forever_gearplanner.txt
21201,Signet Ring of the Bronze Dragonflight,wowhead_forever_gearplanner.txt
21202,Signet Ring of the Bronze Dragonflight,wowhead_forever_gearplanner.txt
21203,Signet Ring of the Bronze Dragonflight,wowhead_forever_gearplanner.txt
21204,Signet Ring of the Bronze Dragonflight,wowhead_forever_gearplanner.txt
21205,Signet Ring of the Bronze Dragonflight,wowhead_forever_gearplanner.txt
21206,Signet Ring of the Bronze Dragonflight,wowhead_forever_gearplanner.txt
21207,Signet Ring of the Bronze Dragonflight,wowhead_forever_gearplanner.txt
21208,Signet Ring of the Bronze Dragonflight,wowhead_forever_gearplanner.txt
21209,Signet Ring of the Bronze Dragonflight,wowhead_forever_gearplanner.txt
21210,Signet Ring of the Bronze Dragonflight,wowhead_forever_gearplanner.txt
21212,Fresh Holly,questiedb-foreverBaseItem.lua
21213,Preserved Holly,questiedb-foreverBaseItem.lua
21217,Sagefish Delight,questiedb-foreverBaseItem.lua
21219,Recipe: Sagefish Delight,questiedb-foreverBaseItem.lua
21241,Winter Veil Eggnog,questiedb-foreverBaseItem.lua
21242,Blessed Qiraji War Axe,wowhead_forever_gearplanner.txt
21243,Bloated Glossy Mightfish,questiedb-foreverBaseItem.lua
21244,Blessed Qiraji Pugio,wowhead_forever_gearplanner.txt
21267,Toasting Goblet,questiedb-foreverBaseItem.lua
21268,Blessed Qiraji War Hammer,wowhead_forever_gearplanner.txt
21269,Blessed Qiraji Bulwark,wowhead_forever_gearplanner.txt
21272,Blessed Qiraji Musket,wowhead_forever_gearplanner.txt
21273,Blessed Qiraji Acolyte Staff,wowhead_forever_gearplanner.txt
21275,Blessed Qiraji Augur Staff,wowhead_forever_gearplanner.txt
21277,Tranquil Mechanical Yeti,questiedb-foreverBaseItem.lua
21278,Stormshroud Gloves,wowhead_forever_gearplanner.txt
21311,Earth Warder's Vest,wowhead_forever_gearplanner.txt
21312,Belt of the Den Watcher,wowhead_forever_gearplanner.txt
21316,Leggings of the Ursa,wowhead_forever_gearplanner.txt
21317,Helm of the Pathfinder,wowhead_forever_gearplanner.txt
21318,Earth Warder's Gloves,wowhead_forever_gearplanner.txt
21319,Gloves of the Pathfinder,wowhead_forever_gearplanner.txt
21320,Vest of the Den Watcher,wowhead_forever_gearplanner.txt
21322,Ursa's Embrace,wowhead_forever_gearplanner.txt
21325,Mechanical Greench,questiedb-foreverBaseItem.lua
21326,Defender of the Timbermaw,wowhead_forever_gearplanner.txt
21329,Conqueror's Crown,wowhead_forever_gearplanner.txt
21330,Conqueror's Spaulders,wowhead_forever_gearplanner.txt
21331,Conqueror's Breastplate,wowhead_forever_gearplanner.txt
21332,Conqueror's Legguards,wowhead_forever_gearplanner.txt
21333,Conqueror's Greaves,wowhead_forever_gearplanner.txt
21334,Doomcaller's Robes,wowhead_forever_gearplanner.txt
21335,Doomcaller's Mantle,wowhead_forever_gearplanner.txt
21336,Doomcaller's Trousers,wowhead_forever_gearplanner.txt
21337,Doomcaller's Circlet,wowhead_forever_gearplanner.txt
21338,Doomcaller's Footwraps,wowhead_forever_gearplanner.txt
21343,Enigma Robes,wowhead_forever_gearplanner.txt
21344,Enigma Boots,wowhead_forever_gearplanner.txt
21345,Enigma Shoulderpads,wowhead_forever_gearplanner.txt
21346,Enigma Leggings,wowhead_forever_gearplanner.txt
21347,Enigma Circlet,wowhead_forever_gearplanner.txt
21348,Tiara of the Oracle,wowhead_forever_gearplanner.txt
21349,Footwraps of the Oracle,wowhead_forever_gearplanner.txt
21350,Mantle of the Oracle,wowhead_forever_gearplanner.txt
21351,Vestments of the Oracle,wowhead_forever_gearplanner.txt
21352,Trousers of the Oracle,wowhead_forever_gearplanner.txt
21353,Genesis Helm,wowhead_forever_gearplanner.txt
21354,Genesis Shoulderpads,wowhead_forever_gearplanner.txt
21355,Genesis Boots,wowhead_forever_gearplanner.txt
21356,Genesis Trousers,wowhead_forever_gearplanner.txt
21357,Genesis Vest,wowhead_forever_gearplanner.txt
21358,Pattern: Soul Pouch,questiedb-foreverBaseItem.lua
21359,Deathdealer's Boots,wowhead_forever_gearplanner.txt
21360,Deathdealer's Helm,wowhead_forever_gearplanner.txt
21361,Deathdealer's Spaulders,wowhead_forever_gearplanner.txt
21362,Deathdealer's Leggings,wowhead_forever_gearplanner.txt
21364,Deathdealer's Vest,wowhead_forever_gearplanner.txt
21365,Striker's Footguards,wowhead_forever_gearplanner.txt
21366,Striker's Diadem,wowhead_forever_gearplanner.txt
21367,Striker's Pauldrons,wowhead_forever_gearplanner.txt
21368,Striker's Leggings,wowhead_forever_gearplanner.txt
21370,Striker's Hauberk,wowhead_forever_gearplanner.txt
21372,Stormcaller's Diadem,wowhead_forever_gearplanner.txt
21373,Stormcaller's Footguards,wowhead_forever_gearplanner.txt
21374,Stormcaller's Hauberk,wowhead_forever_gearplanner.txt
21375,Stormcaller's Leggings,wowhead_forever_gearplanner.txt
21376,Stormcaller's Pauldrons,wowhead_forever_gearplanner.txt
21387,Avenger's Crown,wowhead_forever_gearplanner.txt
21388,Avenger's Greaves,wowhead_forever_gearplanner.txt
21389,Avenger's Breastplate,wowhead_forever_gearplanner.txt
21390,Avenger's Legguards,wowhead_forever_gearplanner.txt
21391,Avenger's Pauldrons,wowhead_forever_gearplanner.txt
21392,Sickle of Unyielding Strength,wowhead_forever_gearplanner.txt
21393,Signet of Unyielding Strength,wowhead_forever_gearplanner.txt
21394,Drape of Unyielding Strength,wowhead_forever_gearplanner.txt
21395,Blade of Eternal Justice,wowhead_forever_gearplanner.txt
21396,Ring of Eternal Justice,wowhead_forever_gearplanner.txt
21397,Cape of Eternal Justice,wowhead_forever_gearplanner.txt
21398,Hammer of the Gathering Storm,wowhead_forever_gearplanner.txt
21399,Ring of the Gathering Storm,wowhead_forever_gearplanner.txt
21400,Cloak of the Gathering Storm,wowhead_forever_gearplanner.txt
21401,Scythe of the Unseen Path,wowhead_forever_gearplanner.txt
21402,Signet of the Unseen Path,wowhead_forever_gearplanner.txt
21403,Cloak of the Unseen Path,wowhead_forever_gearplanner.txt
21404,Dagger of Veiled Shadows,wowhead_forever_gearplanner.txt
21405,Band of Veiled Shadows,wowhead_forever_gearplanner.txt
21406,Cloak of Veiled Shadows,wowhead_forever_gearplanner.txt
21407,Mace of Unending Life,wowhead_forever_gearplanner.txt
21408,Band of Unending Life,wowhead_forever_gearplanner.txt
21409,Cloak of Unending Life,wowhead_forever_gearplanner.txt
21410,Gavel of Infinite Wisdom,wowhead_forever_gearplanner.txt
21411,Ring of Infinite Wisdom,wowhead_forever_gearplanner.txt
21412,Shroud of Infinite Wisdom,wowhead_forever_gearplanner.txt
21413,Blade of Vaulted Secrets,wowhead_forever_gearplanner.txt
21414,Band of Vaulted Secrets,wowhead_forever_gearplanner.txt
21415,Drape of Vaulted Secrets,wowhead_forever_gearplanner.txt
21416,Kris of Unspoken Names,wowhead_forever_gearplanner.txt
21417,Ring of Unspoken Names,wowhead_forever_gearplanner.txt
21418,Shroud of Unspoken Names,wowhead_forever_gearplanner.txt
21473,Eye of Moam,wowhead_forever_gearplanner.txt
21477,Ring of Fury,wowhead_forever_gearplanner.txt
21483,Ring of the Desert Winds,wowhead_forever_gearplanner.txt
21488,Fetish of Chitinous Spikes,wowhead_forever_gearplanner.txt
21504,Charm of the Shifting Sands,wowhead_forever_gearplanner.txt
21505,Choker of the Shifting Sands,wowhead_forever_gearplanner.txt
21506,Pendant of the Shifting Sands,wowhead_forever_gearplanner.txt
21507,Amulet of the Shifting Sands,wowhead_forever_gearplanner.txt
21517,Gnomish Turban of Psychic Might,wowhead_forever_gearplanner.txt
21520,Ravencrest's Legacy,wowhead_forever_gearplanner.txt
21521,Runesword of the Red,wowhead_forever_gearplanner.txt
21522,Shadowsong's Sorrow,wowhead_forever_gearplanner.txt
21523,Fang of Korialstrasz,wowhead_forever_gearplanner.txt
21524,Red Winter Hat,questiedb-foreverBaseItem.lua
21525,Green Winter Hat,questiedb-foreverBaseItem.lua
21526,Band of Icy Depths,wowhead_forever_gearplanner.txt
21527,Darkwater Robes,wowhead_forever_gearplanner.txt
21529,Amulet of Shadow Shielding,wowhead_forever_gearplanner.txt
21530,Onyx Embedded Leggings,wowhead_forever_gearplanner.txt
21531,Drake Tooth Necklace,wowhead_forever_gearplanner.txt
21532,Drudge Boots,wowhead_forever_gearplanner.txt
21536,Elune Stone,questiedb-foreverBaseItem.lua
21537,Festival Dumplings,questiedb-foreverBaseItem.lua
21538,Festive Pink Dress,questiedb-foreverBaseItem.lua
21539,Festive Purple Dress,questiedb-foreverBaseItem.lua
21541,Festive Black Pant Suit,questiedb-foreverBaseItem.lua
21542,Festival Suit,questiedb-foreverBaseItem.lua
21543,Festive Teal Pant Suit,questiedb-foreverBaseItem.lua
21544,Festive Blue Pant Suit,questiedb-foreverBaseItem.lua
21550,"Monster - Bow, Kaldorei",questiedb-foreverBaseItem.lua
21557,Small Red Rocket,questiedb-foreverBaseItem.lua
21558,Small Blue Rocket,questiedb-foreverBaseItem.lua
21559,Small Green Rocket,questiedb-foreverBaseItem.lua
21560,Small Purple Rocket,questiedb-foreverBaseItem.lua
21561,Small White Rocket,questiedb-foreverBaseItem.lua
21562,Small Yellow Rocket,questiedb-foreverBaseItem.lua
21563,Don Rodrigo's Band,wowhead_forever_gearplanner.txt
21565,Rune of Perfection,wowhead_forever_gearplanner.txt
21566,Rune of Perfection,wowhead_forever_gearplanner.txt
21567,Rune of Duty,wowhead_forever_gearplanner.txt
21568,Rune of Duty,wowhead_forever_gearplanner.txt
21569,Firework Launcher,questiedb-foreverBaseItem.lua
21570,Cluster Launcher,questiedb-foreverBaseItem.lua
21571,Blue Rocket Cluster,questiedb-foreverBaseItem.lua
21574,Green Rocket Cluster,questiedb-foreverBaseItem.lua
21575,Purple Rocket Cluster,questiedb-foreverBaseItem.lua
21576,Red Rocket Cluster,questiedb-foreverBaseItem.lua
21577,White Rocket Cluster,questiedb-foreverBaseItem.lua
21578,Yellow Rocket Cluster,questiedb-foreverBaseItem.lua
21579,Vanquished Tentacle of C'Thun,wowhead_forever_gearplanner.txt
21581,Gauntlets of Annihilation,wowhead_forever_gearplanner.txt
21582,Grasp of the Old God,wowhead_forever_gearplanner.txt
21583,Cloak of Clarity,wowhead_forever_gearplanner.txt
21585,Dark Storm Gauntlets,wowhead_forever_gearplanner.txt
21586,Belt of Never-ending Agony,wowhead_forever_gearplanner.txt
21589,Large Blue Rocket,questiedb-foreverBaseItem.lua
21590,Large Green Rocket,questiedb-foreverBaseItem.lua
21591,Large Purple Rocket,questiedb-foreverBaseItem.lua
21592,Large Red Rocket,questiedb-foreverBaseItem.lua
21593,Large White Rocket,questiedb-foreverBaseItem.lua
21595,Large Yellow Rocket,questiedb-foreverBaseItem.lua
21596,Ring of the Godslayer,wowhead_forever_gearplanner.txt
21597,Royal Scepter of Vek'lor,wowhead_forever_gearplanner.txt
21598,Royal Qiraji Belt,wowhead_forever_gearplanner.txt
21600,Boots of Epiphany,wowhead_forever_gearplanner.txt
21601,Ring of Emperor Vek'lor,wowhead_forever_gearplanner.txt
21602,Qiraji Execution Bracers,wowhead_forever_gearplanner.txt
21604,Bracelets of Royal Redemption,wowhead_forever_gearplanner.txt
21605,Gloves of the Hidden Temple,wowhead_forever_gearplanner.txt
21606,Belt of the Fallen Emperor,wowhead_forever_gearplanner.txt
21607,Grasp of the Fallen Emperor,wowhead_forever_gearplanner.txt
21608,Amulet of Vek'nilash,wowhead_forever_gearplanner.txt
21609,Regenerating Belt of Vek'nilash,wowhead_forever_gearplanner.txt
21610,Wormscale Blocker,wowhead_forever_gearplanner.txt
21611,Burrower Bracers,wowhead_forever_gearplanner.txt
21615,Don Rigoberto's Lost Hat,wowhead_forever_gearplanner.txt
21616,Huhuran's Stinger,wowhead_forever_gearplanner.txt
21618,Hive Defiler Wristguards,wowhead_forever_gearplanner.txt
21619,Gloves of the Messiah,wowhead_forever_gearplanner.txt
21620,Ring of the Martyr,wowhead_forever_gearplanner.txt
21622,Sharpened Silithid Femur,wowhead_forever_gearplanner.txt
21623,Gauntlets of the Righteous Champion,wowhead_forever_gearplanner.txt
21624,Gauntlets of Kalimdor,wowhead_forever_gearplanner.txt
21625,Scarab Brooch,wowhead_forever_gearplanner.txt
21639,Pauldrons of the Unrelenting,wowhead_forever_gearplanner.txt
21645,Hive Tunneler's Boots,wowhead_forever_gearplanner.txt
21647,Fetish of the Sand Reaver,wowhead_forever_gearplanner.txt
21648,Recomposed Boots,wowhead_forever_gearplanner.txt
21650,Ancient Qiraji Ripper,wowhead_forever_gearplanner.txt
21663,Robes of the Guardian Saint,wowhead_forever_gearplanner.txt
21664,Barbed Choker,wowhead_forever_gearplanner.txt
21665,Mantle of Wicked Revenge,wowhead_forever_gearplanner.txt
21667,Legplates of Blazing Light,wowhead_forever_gearplanner.txt
21669,Creeping Vine Helm,wowhead_forever_gearplanner.txt
21670,Badge of the Swarmguard,wowhead_forever_gearplanner.txt
21672,Gloves of Enforcement,wowhead_forever_gearplanner.txt
21674,Gauntlets of Steadfast Determination,wowhead_forever_gearplanner.txt
21677,Ring of the Qiraji Fury,wowhead_forever_gearplanner.txt
21678,Necklace of Purity,wowhead_forever_gearplanner.txt
21681,Ring of the Devoured,wowhead_forever_gearplanner.txt
21685,Petrified Scarab,wowhead_forever_gearplanner.txt
21687,Ukko's Ring of Darkness,wowhead_forever_gearplanner.txt
21690,Angelista's Charm,wowhead_forever_gearplanner.txt
21693,Guise of the Devourer,wowhead_forever_gearplanner.txt
21694,Ternary Mantle,wowhead_forever_gearplanner.txt
21695,Angelista's Touch,wowhead_forever_gearplanner.txt
21700,Pendant of the Qiraji Guardian,wowhead_forever_gearplanner.txt
21702,Amulet of Foul Warding,wowhead_forever_gearplanner.txt
21707,Ring of Swarming Thought,wowhead_forever_gearplanner.txt
21709,Ring of the Fallen God,wowhead_forever_gearplanner.txt
21710,Cloak of the Fallen God,wowhead_forever_gearplanner.txt
21711,Lunar Festival Invitation,questiedb-foreverBaseItem.lua
21712,Amulet of the Fallen God,wowhead_forever_gearplanner.txt
21713,Elune's Candle,questiedb-foreverBaseItem.lua
21714,Large Blue Rocket Cluster,questiedb-foreverBaseItem.lua
21716,Large Green Rocket Cluster,questiedb-foreverBaseItem.lua
21717,Large Purple Rocket Cluster,questiedb-foreverBaseItem.lua
21718,Large Red Rocket Cluster,questiedb-foreverBaseItem.lua
21719,Large White Rocket Cluster,questiedb-foreverBaseItem.lua
21720,Large Yellow Rocket Cluster,questiedb-foreverBaseItem.lua
21744,Lucky Rocket Cluster,questiedb-foreverBaseItem.lua
21745,Elder's Moonstone,questiedb-foreverBaseItem.lua
21746,Lucky Red Envelope,questiedb-foreverBaseItem.lua
21747,Festival Firecracker,questiedb-foreverBaseItem.lua
21761,Scarab Coffer Key,questiedb-foreverBaseItem.lua
21762,Greater Scarab Coffer Key,questiedb-foreverBaseItem.lua
21809,Fury of the Forgotten Swarm,wowhead_forever_gearplanner.txt
21815,Love Token,questiedb-foreverBaseItem.lua
21816,Heart Candy,questiedb-foreverBaseItem.lua
21817,Heart Candy,questiedb-foreverBaseItem.lua
21818,Heart Candy,questiedb-foreverBaseItem.lua
21819,Heart Candy,questiedb-foreverBaseItem.lua
21820,Heart Candy,questiedb-foreverBaseItem.lua
21821,Heart Candy,questiedb-foreverBaseItem.lua
21822,Heart Candy,questiedb-foreverBaseItem.lua
21823,Heart Candy,questiedb-foreverBaseItem.lua
21829,Perfume Bottle,questiedb-foreverBaseItem.lua
21830,Empty Wrapper,questiedb-foreverBaseItem.lua
21831,Wrappered Gift,questiedb-foreverBaseItem.lua
21833,Cologne Bottle,questiedb-foreverBaseItem.lua
21836,Ritssyn's Ring of Chaos,wowhead_forever_gearplanner.txt
21839,Scepter of the False Prophet,wowhead_forever_gearplanner.txt
21888,Gloves of the Immortal,wowhead_forever_gearplanner.txt
21890,Gloves of the Fallen Prophet,wowhead_forever_gearplanner.txt
21891,Shard of the Fallen Star,wowhead_forever_gearplanner.txt
21928,Winterspring Blood Sample,questiedb-foreverBaseItem.lua
21960,Handmade Woodcraft,questiedb-foreverBaseItem.lua
21975,Pledge of Adoration: Stormwind,questiedb-foreverBaseItem.lua
21979,Gift of Adoration: Darnassus,questiedb-foreverBaseItem.lua
21980,Gift of Adoration: Ironforge,questiedb-foreverBaseItem.lua
21981,Gift of Adoration: Stormwind,questiedb-foreverBaseItem.lua
21982,Ogre Warbeads,questiedb-foreverBaseItem.lua
21994,Belt of Heroism,wowhead_forever_gearplanner.txt
21995,Boots of Heroism,wowhead_forever_gearplanner.txt
21996,Bracers of Heroism,wowhead_forever_gearplanner.txt
21997,Breastplate of Heroism,wowhead_forever_gearplanner.txt
21998,Gauntlets of Heroism,wowhead_forever_gearplanner.txt
21999,Helm of Heroism,wowhead_forever_gearplanner.txt
22000,Legplates of Heroism,wowhead_forever_gearplanner.txt
22001,Spaulders of Heroism,wowhead_forever_gearplanner.txt
22002,Darkmantle Belt,wowhead_forever_gearplanner.txt
22003,Darkmantle Boots,wowhead_forever_gearplanner.txt
22004,Darkmantle Bracers,wowhead_forever_gearplanner.txt
22005,Darkmantle Cap,wowhead_forever_gearplanner.txt
22006,Darkmantle Gloves,wowhead_forever_gearplanner.txt
22007,Darkmantle Pants,wowhead_forever_gearplanner.txt
22008,Darkmantle Spaulders,wowhead_forever_gearplanner.txt
22009,Darkmantle Tunic,wowhead_forever_gearplanner.txt
22010,Beastmaster's Belt,wowhead_forever_gearplanner.txt
22011,Beastmaster's Bindings,wowhead_forever_gearplanner.txt
22013,Beastmaster's Cap,wowhead_forever_gearplanner.txt
22015,Beastmaster's Gloves,wowhead_forever_gearplanner.txt
22016,Beastmaster's Mantle,wowhead_forever_gearplanner.txt
22017,Beastmaster's Pants,wowhead_forever_gearplanner.txt
22058,Valentine's Day Stationery,questiedb-foreverBaseItem.lua
22060,Beastmaster's Tunic,wowhead_forever_gearplanner.txt
22061,Beastmaster's Boots,wowhead_forever_gearplanner.txt
22062,Sorcerer's Belt,wowhead_forever_gearplanner.txt
22063,Sorcerer's Bindings,wowhead_forever_gearplanner.txt
22064,Sorcerer's Boots,wowhead_forever_gearplanner.txt
22065,Sorcerer's Crown,wowhead_forever_gearplanner.txt
22066,Sorcerer's Gloves,wowhead_forever_gearplanner.txt
22067,Sorcerer's Leggings,wowhead_forever_gearplanner.txt
22068,Sorcerer's Mantle,wowhead_forever_gearplanner.txt
22069,Sorcerer's Robes,wowhead_forever_gearplanner.txt
22070,Deathmist Belt,wowhead_forever_gearplanner.txt
22071,Deathmist Bracers,wowhead_forever_gearplanner.txt
22072,Deathmist Leggings,wowhead_forever_gearplanner.txt
22073,Deathmist Mantle,wowhead_forever_gearplanner.txt
22074,Deathmist Mask,wowhead_forever_gearplanner.txt
22075,Deathmist Robe,wowhead_forever_gearplanner.txt
22076,Deathmist Sandals,wowhead_forever_gearplanner.txt
22077,Deathmist Wraps,wowhead_forever_gearplanner.txt
22078,Virtuous Belt,wowhead_forever_gearplanner.txt
22079,Virtuous Bracers,wowhead_forever_gearplanner.txt
22080,Virtuous Crown,wowhead_forever_gearplanner.txt
22081,Virtuous Gloves,wowhead_forever_gearplanner.txt
22082,Virtuous Mantle,wowhead_forever_gearplanner.txt
22083,Virtuous Robe,wowhead_forever_gearplanner.txt
22084,Virtuous Sandals,wowhead_forever_gearplanner.txt
22085,Virtuous Skirt,wowhead_forever_gearplanner.txt
22086,Soulforge Belt,wowhead_forever_gearplanner.txt
22087,Soulforge Boots,wowhead_forever_gearplanner.txt
22088,Soulforge Bracers,wowhead_forever_gearplanner.txt
22089,Soulforge Breastplate,wowhead_forever_gearplanner.txt
22090,Soulforge Gauntlets,wowhead_forever_gearplanner.txt
22091,Soulforge Helm,wowhead_forever_gearplanner.txt
22092,Soulforge Legplates,wowhead_forever_gearplanner.txt
22093,Soulforge Spaulders,wowhead_forever_gearplanner.txt
22095,Bindings of The Five Thunders,wowhead_forever_gearplanner.txt
22096,Boots of The Five Thunders,wowhead_forever_gearplanner.txt
22097,Coif of The Five Thunders,wowhead_forever_gearplanner.txt
22098,Cord of The Five Thunders,wowhead_forever_gearplanner.txt
22099,Gauntlets of The Five Thunders,wowhead_forever_gearplanner.txt
22100,Kilt of The Five Thunders,wowhead_forever_gearplanner.txt
22101,Pauldrons of The Five Thunders,wowhead_forever_gearplanner.txt
22102,Vest of The Five Thunders,wowhead_forever_gearplanner.txt
22106,Feralheart Belt,wowhead_forever_gearplanner.txt
22107,Feralheart Boots,wowhead_forever_gearplanner.txt
22108,Feralheart Bracers,wowhead_forever_gearplanner.txt
22109,Feralheart Cowl,wowhead_forever_gearplanner.txt
22110,Feralheart Gloves,wowhead_forever_gearplanner.txt
22111,Feralheart Kilt,wowhead_forever_gearplanner.txt
22112,Feralheart Spaulders,wowhead_forever_gearplanner.txt
22113,Feralheart Vest,wowhead_forever_gearplanner.txt
22114,Pink Murloc Egg,questiedb-foreverBaseItem.lua
22117,Pledge of Loyalty: Stormwind,questiedb-foreverBaseItem.lua
22119,Pledge of Loyalty: Ironforge,questiedb-foreverBaseItem.lua
22120,Pledge of Loyalty: Darnassus,questiedb-foreverBaseItem.lua
22121,Pledge of Loyalty: Undercity,questiedb-foreverBaseItem.lua
22122,Pledge of Loyalty: Thunder Bluff,questiedb-foreverBaseItem.lua
22123,Pledge of Loyalty: Orgrimmar,questiedb-foreverBaseItem.lua
22131,Stormwind Gift Collection,questiedb-foreverBaseItem.lua
22132,Ironforge Gift Collection,questiedb-foreverBaseItem.lua
22133,Darnassus Gift Collection,questiedb-foreverBaseItem.lua
22134,Undercity Gift Collection,questiedb-foreverBaseItem.lua
22135,Thunder Bluff Gift Collection,questiedb-foreverBaseItem.lua
22136,Orgrimmar Gift Collection,questiedb-foreverBaseItem.lua
22138,Blackrock Bracer,questiedb-foreverBaseItem.lua
22140,Sentinel's Card,questiedb-foreverBaseItem.lua
22141,Ironforge Guard's Card,questiedb-foreverBaseItem.lua
22142,Grunt's Card,questiedb-foreverBaseItem.lua
22143,Stormwind Guard's Card,questiedb-foreverBaseItem.lua
22144,Bluffwatcher's Card,questiedb-foreverBaseItem.lua
22145,Guardian's Moldy Card,questiedb-foreverBaseItem.lua
22149,Beads of Ogre Mojo,wowhead_forever_gearplanner.txt
22150,Beads of Ogre Might,wowhead_forever_gearplanner.txt
22154,Pledge of Adoration: Ironforge,questiedb-foreverBaseItem.lua
22155,Pledge of Adoration: Darnassus,questiedb-foreverBaseItem.lua
22156,Pledge of Adoration: Orgrimmar,questiedb-foreverBaseItem.lua
22157,Pledge of Adoration: Undercity,questiedb-foreverBaseItem.lua
22158,Pledge of Adoration: Thunder Bluff,questiedb-foreverBaseItem.lua
22159,Pledge of Friendship: Darnassus,questiedb-foreverBaseItem.lua
22160,Pledge of Friendship: Ironforge,questiedb-foreverBaseItem.lua
22161,Pledge of Friendship: Orgrimmar,questiedb-foreverBaseItem.lua
22162,Pledge of Friendship: Thunder Bluff,questiedb-foreverBaseItem.lua
22163,Pledge of Friendship: Undercity,questiedb-foreverBaseItem.lua
22164,Gift of Adoration: Orgrimmar,questiedb-foreverBaseItem.lua
22165,Gift of Adoration: Thunder Bluff,questiedb-foreverBaseItem.lua
22166,Gift of Adoration: Undercity,questiedb-foreverBaseItem.lua
22167,Gift of Friendship: Darnassus,questiedb-foreverBaseItem.lua
22168,Gift of Friendship: Ironforge,questiedb-foreverBaseItem.lua
22169,Gift of Friendship: Orgrimmar,questiedb-foreverBaseItem.lua
22170,Gift of Friendship: Stormwind,questiedb-foreverBaseItem.lua
22171,Gift of Friendship: Thunder Bluff,questiedb-foreverBaseItem.lua
22172,Gift of Friendship: Undercity,questiedb-foreverBaseItem.lua
22173,Dwarven Homebrew,questiedb-foreverBaseItem.lua
22174,Romantic Poem,questiedb-foreverBaseItem.lua
22175,Freshly Baked Pie,questiedb-foreverBaseItem.lua
22176,Homemade Bread,questiedb-foreverBaseItem.lua
22177,Freshly Picked Flowers,questiedb-foreverBaseItem.lua
22178,Pledge of Friendship: Stormwind,questiedb-foreverBaseItem.lua
22191,Obsidian Mail Tunic,wowhead_forever_gearplanner.txt
22192,Bloodkelp Elixir of Dodging,questiedb-foreverBaseItem.lua
22193,Bloodkelp Elixir of Resistance,questiedb-foreverBaseItem.lua
22194,Black Grasp of the Destroyer,wowhead_forever_gearplanner.txt
22195,Light Obsidian Belt,wowhead_forever_gearplanner.txt
22196,Thick Obsidian Breastplate,wowhead_forever_gearplanner.txt
22197,Heavy Obsidian Belt,wowhead_forever_gearplanner.txt
22198,Jagged Obsidian Shield,wowhead_forever_gearplanner.txt
22206,Bouquet of Red Roses,wowhead_forever_gearplanner.txt
22218,Handful of Rose Petals,questiedb-foreverBaseItem.lua
22224,Jeering Spectre's Essence,questiedb-foreverBaseItem.lua
22227,Starbreeze Village Relic,questiedb-foreverBaseItem.lua
22228,Brilliant Sword of Zealotry,questiedb-foreverBaseItem.lua
22236,Buttermilk Delight,questiedb-foreverBaseItem.lua
22237,Dark Desire,questiedb-foreverBaseItem.lua
22238,Very Berry Cream,questiedb-foreverBaseItem.lua
22239,Sweet Surprise,questiedb-foreverBaseItem.lua
22240,Greaves of Withering Despair,wowhead_forever_gearplanner.txt
22241,Dark Warder's Pauldrons,wowhead_forever_gearplanner.txt
22242,Verek's Leash,wowhead_forever_gearplanner.txt
22259,Unbestowed Friendship Bracelet,questiedb-foreverBaseItem.lua
22260,Friendship Bracelet,questiedb-foreverBaseItem.lua
22261,Love Fool,questiedb-foreverBaseItem.lua
22262,Alliance Gift Collection,questiedb-foreverBaseItem.lua
22263,Horde Gift Collection,questiedb-foreverBaseItem.lua
22276,Lovely Red Dress,wowhead_forever_gearplanner.txt
22277,Red Dinner Suit,wowhead_forever_gearplanner.txt
22278,Lovely Blue Dress,wowhead_forever_gearplanner.txt
22279,Lovely Black Dress,wowhead_forever_gearplanner.txt
22280,Lovely Purple Dress,wowhead_forever_gearplanner.txt
22281,Blue Dinner Suit,wowhead_forever_gearplanner.txt
22282,Purple Dinner Suit,wowhead_forever_gearplanner.txt
22283,Sack of Homemade Bread,questiedb-foreverBaseItem.lua
22284,Bundle of Cards,questiedb-foreverBaseItem.lua
22285,Stormwind Pledge Collection,questiedb-foreverBaseItem.lua
22286,Ironforge Pledge Collection,questiedb-foreverBaseItem.lua
22287,Parcel of Cards,questiedb-foreverBaseItem.lua
22288,Case of Homebrew,questiedb-foreverBaseItem.lua
22289,Stack of Cards,questiedb-foreverBaseItem.lua
22290,Darnassus Pledge Collection,questiedb-foreverBaseItem.lua
22291,Box of Woodcrafts,questiedb-foreverBaseItem.lua
22292,Box of Fresh Pies,questiedb-foreverBaseItem.lua
22293,Package of Cards,questiedb-foreverBaseItem.lua
22294,Orgrimmar Pledge Collection,questiedb-foreverBaseItem.lua
22295,Satchel of Cards,questiedb-foreverBaseItem.lua
22296,Basket of Flowers,questiedb-foreverBaseItem.lua
22297,Thunder Bluff Pledge Collection,questiedb-foreverBaseItem.lua
22298,Book of Romantic Poems,questiedb-foreverBaseItem.lua
22299,Sheaf of Cards,questiedb-foreverBaseItem.lua
22300,Undercity Pledge Collection,questiedb-foreverBaseItem.lua
22307,Pattern: Enchanted Mageweave Pouch,questiedb-foreverBaseItem.lua
22347,Fahrad's Reloading Repeater,wowhead_forever_gearplanner.txt
22348,Doomulus Prime,wowhead_forever_gearplanner.txt
22377,The Thunderwood Poker,wowhead_forever_gearplanner.txt
22378,Ravenholdt Slicer,wowhead_forever_gearplanner.txt
22379,Shivsprocket's Shiv,wowhead_forever_gearplanner.txt
22380,Simone's Cultivating Hammer,wowhead_forever_gearplanner.txt
22383,Sageblade,wowhead_forever_gearplanner.txt
22384,Persuader,wowhead_forever_gearplanner.txt
22385,Titanic Leggings,wowhead_forever_gearplanner.txt
22396,Totem of Life,wowhead_forever_gearplanner.txt
22399,Idol of Health,wowhead_forever_gearplanner.txt
22402,Libram of Grace,wowhead_forever_gearplanner.txt
22416,Dreadnaught Breastplate,wowhead_forever_gearplanner.txt
22417,Dreadnaught Legplates,wowhead_forever_gearplanner.txt
22418,Dreadnaught Helmet,wowhead_forever_gearplanner.txt
22419,Dreadnaught Pauldrons,wowhead_forever_gearplanner.txt
22420,Dreadnaught Sabatons,wowhead_forever_gearplanner.txt
22421,Dreadnaught Gauntlets,wowhead_forever_gearplanner.txt
22422,Dreadnaught Waistguard,wowhead_forever_gearplanner.txt
22423,Dreadnaught Bracers,wowhead_forever_gearplanner.txt
22424,Redemption Wristguards,wowhead_forever_gearplanner.txt
22425,Redemption Tunic,wowhead_forever_gearplanner.txt
22426,Redemption Handguards,wowhead_forever_gearplanner.txt
22427,Redemption Legguards,wowhead_forever_gearplanner.txt
22428,Redemption Headpiece,wowhead_forever_gearplanner.txt
22429,Redemption Spaulders,wowhead_forever_gearplanner.txt
22430,Redemption Boots,wowhead_forever_gearplanner.txt
22431,Redemption Girdle,wowhead_forever_gearplanner.txt
22436,Cryptstalker Tunic,wowhead_forever_gearplanner.txt
22437,Cryptstalker Legguards,wowhead_forever_gearplanner.txt
22438,Cryptstalker Headpiece,wowhead_forever_gearplanner.txt
22439,Cryptstalker Spaulders,wowhead_forever_gearplanner.txt
22440,Cryptstalker Boots,wowhead_forever_gearplanner.txt
22441,Cryptstalker Handguards,wowhead_forever_gearplanner.txt
22442,Cryptstalker Girdle,wowhead_forever_gearplanner.txt
22443,Cryptstalker Wristguards,wowhead_forever_gearplanner.txt
22464,Earthshatter Tunic,wowhead_forever_gearplanner.txt
22465,Earthshatter Legguards,wowhead_forever_gearplanner.txt
22466,Earthshatter Headpiece,wowhead_forever_gearplanner.txt
22467,Earthshatter Spaulders,wowhead_forever_gearplanner.txt
22468,Earthshatter Boots,wowhead_forever_gearplanner.txt
22469,Earthshatter Handguards,wowhead_forever_gearplanner.txt
22470,Earthshatter Girdle,wowhead_forever_gearplanner.txt
22471,Earthshatter Wristguards,wowhead_forever_gearplanner.txt
22476,Bonescythe Breastplate,wowhead_forever_gearplanner.txt
22477,Bonescythe Legplates,wowhead_forever_gearplanner.txt
22478,Bonescythe Helmet,wowhead_forever_gearplanner.txt
22479,Bonescythe Pauldrons,wowhead_forever_gearplanner.txt
22480,Bonescythe Sabatons,wowhead_forever_gearplanner.txt
22481,Bonescythe Gauntlets,wowhead_forever_gearplanner.txt
22482,Bonescythe Waistguard,wowhead_forever_gearplanner.txt
22483,Bonescythe Bracers,wowhead_forever_gearplanner.txt
22488,Dreamwalker Tunic,wowhead_forever_gearplanner.txt
22489,Dreamwalker Legguards,wowhead_forever_gearplanner.txt
22490,Dreamwalker Headpiece,wowhead_forever_gearplanner.txt
22491,Dreamwalker Spaulders,wowhead_forever_gearplanner.txt
22492,Dreamwalker Boots,wowhead_forever_gearplanner.txt
22493,Dreamwalker Handguards,wowhead_forever_gearplanner.txt
22494,Dreamwalker Girdle,wowhead_forever_gearplanner.txt
22495,Dreamwalker Wristguards,wowhead_forever_gearplanner.txt
22496,Frostfire Robe,wowhead_forever_gearplanner.txt
22497,Frostfire Leggings,wowhead_forever_gearplanner.txt
22498,Frostfire Circlet,wowhead_forever_gearplanner.txt
22499,Frostfire Shoulderpads,wowhead_forever_gearplanner.txt
22500,Frostfire Sandals,wowhead_forever_gearplanner.txt
22501,Frostfire Gloves,wowhead_forever_gearplanner.txt
22502,Frostfire Belt,wowhead_forever_gearplanner.txt
22503,Frostfire Bindings,wowhead_forever_gearplanner.txt
22504,Plagueheart Robe,wowhead_forever_gearplanner.txt
22505,Plagueheart Leggings,wowhead_forever_gearplanner.txt
22506,Plagueheart Circlet,wowhead_forever_gearplanner.txt
22507,Plagueheart Shoulderpads,wowhead_forever_gearplanner.txt
22508,Plagueheart Sandals,wowhead_forever_gearplanner.txt
22509,Plagueheart Gloves,wowhead_forever_gearplanner.txt
22510,Plagueheart Belt,wowhead_forever_gearplanner.txt
22511,Plagueheart Bindings,wowhead_forever_gearplanner.txt
22512,Robe of Faith,wowhead_forever_gearplanner.txt
22513,Leggings of Faith,wowhead_forever_gearplanner.txt
22514,Circlet of Faith,wowhead_forever_gearplanner.txt
22515,Shoulderpads of Faith,wowhead_forever_gearplanner.txt
22516,Sandals of Faith,wowhead_forever_gearplanner.txt
22517,Gloves of Faith,wowhead_forever_gearplanner.txt
22518,Belt of Faith,wowhead_forever_gearplanner.txt
22519,Bindings of Faith,wowhead_forever_gearplanner.txt
22589,"Atiesh, Greatstaff of the Guardian",wowhead_forever_gearplanner.txt
22619,Craftsman's Writ - Greater Frost Protection Potion,questiedb-foreverBaseItem.lua
22625,Craftsman's Writ - Baked Salmon,questiedb-foreverBaseItem.lua
22626,Craftsman's Writ - Runn Tum Tuber Surprise,questiedb-foreverBaseItem.lua
22630,"Atiesh, Greatstaff of the Guardian",wowhead_forever_gearplanner.txt
22631,"Atiesh, Greatstaff of the Guardian",wowhead_forever_gearplanner.txt
22632,"Atiesh, Greatstaff of the Guardian",wowhead_forever_gearplanner.txt
22651,Outrider's Plate Legguards,wowhead_forever_gearplanner.txt
22652,Glacial Vest,wowhead_forever_gearplanner.txt
22654,Glacial Gloves,wowhead_forever_gearplanner.txt
22655,Glacial Wrists,wowhead_forever_gearplanner.txt
22656,The Purifier,wowhead_forever_gearplanner.txt
22657,Amulet of the Dawn,wowhead_forever_gearplanner.txt
22658,Glacial Cloak,wowhead_forever_gearplanner.txt
22659,Medallion of the Dawn,wowhead_forever_gearplanner.txt
22660,Gaea's Embrace,wowhead_forever_gearplanner.txt
22661,Polar Tunic,wowhead_forever_gearplanner.txt
22662,Polar Gloves,wowhead_forever_gearplanner.txt
22663,Polar Bracers,wowhead_forever_gearplanner.txt
22664,Icy Scale Breastplate,wowhead_forever_gearplanner.txt
22665,Icy Scale Bracers,wowhead_forever_gearplanner.txt
22666,Icy Scale Gauntlets,wowhead_forever_gearplanner.txt
22667,Bracers of Hope,wowhead_forever_gearplanner.txt
22668,Bracers of Subterfuge,wowhead_forever_gearplanner.txt
22669,Icebane Breastplate,wowhead_forever_gearplanner.txt
22670,Icebane Gauntlets,wowhead_forever_gearplanner.txt
22671,Icebane Bracers,wowhead_forever_gearplanner.txt
22672,Sentinel's Plate Legguards,wowhead_forever_gearplanner.txt
22673,Outrider's Chain Leggings,wowhead_forever_gearplanner.txt
22676,Outrider's Mail Leggings,wowhead_forever_gearplanner.txt
22678,Talisman of Ascendance,wowhead_forever_gearplanner.txt
22680,Band of Resolution,wowhead_forever_gearplanner.txt
22681,Band of Piety,wowhead_forever_gearplanner.txt
22688,Verimonde's Last Resort,wowhead_forever_gearplanner.txt
22689,Sanctified Leather Helm,wowhead_forever_gearplanner.txt
22690,Leggings of the Plague Hunter,wowhead_forever_gearplanner.txt
22699,Icebane Leggings,wowhead_forever_gearplanner.txt
22700,Glacial Leggings,wowhead_forever_gearplanner.txt
22701,Polar Leggings,wowhead_forever_gearplanner.txt
22702,Icy Scale Leggings,wowhead_forever_gearplanner.txt
22707,Ramaladni's Icy Grasp,wowhead_forever_gearplanner.txt
22708,Fate of Ramaladni,questiedb-foreverBaseItem.lua
22725,Band of Cenarius,wowhead_forever_gearplanner.txt
22728,Steam Tonk Controller,questiedb-foreverBaseItem.lua
22732,Mark of C'Thun,wowhead_forever_gearplanner.txt
22740,Outrider's Leather Pants,wowhead_forever_gearplanner.txt
22741,Outrider's Lizardhide Pants,wowhead_forever_gearplanner.txt
22742,Bloodsail Shirt,questiedb-foreverBaseItem.lua
22743,Bloodsail Sash,questiedb-foreverBaseItem.lua
22744,Bloodsail Boots,questiedb-foreverBaseItem.lua
22745,Bloodsail Pants,questiedb-foreverBaseItem.lua
22747,Outrider's Silk Leggings,wowhead_forever_gearplanner.txt
22748,Sentinel's Chain Leggings,wowhead_forever_gearplanner.txt
22749,Sentinel's Leather Pants,wowhead_forever_gearplanner.txt
22750,Sentinel's Lizardhide Pants,wowhead_forever_gearplanner.txt
22752,Sentinel's Silk Leggings,wowhead_forever_gearplanner.txt
22753,Sentinel's Lamellar Legguards,wowhead_forever_gearplanner.txt
22756,Sylvan Vest,wowhead_forever_gearplanner.txt
22757,Sylvan Crown,wowhead_forever_gearplanner.txt
22758,Sylvan Shoulders,wowhead_forever_gearplanner.txt
22759,Bramblewood Helm,wowhead_forever_gearplanner.txt
22760,Bramblewood Boots,wowhead_forever_gearplanner.txt
22761,Bramblewood Belt,wowhead_forever_gearplanner.txt
22765,Mildewed Letter,questiedb-foreverBaseItem.lua
22843,Blood Guard's Chain Greaves,wowhead_forever_gearplanner.txt
22852,Blood Guard's Dragonhide Treads,wowhead_forever_gearplanner.txt
22855,Blood Guard's Dreadweave Walkers,wowhead_forever_gearplanner.txt
22856,Blood Guard's Leather Walkers,wowhead_forever_gearplanner.txt
22857,Blood Guard's Mail Greaves,wowhead_forever_gearplanner.txt
22858,Blood Guard's Plate Greaves,wowhead_forever_gearplanner.txt
22859,Blood Guard's Satin Walkers,wowhead_forever_gearplanner.txt
22860,Blood Guard's Silk Walkers,wowhead_forever_gearplanner.txt
22862,Blood Guard's Chain Vices,wowhead_forever_gearplanner.txt
22863,Blood Guard's Dragonhide Grips,wowhead_forever_gearplanner.txt
22864,Blood Guard's Leather Grips,wowhead_forever_gearplanner.txt
22865,Blood Guard's Dreadweave Handwraps,wowhead_forever_gearplanner.txt
22867,Blood Guard's Mail Vices,wowhead_forever_gearplanner.txt
22868,Blood Guard's Plate Gauntlets,wowhead_forever_gearplanner.txt
22869,Blood Guard's Satin Handwraps,wowhead_forever_gearplanner.txt
22870,Blood Guard's Silk Handwraps,wowhead_forever_gearplanner.txt
22872,Legionnaire's Plate Hauberk,wowhead_forever_gearplanner.txt
22873,Legionnaire's Plate Leggings,wowhead_forever_gearplanner.txt
22874,Legionnaire's Chain Hauberk,wowhead_forever_gearplanner.txt
22875,Legionnaire's Chain Legguards,wowhead_forever_gearplanner.txt
22876,Legionnaire's Mail Hauberk,wowhead_forever_gearplanner.txt
22877,Legionnaire's Dragonhide Chestpiece,wowhead_forever_gearplanner.txt
22878,Legionnaire's Dragonhide Leggings,wowhead_forever_gearplanner.txt
22879,Legionnaire's Leather Chestpiece,wowhead_forever_gearplanner.txt
22880,Legionnaire's Leather Legguards,wowhead_forever_gearplanner.txt
22881,Legionnaire's Dreadweave Legguards,wowhead_forever_gearplanner.txt
22882,Legionnaire's Satin Legguards,wowhead_forever_gearplanner.txt
22883,Legionnaire's Silk Legguards,wowhead_forever_gearplanner.txt
22884,Legionnaire's Dreadweave Tunic,wowhead_forever_gearplanner.txt
22885,Legionnaire's Satin Tunic,wowhead_forever_gearplanner.txt
22886,Legionnaire's Silk Tunic,wowhead_forever_gearplanner.txt
22887,Legionnaire's Mail Legguards,wowhead_forever_gearplanner.txt
22935,Touch of Frost,wowhead_forever_gearplanner.txt
22939,Band of Unanswered Prayers,wowhead_forever_gearplanner.txt
22940,Icebane Pauldrons,wowhead_forever_gearplanner.txt
22941,Polar Shoulder Pads,wowhead_forever_gearplanner.txt
22943,Malice Stone Pendant,wowhead_forever_gearplanner.txt
22947,Pendant of Forgotten Names,wowhead_forever_gearplanner.txt
22954,Kiss of the Spider,wowhead_forever_gearplanner.txt
22961,Band of Reanimation,wowhead_forever_gearplanner.txt
22967,Icy Scale Spaulders,wowhead_forever_gearplanner.txt
22968,Glacial Mantle,wowhead_forever_gearplanner.txt
22981,Gluth's Missing Collar,wowhead_forever_gearplanner.txt
22999,Tabard of the Argent Dawn,wowhead_forever_gearplanner.txt
23001,Eye of Diminution,wowhead_forever_gearplanner.txt
23002,Turtle Box,questiedb-foreverBaseItem.lua
23004,Idol of Longevity,wowhead_forever_gearplanner.txt
23005,Totem of Flowing Water,wowhead_forever_gearplanner.txt
23006,Libram of Light,wowhead_forever_gearplanner.txt
23007,Piglet's Collar,questiedb-foreverBaseItem.lua
23015,Rat Cage,questiedb-foreverBaseItem.lua
23018,Signet of the Fallen Defender,wowhead_forever_gearplanner.txt
23019,Icebane Helmet,wowhead_forever_gearplanner.txt
23020,Polar Helmet,wowhead_forever_gearplanner.txt
23023,Sadist's Collar,wowhead_forever_gearplanner.txt
23025,Seal of the Damned,wowhead_forever_gearplanner.txt
23027,Warmth of Forgiveness,wowhead_forever_gearplanner.txt
23028,Hailstone Band,wowhead_forever_gearplanner.txt
23031,Band of the Inevitable,wowhead_forever_gearplanner.txt
23032,Glacial Headdress,wowhead_forever_gearplanner.txt
23033,Icy Scale Coif,wowhead_forever_gearplanner.txt
23036,Necklace of Necropsy,wowhead_forever_gearplanner.txt
23037,Ring of Spiritual Fervor,wowhead_forever_gearplanner.txt
23038,Band of Unnatural Forces,wowhead_forever_gearplanner.txt
23040,Glyph of Deflection,wowhead_forever_gearplanner.txt
23041,Slayer's Crest,wowhead_forever_gearplanner.txt
23042,Loatheb's Reflection,wowhead_forever_gearplanner.txt
23046,The Restrained Essence of Sapphiron,wowhead_forever_gearplanner.txt
23047,Eye of the Dead,wowhead_forever_gearplanner.txt
23053,Stormrage's Talisman of Seething,wowhead_forever_gearplanner.txt
23057,Gem of Trapped Innocents,wowhead_forever_gearplanner.txt
23059,Ring of the Dreadnaught,wowhead_forever_gearplanner.txt
23060,Bonescythe Ring,wowhead_forever_gearplanner.txt
23061,Ring of Faith,wowhead_forever_gearplanner.txt
23062,Frostfire Ring,wowhead_forever_gearplanner.txt
23063,Plagueheart Ring,wowhead_forever_gearplanner.txt
23064,Ring of the Dreamwalker,wowhead_forever_gearplanner.txt
23065,Ring of the Earthshatterer,wowhead_forever_gearplanner.txt
23066,Ring of Redemption,wowhead_forever_gearplanner.txt
23067,Ring of the Cryptstalker,wowhead_forever_gearplanner.txt
23078,Gauntlets of Undead Slaying,wowhead_forever_gearplanner.txt
23081,Handwraps of Undead Slaying,wowhead_forever_gearplanner.txt
23082,Handguards of Undead Slaying,wowhead_forever_gearplanner.txt
23084,Gloves of Undead Cleansing,wowhead_forever_gearplanner.txt
23125,Chains of the Lich,wowhead_forever_gearplanner.txt
23161,Freshly-Squeezed Lemonade,questiedb-foreverBaseItem.lua
23163,Performer's Wand,questiedb-foreverBaseItem.lua
23164,Bubbly Beverage,questiedb-foreverBaseItem.lua
23169,Scorn's Icy Choker,wowhead_forever_gearplanner.txt
23173,Abomination Skin Leggings,wowhead_forever_gearplanner.txt
23175,Tasty Summer Treat,questiedb-foreverBaseItem.lua
23176,Fizzy Energy Drink,questiedb-foreverBaseItem.lua
23192,Tabard of the Scarlet Crusade,wowhead_forever_gearplanner.txt
23194,Lesser Mark of the Dawn,questiedb-foreverBaseItem.lua
23195,Mark of the Dawn,questiedb-foreverBaseItem.lua
23196,Greater Mark of the Dawn,questiedb-foreverBaseItem.lua
23197,Idol of the Moon,wowhead_forever_gearplanner.txt
23199,Totem of the Storm,wowhead_forever_gearplanner.txt
23203,Libram of Fervor,wowhead_forever_gearplanner.txt
23206,Mark of the Champion,wowhead_forever_gearplanner.txt
23207,Mark of the Champion,wowhead_forever_gearplanner.txt
23211,Toasted Smorc,questiedb-foreverBaseItem.lua
23215,Bag of Smorc Ingredients,questiedb-foreverBaseItem.lua
23224,Summer Gift Package,questiedb-foreverBaseItem.lua
23237,Ring of the Eternal Flame,wowhead_forever_gearplanner.txt
23243,Champion's Plate Shoulders,wowhead_forever_gearplanner.txt
23244,Champion's Plate Helm,wowhead_forever_gearplanner.txt
23246,Fiery Festival Brew,questiedb-foreverBaseItem.lua
23250,Prismatic Shell,questiedb-foreverBaseItem.lua
23251,Champion's Chain Helm,wowhead_forever_gearplanner.txt
23252,Champion's Chain Shoulders,wowhead_forever_gearplanner.txt
23253,Champion's Dragonhide Headguard,wowhead_forever_gearplanner.txt
23254,Champion's Dragonhide Shoulders,wowhead_forever_gearplanner.txt
23255,Champion's Dreadweave Cowl,wowhead_forever_gearplanner.txt
23256,Champion's Dreadweave Spaulders,wowhead_forever_gearplanner.txt
23257,Champion's Leather Helm,wowhead_forever_gearplanner.txt
23258,Champion's Leather Shoulders,wowhead_forever_gearplanner.txt
23259,Champion's Mail Headguard,wowhead_forever_gearplanner.txt
23260,Champion's Mail Pauldrons,wowhead_forever_gearplanner.txt
23261,Champion's Satin Hood,wowhead_forever_gearplanner.txt
23262,Champion's Satin Mantle,wowhead_forever_gearplanner.txt
23263,Champion's Silk Cowl,wowhead_forever_gearplanner.txt
23264,Champion's Silk Mantle,wowhead_forever_gearplanner.txt
23272,Knight-Captain's Lamellar Breastplate,wowhead_forever_gearplanner.txt
23273,Knight-Captain's Lamellar Leggings,wowhead_forever_gearplanner.txt
23274,Knight-Lieutenant's Lamellar Gauntlets,wowhead_forever_gearplanner.txt
23275,Knight-Lieutenant's Lamellar Sabatons,wowhead_forever_gearplanner.txt
23276,Lieutenant Commander's Lamellar Headguard,wowhead_forever_gearplanner.txt
23277,Lieutenant Commander's Lamellar Shoulders,wowhead_forever_gearplanner.txt
23278,Knight-Lieutenant's Chain Greaves,wowhead_forever_gearplanner.txt
23279,Knight-Lieutenant's Chain Vices,wowhead_forever_gearplanner.txt
23280,Knight-Lieutenant's Dragonhide Grips,wowhead_forever_gearplanner.txt
23281,Knight-Lieutenant's Dragonhide Treads,wowhead_forever_gearplanner.txt
23282,Knight-Lieutenant's Dreadweave Handwraps,wowhead_forever_gearplanner.txt
23283,Knight-Lieutenant's Dreadweave Walkers,wowhead_forever_gearplanner.txt
23284,Knight-Lieutenant's Leather Grips,wowhead_forever_gearplanner.txt
23285,Knight-Lieutenant's Leather Walkers,wowhead_forever_gearplanner.txt
23286,Knight-Lieutenant's Plate Gauntlets,wowhead_forever_gearplanner.txt
23287,Knight-Lieutenant's Plate Greaves,wowhead_forever_gearplanner.txt
23288,Knight-Lieutenant's Satin Handwraps,wowhead_forever_gearplanner.txt
23289,Knight-Lieutenant's Satin Walkers,wowhead_forever_gearplanner.txt
23290,Knight-Lieutenant's Silk Handwraps,wowhead_forever_gearplanner.txt
23291,Knight-Lieutenant's Silk Walkers,wowhead_forever_gearplanner.txt
23292,Knight-Captain's Chain Hauberk,wowhead_forever_gearplanner.txt
23293,Knight-Captain's Chain Legguards,wowhead_forever_gearplanner.txt
23294,Knight-Captain's Dragonhide Chestpiece,wowhead_forever_gearplanner.txt
23295,Knight-Captain's Dragonhide Leggings,wowhead_forever_gearplanner.txt
23296,Knight-Captain's Dreadweave Legguards,wowhead_forever_gearplanner.txt
23297,Knight-Captain's Dreadweave Tunic,wowhead_forever_gearplanner.txt
23298,Knight-Captain's Leather Chestpiece,wowhead_forever_gearplanner.txt
23299,Knight-Captain's Leather Legguards,wowhead_forever_gearplanner.txt
23300,Knight-Captain's Plate Hauberk,wowhead_forever_gearplanner.txt
23301,Knight-Captain's Plate Leggings,wowhead_forever_gearplanner.txt
23302,Knight-Captain's Satin Legguards,wowhead_forever_gearplanner.txt
23303,Knight-Captain's Satin Tunic,wowhead_forever_gearplanner.txt
23304,Knight-Captain's Silk Legguards,wowhead_forever_gearplanner.txt
23305,Knight-Captain's Silk Tunic,wowhead_forever_gearplanner.txt
23306,Lieutenant Commander's Chain Helm,wowhead_forever_gearplanner.txt
23307,Lieutenant Commander's Chain Shoulders,wowhead_forever_gearplanner.txt
23308,Lieutenant Commander's Dragonhide Headguard,wowhead_forever_gearplanner.txt
23309,Lieutenant Commander's Dragonhide Shoulders,wowhead_forever_gearplanner.txt
23310,Lieutenant Commander's Dreadweave Cowl,wowhead_forever_gearplanner.txt
23311,Lieutenant Commander's Dreadweave Spaulders,wowhead_forever_gearplanner.txt
23312,Lieutenant Commander's Leather Helm,wowhead_forever_gearplanner.txt
23313,Lieutenant Commander's Leather Shoulders,wowhead_forever_gearplanner.txt
23314,Lieutenant Commander's Plate Helm,wowhead_forever_gearplanner.txt
23315,Lieutenant Commander's Plate Shoulders,wowhead_forever_gearplanner.txt
23316,Lieutenant Commander's Satin Hood,wowhead_forever_gearplanner.txt
23317,Lieutenant Commander's Satin Mantle,wowhead_forever_gearplanner.txt
23318,Lieutenant Commander's Silk Cowl,wowhead_forever_gearplanner.txt
23319,Lieutenant Commander's Silk Mantle,wowhead_forever_gearplanner.txt
23323,Crown of the Fire Festival,wowhead_forever_gearplanner.txt
23324,Mantle of the Fire Festival,questiedb-foreverBaseItem.lua
23326,Midsummer Sausage,questiedb-foreverBaseItem.lua
23327,Fire-toasted Bun,questiedb-foreverBaseItem.lua
23379,Cinder Bracers,questiedb-foreverBaseItem.lua
23435,Elderberry Pie,questiedb-foreverBaseItem.lua
23451,Grand Marshal's Mageblade,wowhead_forever_gearplanner.txt
23452,Grand Marshal's Tome of Power,wowhead_forever_gearplanner.txt
23453,Grand Marshal's Tome of Restoration,wowhead_forever_gearplanner.txt
23454,Grand Marshal's Warhammer,wowhead_forever_gearplanner.txt
23455,Grand Marshal's Demolisher,wowhead_forever_gearplanner.txt
23456,Grand Marshal's Swiftblade,wowhead_forever_gearplanner.txt
23464,High Warlord's Battle Mace,wowhead_forever_gearplanner.txt
23465,High Warlord's Destroyer,wowhead_forever_gearplanner.txt
23466,High Warlord's Spellblade,wowhead_forever_gearplanner.txt
23467,High Warlord's Quickblade,wowhead_forever_gearplanner.txt
23468,High Warlord's Tome of Destruction,wowhead_forever_gearplanner.txt
23469,High Warlord's Tome of Mending,wowhead_forever_gearplanner.txt
23557,Larvae of the Great Worm,wowhead_forever_gearplanner.txt
23558,The Burrower's Shell,wowhead_forever_gearplanner.txt
23570,Jom Gabbar,wowhead_forever_gearplanner.txt
23577,The Hungering Cold,wowhead_forever_gearplanner.txt
23705,Tabard of Flame,wowhead_forever_gearplanner.txt
23709,Tabard of Frost,wowhead_forever_gearplanner.txt
23710,Upperdeck Tabard #3,wowhead_forever_gearplanner.txt
23712,White Tiger Cub,questiedb-foreverBaseItem.lua
23713,Hippogryph Hatchling,questiedb-foreverBaseItem.lua
23714,Perpetual Purple Firework,wowhead_forever_gearplanner.txt
23715,Permanent Lung Juice Cocktail,questiedb-foreverBaseItem.lua
23716,Carved Ogre Idol,wowhead_forever_gearplanner.txt
23718,Permanent Ground Scorpok Assay,questiedb-foreverBaseItem.lua
23719,Permanent Cerebral Cortex Compound,questiedb-foreverBaseItem.lua
23721,Permanent Gizzard Gum,questiedb-foreverBaseItem.lua
23722,Permanent R.O.I.D.S.,questiedb-foreverBaseItem.lua
23794,Permanent Sheen of Zanza,questiedb-foreverBaseItem.lua
23795,Permanent Spirit of Zanza,questiedb-foreverBaseItem.lua
23796,Permanent Swiftness of Zanza,questiedb-foreverBaseItem.lua
24222,The Shadowfoot Stabber,wowhead_forever_gearplanner.txt
33154,Sinister Squashling,questiedb-foreverBaseItem.lua
34085,Red Winter Clothes,questiedb-foreverBaseItem.lua
34086,Winter Boots,questiedb-foreverBaseItem.lua
34087,Green Winter Clothes,questiedb-foreverBaseItem.lua
34261,Pattern: Green Winter Clothes,questiedb-foreverBaseItem.lua
34262,Pattern: Winter Boots,questiedb-foreverBaseItem.lua
34319,Pattern: Red Winter Clothes,questiedb-foreverBaseItem.lua
44803,Spring Circlet,questiedb-foreverBaseItem.lua
46102,Whistle of the Venomhide Ravasaur,questiedb-foreverBaseItem.lua
46362,Venomhide Hatchling,questiedb-foreverBaseItem.lua
49311,"Monster - Staff, Jeweled D01 Blue (Med Blue Glow)",questiedb-foreverBaseItem.lua
49715,Forever-Lovely Rose,questiedb-foreverBaseItem.lua
74610,Lunar Lantern,questiedb-foreverBaseItem.lua
74611,Festival Lantern,questiedb-foreverBaseItem.lua
134110,Hidden Helm,questiedb-foreverBaseItem.lua
134111,Hidden Cloak,questiedb-foreverBaseItem.lua
134112,Hidden Shoulder,questiedb-foreverBaseItem.lua
135510,Transmog UI Trim Head Item,questiedb-foreverBaseItem.lua
135522,Transmog UI Chest Item,questiedb-foreverBaseItem.lua
135548,Transmog UI Legs Item,questiedb-foreverBaseItem.lua
135549,Transmog UI Hand Item,questiedb-foreverBaseItem.lua
135550,Transmog UI Feet Item,questiedb-foreverBaseItem.lua
142503,Hidden Shirt,questiedb-foreverBaseItem.lua
142504,Hidden Tabard,questiedb-foreverBaseItem.lua
143539,Hidden Belt,questiedb-foreverBaseItem.lua
158329,Hidden Gloves,questiedb-foreverBaseItem.lua
168659,Hidden Chestpiece,questiedb-foreverBaseItem.lua
168664,Hidden Boots,questiedb-foreverBaseItem.lua
168665,Hidden Bracers,questiedb-foreverBaseItem.lua
184937,Chronoboon Displacer,questiedb-foreverBaseItem.lua
184938,Supercharged Chronoboon Displacer,questiedb-foreverBaseItem.lua
190232,Withered Scarf,questiedb-foreverBaseItem.lua
190325,Monster - Incubus Whip Mace1H,wowhead_forever_gearplanner.txt
191204,Lesser Deathstone,questiedb-foreverBaseItem.lua
191249,Greater Deathstone,questiedb-foreverBaseItem.lua
191267,Rune of Teleportation: Antechamber,questiedb-foreverBaseItem.lua
191268,Orb of Corruption,questiedb-foreverBaseItem.lua
191272,Rod of Necromancy,questiedb-foreverBaseItem.lua
191280,Fungal Spore Cluster,questiedb-foreverBaseItem.lua
191288,Rune of Teleportation: Frostwyrm's Lair,questiedb-foreverBaseItem.lua
191292,Ritual Dagger,questiedb-foreverBaseItem.lua
191312,Failsafe Phylactery,wowhead_forever_gearplanner.txt
191313,Mask of Death,questiedb-foreverBaseItem.lua
191414,Skeletal Artifact,questiedb-foreverBaseItem.lua
191458,Shattered Phylactery,wowhead_forever_gearplanner.txt
191459,Rune of Fortune,questiedb-foreverBaseItem.lua
191477,Skeletal Hitching Post,questiedb-foreverBaseItem.lua
191480,Skeletal Steed,questiedb-foreverBaseItem.lua
191481,Tabard of Mastery,wowhead_forever_gearplanner.txt
191656,Death's Essence,questiedb-foreverBaseItem.lua
191660,Thaddius' Lightning Bolts,questiedb-foreverBaseItem.lua
191661,Monstrous Spider Fang,questiedb-foreverBaseItem.lua
202251,Bag of Pet Treats,questiedb-foreverBaseItem.lua
202256,Privateer's Ornate Pistol,wowhead_forever_gearplanner.txt
203726,Cutty's Rune,questiedb-foreverBaseItem.lua
203750,Elwynn Treasure Map,questiedb-foreverBaseItem.lua
203755,Archmage Theocritus' Research Journal,questiedb-foreverBaseItem.lua
203784,Top-Right Map Piece,questiedb-foreverBaseItem.lua
203785,Top-Left Map Piece,questiedb-foreverBaseItem.lua
203786,Bottom-Right Map Piece,questiedb-foreverBaseItem.lua
203787,Bottom-Left Map Piece,questiedb-foreverBaseItem.lua
203992,Rune of Trickery,questiedb-foreverBaseItem.lua
204688,Monster Hunter's First Rune Fragment,questiedb-foreverBaseItem.lua
204689,Monster Hunter's Second Rune Fragment,questiedb-foreverBaseItem.lua
204690,Monster Hunter's Third Rune Fragment,questiedb-foreverBaseItem.lua
204910,"Monster - Trident, Naga (Gold)",wowhead_forever_gearplanner.txt
205218,Libram of Discovery,wowhead_forever_gearplanner.txt
205420,Libram of Judgement,wowhead_forever_gearplanner.txt
205952,Memory of a Shattered World,questiedb-foreverBaseItem.lua
205961,Mulgore Bird Meat,questiedb-foreverBaseItem.lua
205995,Prairie Dog Musk,questiedb-foreverBaseItem.lua
206177,Pine Nut Butter,questiedb-foreverBaseItem.lua
206376,Bulwark Icon,wowhead_forever_gearplanner.txt
206381,Dyadic Icon,wowhead_forever_gearplanner.txt
206382,Tempest Icon,wowhead_forever_gearplanner.txt
206383,Lithic Icon,wowhead_forever_gearplanner.txt
206384,Astral Icon,wowhead_forever_gearplanner.txt
206385,Clastic Icon,wowhead_forever_gearplanner.txt
206386,Galvanic Icon,wowhead_forever_gearplanner.txt
206387,Kajaric Icon,wowhead_forever_gearplanner.txt
206388,Sulfurous Icon,wowhead_forever_gearplanner.txt
206389,Brimstone Icon,wowhead_forever_gearplanner.txt
206390,Ichthyan Icon,wowhead_forever_gearplanner.txt
206391,Syzygic Icon,wowhead_forever_gearplanner.txt
206466,Prairie Crown,questiedb-foreverBaseItem.lua
206469,Prairie Flower,questiedb-foreverBaseItem.lua
206954,Idol of Ursine Rage,wowhead_forever_gearplanner.txt
206966,Satyrweed Bulb,questiedb-foreverBaseItem.lua
206975,Artifact Storage Key,questiedb-foreverBaseItem.lua
207106,Bottom-Left Map Piece,questiedb-foreverBaseItem.lua
207107,Bottom-Right Map Piece,questiedb-foreverBaseItem.lua
207108,Top-Left Map Piece,questiedb-foreverBaseItem.lua
207109,Top-Right Map Piece,questiedb-foreverBaseItem.lua
207110,Durotar Treasure Map,questiedb-foreverBaseItem.lua
207590,Durotar Pig Meat,questiedb-foreverBaseItem.lua
207631,Adder Pheromone,questiedb-foreverBaseItem.lua
208005,Agamand Relic Coffer Key,questiedb-foreverBaseItem.lua
208007,Shipwreck Cache Key,questiedb-foreverBaseItem.lua
208034,Tirisfal Treasure Map,questiedb-foreverBaseItem.lua
208035,Top-Right Map Piece,questiedb-foreverBaseItem.lua
208036,Top-Left Map Piece,questiedb-foreverBaseItem.lua
208037,Bottom-Right Map Piece,questiedb-foreverBaseItem.lua
208038,Bottom-Left Map Piece,questiedb-foreverBaseItem.lua
208180,Rabbit Musk,questiedb-foreverBaseItem.lua
208192,Dun Morogh Pig Meat,questiedb-foreverBaseItem.lua
208213,Top-Right Map Piece,questiedb-foreverBaseItem.lua
208215,Top-Left Map Piece,questiedb-foreverBaseItem.lua
208218,Bottom-Right Map Piece,questiedb-foreverBaseItem.lua
208219,Bottom-Left Map Piece,questiedb-foreverBaseItem.lua
208220,Dun Morogh Treasure Map,questiedb-foreverBaseItem.lua
208222,Old Guard Retaliator,questiedb-foreverBaseItem.lua
208392,Account Bank Tab Bag (DNT),questiedb-foreverBaseItem.lua
208414,Lunar Idol,wowhead_forever_gearplanner.txt
208424,Sun Shades,wowhead_forever_gearplanner.txt
208601,Top-Right Map Piece,questiedb-foreverBaseItem.lua
208602,Top-Left Map Piece,questiedb-foreverBaseItem.lua
208603,Bottom-Right Map Piece,questiedb-foreverBaseItem.lua
208604,Bottom-Left Map Piece,questiedb-foreverBaseItem.lua
208605,Teldrassil Treasure Map,questiedb-foreverBaseItem.lua
208607,Deer Musk,questiedb-foreverBaseItem.lua
208608,Teldrassil Bird Meat,questiedb-foreverBaseItem.lua
208609,Glade Flower,questiedb-foreverBaseItem.lua
208689,Ferocious Idol,wowhead_forever_gearplanner.txt
208749,Gnarlpine Stash Key,questiedb-foreverBaseItem.lua
208760,Glade Crown,questiedb-foreverBaseItem.lua
208773,Fishing Harpoon,questiedb-foreverBaseItem.lua
208823,Offering Coin,questiedb-foreverBaseItem.lua
208833,Malevolent Pie,questiedb-foreverBaseItem.lua
208843,Battle Totem,questiedb-foreverBaseItem.lua
208849,Libram of Blessings,wowhead_forever_gearplanner.txt
208851,Libram of Justice,wowhead_forever_gearplanner.txt
208855,Rainbow Fin Albacore Chum,questiedb-foreverBaseItem.lua
209027,Crab Treats,questiedb-foreverBaseItem.lua
209030,Equipment Stash Key,questiedb-foreverBaseItem.lua
209047,Gnarled Harpoon,questiedb-foreverBaseItem.lua
209057,Prototype Engine,questiedb-foreverBaseItem.lua
209608,Captain's Skeleton Key,questiedb-foreverBaseItem.lua
209611,Insignia of the Alliance,wowhead_forever_gearplanner.txt
209612,Insignia of the Alliance,wowhead_forever_gearplanner.txt
209613,Insignia of the Alliance,wowhead_forever_gearplanner.txt
209614,Insignia of the Alliance,wowhead_forever_gearplanner.txt
209615,Insignia of the Alliance,wowhead_forever_gearplanner.txt
209616,Insignia of the Alliance,wowhead_forever_gearplanner.txt
209617,Insignia of the Alliance,wowhead_forever_gearplanner.txt
209618,Insignia of the Alliance,wowhead_forever_gearplanner.txt
209619,Insignia of the Horde,wowhead_forever_gearplanner.txt
209620,Insignia of the Horde,wowhead_forever_gearplanner.txt
209621,Insignia of the Horde,wowhead_forever_gearplanner.txt
209622,Insignia of the Horde,wowhead_forever_gearplanner.txt
209623,Insignia of the Horde,wowhead_forever_gearplanner.txt
209624,Insignia of the Horde,wowhead_forever_gearplanner.txt
209625,Insignia of the Horde,wowhead_forever_gearplanner.txt
209626,Insignia of the Horde,wowhead_forever_gearplanner.txt
209778,Summoner's Salt,questiedb-foreverBaseItem.lua
209779,Mote of Mannoroth,questiedb-foreverBaseItem.lua
209838,Hypnotic Crystal,questiedb-foreverBaseItem.lua
209840,Gnarled Wand of Wild Magic,questiedb-foreverBaseItem.lua
210026,Symbol of the Third Owl,questiedb-foreverBaseItem.lua
210043,Symbol of the Second Owl,questiedb-foreverBaseItem.lua
210044,Symbol of the First Owl,questiedb-foreverBaseItem.lua
210055,Hillsbrad Human Bones,questiedb-foreverBaseItem.lua
210138,Dark Iron Ordinance,questiedb-foreverBaseItem.lua
210146,Shredder Turbocharger,questiedb-foreverBaseItem.lua
210147,Shredder Autosalvage Unit,questiedb-foreverBaseItem.lua
210195,Unbalanced Idol,wowhead_forever_gearplanner.txt
210209,Twin Key,questiedb-foreverBaseItem.lua
210210,Grizzwerks Defense Industries Founder's Certificate,questiedb-foreverBaseItem.lua
210212,Brother's Half-Key,questiedb-foreverBaseItem.lua
210213,Sister's Half-Key,questiedb-foreverBaseItem.lua
210250,Engraved Gold Ring,wowhead_forever_gearplanner.txt
210251,Engraved Silver Ring,wowhead_forever_gearplanner.txt
210253,Rot Totem,questiedb-foreverBaseItem.lua
210499,Marshroom,questiedb-foreverBaseItem.lua
210534,Idol of the Wild,wowhead_forever_gearplanner.txt
210708,Elixir of Coalesced Regret,questiedb-foreverBaseItem.lua
210712,Elixir of Insight,questiedb-foreverBaseItem.lua
210713,Tortured Soul,questiedb-foreverBaseItem.lua
210771,Waylaid Supplies: Copper Bars,questiedb-foreverBaseItem.lua
210772,Supply Shipment: Copper Bars,questiedb-foreverBaseItem.lua
210781,Phoenix Bindings,wowhead_forever_gearplanner.txt
210963,Scryer's Key,questiedb-foreverBaseItem.lua
210968,Reliquary Key,questiedb-foreverBaseItem.lua
210980,Rune of Metamorphosis,questiedb-foreverBaseItem.lua
211247,Pattern: Phoenix Bindings,questiedb-foreverBaseItem.lua
211315,Waylaid Supplies: Light Leather,questiedb-foreverBaseItem.lua
211316,Waylaid Supplies: Peacebloom,questiedb-foreverBaseItem.lua
211317,Waylaid Supplies: Silverleaf,questiedb-foreverBaseItem.lua
211318,Waylaid Supplies: Minor Healing Potions,questiedb-foreverBaseItem.lua
211319,Waylaid Supplies: Copper Shortswords,questiedb-foreverBaseItem.lua
211320,Waylaid Supplies: Runed Copper Pants,questiedb-foreverBaseItem.lua
211321,Waylaid Supplies: Lesser Magic Wands,questiedb-foreverBaseItem.lua
211322,Waylaid Supplies: Minor Wizard Oil,questiedb-foreverBaseItem.lua
211323,Waylaid Supplies: Rough Copper Bombs,questiedb-foreverBaseItem.lua
211324,Waylaid Supplies: Rough Boomsticks,questiedb-foreverBaseItem.lua
211325,Waylaid Supplies: Handstitched Leather Belts,questiedb-foreverBaseItem.lua
211326,Waylaid Supplies: Embossed Leather Vests,questiedb-foreverBaseItem.lua
211327,Waylaid Supplies: Brown Linen Pants,questiedb-foreverBaseItem.lua
211328,Waylaid Supplies: Brown Linen Robes,questiedb-foreverBaseItem.lua
211329,Waylaid Supplies: Herb Baked Eggs,questiedb-foreverBaseItem.lua
211330,Waylaid Supplies: Spiced Wolf Meat,questiedb-foreverBaseItem.lua
211331,Waylaid Supplies: Brilliant Smallfish,questiedb-foreverBaseItem.lua
211332,Waylaid Supplies: Heavy Linen Bandages,questiedb-foreverBaseItem.lua
211365,Supply Shipment,questiedb-foreverBaseItem.lua
211367,Supply Shipment,questiedb-foreverBaseItem.lua
211368,Supply Shipment,questiedb-foreverBaseItem.lua
211419,Handful of Shifting Scales,questiedb-foreverBaseItem.lua
211471,Cliffspring Key,questiedb-foreverBaseItem.lua
211472,Libram of Banishment,wowhead_forever_gearplanner.txt
211482,Shatterspear Offering,questiedb-foreverBaseItem.lua
211487,Demolition Explosives,questiedb-foreverBaseItem.lua
211500,Resilient Cloth Headband,wowhead_forever_gearplanner.txt
211527,Cozy Sleeping Bag,questiedb-foreverBaseItem.lua
211528,Dark Insight,questiedb-foreverBaseItem.lua
211534,Primal Insight,questiedb-foreverBaseItem.lua
211779,Comprehension Charm,questiedb-foreverBaseItem.lua
211780,Scroll: KWYJIBO,questiedb-foreverBaseItem.lua
211784,Scroll: WUBBA WUBBA,questiedb-foreverBaseItem.lua
211785,Scroll: CWAL,questiedb-foreverBaseItem.lua
211786,Scroll: CHAP BALK WELLES,questiedb-foreverBaseItem.lua
211787,Scroll: LOWER PING WHOMEVER,questiedb-foreverBaseItem.lua
211800,Scroll of Reintegration,questiedb-foreverBaseItem.lua
211815,Silverwing Battle Hymn,questiedb-foreverBaseItem.lua
211816,Warsong Battle Drum,questiedb-foreverBaseItem.lua
211819,Waylaid Supplies: Bronze Bars,questiedb-foreverBaseItem.lua
211820,Waylaid Supplies: Silver Bars,questiedb-foreverBaseItem.lua
211821,Waylaid Supplies: Medium Leather,questiedb-foreverBaseItem.lua
211822,Waylaid Supplies: Bruiseweed,questiedb-foreverBaseItem.lua
211823,Waylaid Supplies: Swiftthistle,questiedb-foreverBaseItem.lua
211824,Waylaid Supplies: Lesser Mana Potions,questiedb-foreverBaseItem.lua
211825,Waylaid Supplies: Rough Bronze Boots,questiedb-foreverBaseItem.lua
211826,Waylaid Supplies: Silver Skeleton Keys,questiedb-foreverBaseItem.lua
211827,Waylaid Supplies: Runed Silver Rods,questiedb-foreverBaseItem.lua
211828,Waylaid Supplies: Minor Mana Oil,questiedb-foreverBaseItem.lua
211829,Waylaid Supplies: Small Bronze Bombs,questiedb-foreverBaseItem.lua
211830,Waylaid Supplies: Ornate Spyglasses,questiedb-foreverBaseItem.lua
211831,Waylaid Supplies: Dark Leather Cloaks,questiedb-foreverBaseItem.lua
211832,Waylaid Supplies: Hillman's Shoulders,questiedb-foreverBaseItem.lua
211833,Waylaid Supplies: Gray Woolen Shirts,questiedb-foreverBaseItem.lua
211834,Waylaid Supplies: Pearl-clasped Cloaks,questiedb-foreverBaseItem.lua
211835,Waylaid Supplies: Smoked Sagefish,questiedb-foreverBaseItem.lua
211836,Waylaid Supplies: Smoked Bear Meat,questiedb-foreverBaseItem.lua
211837,Waylaid Supplies: Goblin Deviled Clams,questiedb-foreverBaseItem.lua
211838,Waylaid Supplies: Heavy Wool Bandages,questiedb-foreverBaseItem.lua
211839,Supply Shipment,questiedb-foreverBaseItem.lua
211840,Supply Shipment,questiedb-foreverBaseItem.lua
211841,Supply Shipment,questiedb-foreverBaseItem.lua
211853,Scroll: VOCE WELL,questiedb-foreverBaseItem.lua
211854,Scroll: OMIT KESA,questiedb-foreverBaseItem.lua
211855,Scroll: STHENIC LUNATE,questiedb-foreverBaseItem.lua
211856,Resilient Mail Coif,wowhead_forever_gearplanner.txt
211857,Resilient Leather Mask,wowhead_forever_gearplanner.txt
211933,Waylaid Supplies: Rough Stone,questiedb-foreverBaseItem.lua
211934,Waylaid Supplies: Healing Potions,questiedb-foreverBaseItem.lua
211935,Waylaid Supplies: Elixir of Firepower,questiedb-foreverBaseItem.lua
211940,Ecks'av's Tribal Guardian,wowhead_forever_gearplanner.txt
211941,Windwalker's Yari,wowhead_forever_gearplanner.txt
211953,Scroll of Arcane Recovery I,questiedb-foreverBaseItem.lua
211954,Scroll of Arcane Accuracy I,questiedb-foreverBaseItem.lua
211955,Scroll of Arcane Protection - Fire I,questiedb-foreverBaseItem.lua
211956,Scroll of Arcane Protection - Frost I,questiedb-foreverBaseItem.lua
211957,Scroll of Arcane Power I,questiedb-foreverBaseItem.lua
212160,Chronoboon Displacer,questiedb-foreverBaseItem.lua
212568,Wolfshead Trophy,questiedb-foreverBaseItem.lua
212580,Lorekeeper's Staff,wowhead_forever_gearplanner.txt
212581,Outrunner's Bow,wowhead_forever_gearplanner.txt
212582,Protector's Sword,wowhead_forever_gearplanner.txt
212583,Sentinel's Blade,wowhead_forever_gearplanner.txt
212584,Advisor's Gnarled Staff,wowhead_forever_gearplanner.txt
212585,Outrider's Bow,wowhead_forever_gearplanner.txt
212586,Legionnaire's Sword,wowhead_forever_gearplanner.txt
212587,Scout's Blade,wowhead_forever_gearplanner.txt
212723,Rumbling Essence,questiedb-foreverBaseItem.lua
212748,Tattered Note,questiedb-foreverBaseItem.lua
213074,Rune of Nourishing,questiedb-foreverBaseItem.lua
213086,Rune of the Storm,questiedb-foreverBaseItem.lua
213090,Rune of Synergy,questiedb-foreverBaseItem.lua
213103,Rune of Blood Surge,questiedb-foreverBaseItem.lua
213105,Shawarmageddon,wowhead_forever_gearplanner.txt
213127,Partial Mystical Notes,questiedb-foreverBaseItem.lua
213369,Faintly Glowing Leather,questiedb-foreverBaseItem.lua
213370,Irradiated Leather Scraps,questiedb-foreverBaseItem.lua
213371,Crate of Tainted Gniodine Solution,questiedb-foreverBaseItem.lua
213373,Reflective Scrapmetal,questiedb-foreverBaseItem.lua
213376,Low-Background Truesilver Plates,questiedb-foreverBaseItem.lua
213378,Unstable Microfilament,questiedb-foreverBaseItem.lua
213379,Hyperconductive Arcano-Filament,questiedb-foreverBaseItem.lua
213381,Pile of Tarnished Gears,questiedb-foreverBaseItem.lua
213383,Polished Truesilver Gears,questiedb-foreverBaseItem.lua
213421,Singed Note,questiedb-foreverBaseItem.lua
213426,Ogre Lightning Rod,questiedb-foreverBaseItem.lua
213427,Grime-Encrusted Salvage,questiedb-foreverBaseItem.lua
213513,Libram of Deliverance,wowhead_forever_gearplanner.txt
213528,Balmy Brew,questiedb-foreverBaseItem.lua
213529,Viscous Venom,questiedb-foreverBaseItem.lua
213543,Scroll: UPDOG,questiedb-foreverBaseItem.lua
213544,Scroll: TOPAZ YORAK,questiedb-foreverBaseItem.lua
213545,Scroll: PEATCHY ATTAX,questiedb-foreverBaseItem.lua
213546,Scroll: SHOOBEEDOOP,questiedb-foreverBaseItem.lua
213547,Scroll: THAW WORDS,questiedb-foreverBaseItem.lua
213548,Scroll of Liminal Passage,questiedb-foreverBaseItem.lua
213549,Scroll of Arcane Angling,questiedb-foreverBaseItem.lua
213550,Scroll of Polymorph: Odd Melon,questiedb-foreverBaseItem.lua
213551,Scroll of Controlled Displacement,questiedb-foreverBaseItem.lua
213564,Scroll of Minor Evocation,questiedb-foreverBaseItem.lua
213594,Idol of the Heckler,wowhead_forever_gearplanner.txt
213701,Strong Harpy Feather,questiedb-foreverBaseItem.lua
213709,Cloud Serpent Fang,questiedb-foreverBaseItem.lua
214435,Cougar Cage Key,questiedb-foreverBaseItem.lua
215155,Plans: Tempered Interference-Negating Helmet,questiedb-foreverBaseItem.lua
215257,Scroll of Comprehension,questiedb-foreverBaseItem.lua
215365,Invoker's Mantle,wowhead_forever_gearplanner.txt
215366,Invoker's Cord,wowhead_forever_gearplanner.txt
215373,Silver Hand Training Hammer,wowhead_forever_gearplanner.txt
215374,Ancestral Sword,wowhead_forever_gearplanner.txt
215375,Tactician's Staff,wowhead_forever_gearplanner.txt
215376,Crusader's Mace,wowhead_forever_gearplanner.txt
215385,Waylaid Supplies: Gold Bars,questiedb-foreverBaseItem.lua
215386,Waylaid Supplies: Mithril Bars,questiedb-foreverBaseItem.lua
215387,Waylaid Supplies: Heavy Hide,questiedb-foreverBaseItem.lua
215388,Waylaid Supplies: Thick Leather,questiedb-foreverBaseItem.lua
215389,Waylaid Supplies: Fadeleaf,questiedb-foreverBaseItem.lua
215390,Waylaid Supplies: Khadgar's Whisker,questiedb-foreverBaseItem.lua
215391,Waylaid Supplies: Wintersbite,questiedb-foreverBaseItem.lua
215392,Waylaid Supplies: Purple Lotus,questiedb-foreverBaseItem.lua
215393,Waylaid Supplies: Greater Healing Potions,questiedb-foreverBaseItem.lua
215394,Waylaid Supplies: Lesser Stoneshield Potions,questiedb-foreverBaseItem.lua
215395,Waylaid Supplies: Elixirs of Agility,questiedb-foreverBaseItem.lua
215396,Waylaid Supplies: Elixirs of Greater Defense,questiedb-foreverBaseItem.lua
215397,Waylaid Supplies: Massive Iron Axes,questiedb-foreverBaseItem.lua
215398,Waylaid Supplies: Green Iron Bracers,questiedb-foreverBaseItem.lua
215399,Waylaid Supplies: Heavy Mithril Gauntlets,questiedb-foreverBaseItem.lua
215400,Waylaid Supplies: Solid Grinding Stones,questiedb-foreverBaseItem.lua
215401,Waylaid Supplies: Compact Harvest Reaper Kits,questiedb-foreverBaseItem.lua
215402,Waylaid Supplies: Big Iron Bombs,questiedb-foreverBaseItem.lua
215403,Waylaid Supplies: Deadly Scopes,questiedb-foreverBaseItem.lua
215404,Waylaid Supplies: Mithril Blunderbuss,questiedb-foreverBaseItem.lua
215405,Waylaid Supplies: Gnomish Rocket Boots,questiedb-foreverBaseItem.lua
215406,Waylaid Supplies: Goblin Mortars,questiedb-foreverBaseItem.lua
215407,Waylaid Supplies: Barbaric Shoulders,questiedb-foreverBaseItem.lua
215408,Waylaid Supplies: Guardian Gloves,questiedb-foreverBaseItem.lua
215409,Waylaid Supplies: Turtle Scale Bracers,questiedb-foreverBaseItem.lua
215410,Waylaid Supplies: Dusky Belts,questiedb-foreverBaseItem.lua
215411,Waylaid Supplies: Frost Leather Cloaks,questiedb-foreverBaseItem.lua
215412,Waylaid Supplies: Shadowskin Gloves,questiedb-foreverBaseItem.lua
215413,Waylaid Supplies: Formal White Shirts,questiedb-foreverBaseItem.lua
215414,Waylaid Supplies: Crimson Silk Pantaloons,questiedb-foreverBaseItem.lua
215415,Waylaid Supplies: Rich Purple Silk Shirts,questiedb-foreverBaseItem.lua
215416,Waylaid Supplies: White Bandit Masks,questiedb-foreverBaseItem.lua
215417,Waylaid Supplies: Soothing Turtle Bisque,questiedb-foreverBaseItem.lua
215418,Waylaid Supplies: Spider Sausages,questiedb-foreverBaseItem.lua
215419,Waylaid Supplies: Heavy Silk Bandages,questiedb-foreverBaseItem.lua
215420,Waylaid Supplies: Rockscale Cod,questiedb-foreverBaseItem.lua
215421,Waylaid Supplies: Fire Oil,questiedb-foreverBaseItem.lua
215824,A Luddite's Guide to Caring for Your Demonic Pet,questiedb-foreverBaseItem.lua
216483,Witherbark Mallet,questiedb-foreverBaseItem.lua
216491,Shipment of Stranglethorn Lumber,questiedb-foreverBaseItem.lua
216492,Whistle of the Mottled Raptor,questiedb-foreverBaseItem.lua
216523,Rusted Cage Key,questiedb-foreverBaseItem.lua
216616,Compound Cage Key,questiedb-foreverBaseItem.lua
216617,Kurzen Fighter's Uniform,questiedb-foreverBaseItem.lua
216619,Student Fodder,questiedb-foreverBaseItem.lua
216634,GG12-082 Cartridge Fuse,questiedb-foreverBaseItem.lua
216696,Hidden Pants,questiedb-foreverBaseItem.lua
216748,Grimoire of Portal of Summoning,questiedb-foreverBaseItem.lua
216879,Mysterious Troll Scroll,questiedb-foreverBaseItem.lua
216880,Deciphered Troll Scroll,questiedb-foreverBaseItem.lua
216956,Torn Letter,questiedb-foreverBaseItem.lua
217014,Supply Bag,questiedb-foreverBaseItem.lua
217161,Torn Mystical Scroll,questiedb-foreverBaseItem.lua
217270,Turtle Scale Gloves,wowhead_forever_gearplanner.txt
217273,Golden Scale Gauntlets,wowhead_forever_gearplanner.txt
217287,Greater Mystic Wand,wowhead_forever_gearplanner.txt
217308,Enchanted Sigil: Innovation,questiedb-foreverBaseItem.lua
217314,Moonsight Rifle,wowhead_forever_gearplanner.txt
217315,Precision Bow,wowhead_forever_gearplanner.txt
217336,Monster - Incubus Whip Mace1H,wowhead_forever_gearplanner.txt
217337,Supply Shipment,questiedb-foreverBaseItem.lua
217338,Supply Shipment,questiedb-foreverBaseItem.lua
217339,Supply Shipment,questiedb-foreverBaseItem.lua
217398,Lesser Arcane Elixir,questiedb-foreverBaseItem.lua
217495,Scroll of Cryoblast,questiedb-foreverBaseItem.lua
217496,Scroll of the Blade,questiedb-foreverBaseItem.lua
217693,Invisibility Potion,questiedb-foreverBaseItem.lua
217736,Rune of the Coterie,questiedb-foreverBaseItem.lua
219345,Infernal Lasso,wowhead_forever_gearplanner.txt
219399,Nightmare Moss,questiedb-foreverBaseItem.lua
219401,Cold Iron Ore,questiedb-foreverBaseItem.lua
219402,Dream-Touched Dragonscale,questiedb-foreverBaseItem.lua
219444,Dreamroot,questiedb-foreverBaseItem.lua
219445,Fool's Gold Dust,questiedb-foreverBaseItem.lua
219446,Dream-Infused Dragonscale,questiedb-foreverBaseItem.lua
219454,Star Lotus,questiedb-foreverBaseItem.lua
219486,Starsilver Ore,questiedb-foreverBaseItem.lua
219487,Starshell,questiedb-foreverBaseItem.lua
219514,Moonroot,questiedb-foreverBaseItem.lua
219515,Greater Moonstone,questiedb-foreverBaseItem.lua
219517,Moondragon Scale,questiedb-foreverBaseItem.lua
219927,Emerald Chip,questiedb-foreverBaseItem.lua
219935,Kajind's Blade,questiedb-foreverBaseItem.lua
220164,Rune of the Gladiator,questiedb-foreverBaseItem.lua
220217,Rune of the Ravenous,questiedb-foreverBaseItem.lua
220351,Murky Air Sapta,questiedb-foreverBaseItem.lua
220360,Rune of Efflorescence,questiedb-foreverBaseItem.lua
220446,Otherworldly Treasure,questiedb-foreverBaseItem.lua
220606,Idol of the Dream,questiedb-foreverBaseItem.lua
220775,Engineering Exchange Ticket,questiedb-foreverBaseItem.lua
220792,Scroll of Spatial Mending,questiedb-foreverBaseItem.lua
220794,Knight's Plate Hauberk,wowhead_forever_gearplanner.txt
220795,Knight-Lieutenant's Plate Pauldrons,wowhead_forever_gearplanner.txt
220796,Blood Guard's Plate Pauldrons,wowhead_forever_gearplanner.txt
220797,Knight's Plate Leggings,wowhead_forever_gearplanner.txt
220798,Stone Guard's Plate Leggings,wowhead_forever_gearplanner.txt
220799,Sergeant Major's Plate Greaves,wowhead_forever_gearplanner.txt
220800,First Sergeant's Plate Greaves,wowhead_forever_gearplanner.txt
220801,Stone Guard's Plate Armor,wowhead_forever_gearplanner.txt
220803,Blood Guard's Plate Helm,wowhead_forever_gearplanner.txt
220804,Knight-Lieutenant's Plate Helm,wowhead_forever_gearplanner.txt
220806,Sergeant Major's Plate Gauntlets,wowhead_forever_gearplanner.txt
220807,First Sergeant's Plate Gauntlets,wowhead_forever_gearplanner.txt
220808,Knight-Lieutenant's Imbued Pauldrons,wowhead_forever_gearplanner.txt
220809,Knight's Imbued Leggings,wowhead_forever_gearplanner.txt
220810,Knight-Lieutenant's Imbued Helmet,wowhead_forever_gearplanner.txt
220811,Sergeant Major's Imbued Greaves,wowhead_forever_gearplanner.txt
220812,Sergeant Major's Imbued Gauntlets,wowhead_forever_gearplanner.txt
220813,Knight's Imbued Armor,wowhead_forever_gearplanner.txt
220814,Sergeant Major's Lamellar Boots,wowhead_forever_gearplanner.txt
220815,Knight's Lamellar Chestplate,wowhead_forever_gearplanner.txt
220816,Knight's Lamellar Legplates,wowhead_forever_gearplanner.txt
220817,Sergeant Major's Lamellar Gauntlets,wowhead_forever_gearplanner.txt
220818,Knight-Lieutenant's Lamellar Pauldrons,wowhead_forever_gearplanner.txt
220819,Knight-Lieutenant's Lamellar Helm,wowhead_forever_gearplanner.txt
220820,Blood Guard's Mail Helmet,wowhead_forever_gearplanner.txt
220821,Blood Guard's Chain Helmet,wowhead_forever_gearplanner.txt
220822,Knight-Lieutenant's Chain Helmet,wowhead_forever_gearplanner.txt
220823,Blood Guard's Mail Epaulets,wowhead_forever_gearplanner.txt
220824,Blood Guard's Chain Epaulets,wowhead_forever_gearplanner.txt
220825,Knight-Lieutenant's Chain Epaulets,wowhead_forever_gearplanner.txt
220826,Stone Guard's Mail Armor,wowhead_forever_gearplanner.txt
220827,Stone Guard's Chain Armor,wowhead_forever_gearplanner.txt
220828,Knight's Chain Armor,wowhead_forever_gearplanner.txt
220829,Sergeant Major's Chain Gauntlets,wowhead_forever_gearplanner.txt
220830,First Sergeant's Chain Gauntlets,wowhead_forever_gearplanner.txt
220831,First Sergeant's Mail Gauntlets,wowhead_forever_gearplanner.txt
220832,Knight's Chain Legplates,wowhead_forever_gearplanner.txt
220833,Stone Guard's Chain Legplates,wowhead_forever_gearplanner.txt
220834,Stone Guard's Mail Legplates,wowhead_forever_gearplanner.txt
220835,First Sergeant's Mail Sabatons,wowhead_forever_gearplanner.txt
220836,First Sergeant's Chain Sabatons,wowhead_forever_gearplanner.txt
220837,Sergeant Major's Chain Sabatons,wowhead_forever_gearplanner.txt
220838,Stone Guard's Inscribed Chestpiece,wowhead_forever_gearplanner.txt
220839,Stone Guard's Inscribed Legplates,wowhead_forever_gearplanner.txt
220840,First Sergeant's Inscribed Sabatons,wowhead_forever_gearplanner.txt
220841,Blood Guard's Inscribed Shoulder Pads,wowhead_forever_gearplanner.txt
220842,Blood Guard's Inscribed Skullcap,wowhead_forever_gearplanner.txt
220843,First Sergeant's Inscribed Gauntlets,wowhead_forever_gearplanner.txt
220844,Stone Guard's Pulsing Breastplate,wowhead_forever_gearplanner.txt
220845,First Sergeant's Pulsing Gauntlets,wowhead_forever_gearplanner.txt
220846,First Sergeant's Pulsing Greaves,wowhead_forever_gearplanner.txt
220847,Stone Guard's Pulsing Legplates,wowhead_forever_gearplanner.txt
220848,Blood Guard's Pulsing Helmet,wowhead_forever_gearplanner.txt
220849,Blood Guard's Pulsing Shoulders,wowhead_forever_gearplanner.txt
220850,Knight-Lieutenant's Leather Headband,wowhead_forever_gearplanner.txt
220851,Blood Guard's Leather Headband,wowhead_forever_gearplanner.txt
220852,Knight-Lieutenant's Leather Shoulders,wowhead_forever_gearplanner.txt
220853,Blood Guard's Leather Shoulders,wowhead_forever_gearplanner.txt
220854,Knight's Leather Armor,wowhead_forever_gearplanner.txt
220855,Stone Guard's Leather Armor,wowhead_forever_gearplanner.txt
220856,Sergeant Major's Leather Gauntlets,wowhead_forever_gearplanner.txt
220857,First Sergeant's Leather Gauntlets,wowhead_forever_gearplanner.txt
220858,Knight's Leather Pants,wowhead_forever_gearplanner.txt
220859,Stone Guard's Leather Pants,wowhead_forever_gearplanner.txt
220860,Sergeant Major's Leather Boots,wowhead_forever_gearplanner.txt
220861,First Sergeant's Leather Boots,wowhead_forever_gearplanner.txt
220862,Sergeant Major's Crackling Leather Boots,wowhead_forever_gearplanner.txt
220863,First Sergeant's Crackling Leather Boots,wowhead_forever_gearplanner.txt
220864,Knight's Crackling Leather Leggings,wowhead_forever_gearplanner.txt
220865,Stone Guard's Crackling Leather Leggings,wowhead_forever_gearplanner.txt
220866,Sergeant Major's Crackling Leather Gauntlets,wowhead_forever_gearplanner.txt
220867,First Sergeant's Crackling Leather Gauntlets,wowhead_forever_gearplanner.txt
220868,Knight's Crackling Leather Tunic,wowhead_forever_gearplanner.txt
220869,Stone Guard's Crackling Leather Tunic,wowhead_forever_gearplanner.txt
220870,Knight-Lieutenant's Crackling Leather Spaulders,wowhead_forever_gearplanner.txt
220871,Blood Guard's Crackling Leather Spaulders,wowhead_forever_gearplanner.txt
220872,Knight-Lieutenant's Crackling Leather Helmet,wowhead_forever_gearplanner.txt
220873,Blood Guard's Crackling Leather Helmet,wowhead_forever_gearplanner.txt
220874,Knight-Lieutenant's Restored Leather Helm,wowhead_forever_gearplanner.txt
220875,Blood Guard's Restored Leather Helm,wowhead_forever_gearplanner.txt
220876,Knight-Lieutenant's Restored Leather Spaulders,wowhead_forever_gearplanner.txt
220877,Blood Guard's Restored Leather Spaulders,wowhead_forever_gearplanner.txt
220878,Knight's Restored Leather Jerkin,wowhead_forever_gearplanner.txt
220879,Stone Guard's Restored Leather Jerkin,wowhead_forever_gearplanner.txt
220880,Sergeant Major's Restored Leather Gloves,wowhead_forever_gearplanner.txt
220881,First Sergeant's Restored Leather Gloves,wowhead_forever_gearplanner.txt
220882,Knight's Restored Leather Leggings,wowhead_forever_gearplanner.txt
220883,Stone Guard's Restored Leather Leggings,wowhead_forever_gearplanner.txt
220884,Sergeant Major's Restored Leather Boots,wowhead_forever_gearplanner.txt
220885,First Sergeant's Restored Leather Boots,wowhead_forever_gearplanner.txt
220886,Knight's Dreadweave Vest,wowhead_forever_gearplanner.txt
220887,Knight-Lieutenant's Dreadweave Mantle,wowhead_forever_gearplanner.txt
220888,Knight's Dreadweave Leggings,wowhead_forever_gearplanner.txt
220889,Knight-Lieutenant's Dreadweave Hat,wowhead_forever_gearplanner.txt
220890,Sergeant Major's Dreadweave Gloves,wowhead_forever_gearplanner.txt
220891,Sergeant Major's Dreadweave Boots,wowhead_forever_gearplanner.txt
220892,Knight's Satin Armor,wowhead_forever_gearplanner.txt
220893,Knight's Satin Leggings,wowhead_forever_gearplanner.txt
220894,Knight-Lieutenant's Satin Pads,wowhead_forever_gearplanner.txt
220895,Sergeant Major's Satin Boots,wowhead_forever_gearplanner.txt
220896,Knight-Lieutenant's Satin Cover,wowhead_forever_gearplanner.txt
220897,Sergeant Major's Satin Gloves,wowhead_forever_gearplanner.txt
220898,First Sergeant's Satin Gloves,wowhead_forever_gearplanner.txt
220899,Blood Guard's Satin Cover,wowhead_forever_gearplanner.txt
220900,First Sergeant's Satin Boots,wowhead_forever_gearplanner.txt
220901,Blood Guard's Satin Pads,wowhead_forever_gearplanner.txt
220902,Stone Guard's Satin Leggings,wowhead_forever_gearplanner.txt
220903,Stone Guard's Satin Armor,wowhead_forever_gearplanner.txt
220904,Stone Guard's Dreadweave Vest,wowhead_forever_gearplanner.txt
220905,Blood Guard's Dreadweave Mantle,wowhead_forever_gearplanner.txt
220906,Stone Guard's Dreadweave Leggings,wowhead_forever_gearplanner.txt
220907,Blood Guard's Dreadweave Hat,wowhead_forever_gearplanner.txt
220908,First Sergeant's Dreadweave Gloves,wowhead_forever_gearplanner.txt
220909,First Sergeant's Dreadweave Boots,wowhead_forever_gearplanner.txt
220915,Idol of the Raging Shambler,wowhead_forever_gearplanner.txt
220918,Waylaid Supplies: Undermine Clam Chowder,questiedb-foreverBaseItem.lua
220919,Waylaid Supplies: Nightfin Soup,questiedb-foreverBaseItem.lua
220920,Waylaid Supplies: Tender Wolf Steaks,questiedb-foreverBaseItem.lua
220921,Waylaid Supplies: Heavy Mageweave Bandages,questiedb-foreverBaseItem.lua
220922,Waylaid Supplies: Sungrass,questiedb-foreverBaseItem.lua
220923,Waylaid Supplies: Dreamfoil,questiedb-foreverBaseItem.lua
220924,Waylaid Supplies: Truesilver Bars,questiedb-foreverBaseItem.lua
220925,Waylaid Supplies: Thorium Bars,questiedb-foreverBaseItem.lua
220926,Waylaid Supplies: Rugged Leather,questiedb-foreverBaseItem.lua
220927,Waylaid Supplies: Thick Hide,questiedb-foreverBaseItem.lua
220928,Waylaid Supplies: Enchanted Thorium Bars,questiedb-foreverBaseItem.lua
220929,Waylaid Supplies: Superior Mana Potions,questiedb-foreverBaseItem.lua
220930,Waylaid Supplies: Major Healing Potions,questiedb-foreverBaseItem.lua
220931,Waylaid Supplies: Hi-Explosive Bombs,questiedb-foreverBaseItem.lua
220932,Waylaid Supplies: Thorium Grenades,questiedb-foreverBaseItem.lua
220933,Waylaid Supplies: Thorium Rifles,questiedb-foreverBaseItem.lua
220934,Waylaid Supplies: Mithril Coifs,questiedb-foreverBaseItem.lua
220935,Waylaid Supplies: Thorium Belts,questiedb-foreverBaseItem.lua
220936,Waylaid Supplies: Truesilver Gauntlets,questiedb-foreverBaseItem.lua
220937,Waylaid Supplies: Rugged Armor Kits,questiedb-foreverBaseItem.lua
220938,Waylaid Supplies: Wicked Leather Bracers,questiedb-foreverBaseItem.lua
220939,Waylaid Supplies: Runic Leather Bracers,questiedb-foreverBaseItem.lua
220940,Waylaid Supplies: Black Mageweave Headbands,questiedb-foreverBaseItem.lua
220941,Waylaid Supplies: Runecloth Belts,questiedb-foreverBaseItem.lua
220942,Waylaid Supplies: Tuxedo Shirts,questiedb-foreverBaseItem.lua
221008,Supply Shipment,questiedb-foreverBaseItem.lua
221009,Supply Shipment,questiedb-foreverBaseItem.lua
221010,Supply Shipment,questiedb-foreverBaseItem.lua
221199,Satyrweed Tincture,questiedb-foreverBaseItem.lua
221262,Wild Offering,questiedb-foreverBaseItem.lua
221315,Traveler's Symbols,questiedb-foreverBaseItem.lua
221316,Premo's Poise-Demanding Uniform,wowhead_forever_gearplanner.txt
221317,Feralas Leycryst,questiedb-foreverBaseItem.lua
221318,Azshara Leycryst,questiedb-foreverBaseItem.lua
221319,Blackrock Leycryst,questiedb-foreverBaseItem.lua
221320,Hinterlands Leycryst,questiedb-foreverBaseItem.lua
221324,Brittle Key,questiedb-foreverBaseItem.lua
221344,Personal Spellbook,wowhead_forever_gearplanner.txt
221347,Murky Fire Sapta,questiedb-foreverBaseItem.lua
221348,Murky Water Sapta,questiedb-foreverBaseItem.lua
221349,Murky Earth Sapta,questiedb-foreverBaseItem.lua
221418,Agamaggan's Roar,questiedb-foreverBaseItem.lua
221491,Shadowtooth Bag,questiedb-foreverBaseItem.lua
221497,Old Key,questiedb-foreverBaseItem.lua
221498,Old Toolbox,questiedb-foreverBaseItem.lua
221518,Whisper,questiedb-foreverBaseItem.lua
221545,Deciphered Warlock Notes,questiedb-foreverBaseItem.lua
221547,Coded Warlock Notes,questiedb-foreverBaseItem.lua
221549,Wastewander Cipher,questiedb-foreverBaseItem.lua
221976,Diseased Nature Staff,questiedb-foreverBaseItem.lua
222962,Hyjal's Wisdom,questiedb-foreverBaseItem.lua
223073,Knight-Lieutenant's Mail Epaulets,wowhead_forever_gearplanner.txt
223074,Knight's Mail Legplates,wowhead_forever_gearplanner.txt
223075,Knight-Lieutenant's Mail Helmet,wowhead_forever_gearplanner.txt
223076,Sergeant Major's Mail Gauntlets,wowhead_forever_gearplanner.txt
223077,Sergeant Major's Mail Sabatons,wowhead_forever_gearplanner.txt
223078,Knight's Mail Armor,wowhead_forever_gearplanner.txt
223148,Otherworldly Treasure,questiedb-foreverBaseItem.lua
223149,Otherworldly Treasure,questiedb-foreverBaseItem.lua
223150,Otherworldly Treasure,questiedb-foreverBaseItem.lua
223151,Otherworldly Treasure,questiedb-foreverBaseItem.lua
223168,Worldcore Fragment,questiedb-foreverBaseItem.lua
223171,Scroll of Geomancy,questiedb-foreverBaseItem.lua
223173,Hidden Belt (DNT),questiedb-foreverBaseItem.lua
223174,Hidden Boots (DNT),questiedb-foreverBaseItem.lua
223175,Hidden Cloak (DNT),questiedb-foreverBaseItem.lua
223177,Hidden Helm (DNT),questiedb-foreverBaseItem.lua
223178,Hidden Bracers (DNT),questiedb-foreverBaseItem.lua
223180,Hidden Gloves (DNT),questiedb-foreverBaseItem.lua
223181,Hidden Shoulders (DNT),questiedb-foreverBaseItem.lua
223182,Hidden Pants (DNT),questiedb-foreverBaseItem.lua
223183,Hidden Chest (DNT),questiedb-foreverBaseItem.lua
223323,Shirt,wowhead_forever_gearplanner.txt
223912,Purification Potion,questiedb-foreverBaseItem.lua
223913,Major Healing Potion,questiedb-foreverBaseItem.lua
223914,Greater Healing Potion,questiedb-foreverBaseItem.lua
224806,Legion Portal Tuner,questiedb-foreverBaseItem.lua
224836,Otherworldly Treasure,questiedb-foreverBaseItem.lua
224848,Otherworldly Treasure,questiedb-foreverBaseItem.lua
224849,Otherworldly Treasure,questiedb-foreverBaseItem.lua
224850,Otherworldly Treasure,questiedb-foreverBaseItem.lua
224851,Otherworldly Treasure,questiedb-foreverBaseItem.lua
224893,Overcharged Portal Tuner,questiedb-foreverBaseItem.lua
224912,Portal Tuner Tuner,questiedb-foreverBaseItem.lua
225838,Voltaic Icon,wowhead_forever_gearplanner.txt
226526,Busted Gizmo,questiedb-foreverBaseItem.lua
226546,Desert Sonar,wowhead_forever_gearplanner.txt
226678,Premonition and Combat Foresight,questiedb-foreverBaseItem.lua
226679,Timeless Wanderer's Insights,questiedb-foreverBaseItem.lua
226680,Rune of the First Warrior,questiedb-foreverBaseItem.lua
226698,Vertically Composited Patch Hampler,questiedb-foreverBaseItem.lua
226699,Brass-fitted Flam-Tamp Flange,questiedb-foreverBaseItem.lua
226772,Feralheart Sash,wowhead_forever_gearplanner.txt
226773,Feralheart Cowl,wowhead_forever_gearplanner.txt
226774,Feralheart Galoshes,wowhead_forever_gearplanner.txt
226775,Feralheart Wraps,wowhead_forever_gearplanner.txt
226776,Feralheart Vest,wowhead_forever_gearplanner.txt
226777,Feralheart Hands,wowhead_forever_gearplanner.txt
226778,Feralheart Spaulders,wowhead_forever_gearplanner.txt
226779,Feralheart Kilt,wowhead_forever_gearplanner.txt
226780,Feralheart Cord,wowhead_forever_gearplanner.txt
226781,Feralheart Sandals,wowhead_forever_gearplanner.txt
226782,Feralheart Bindings,wowhead_forever_gearplanner.txt
226783,Feralheart Embrace,wowhead_forever_gearplanner.txt
226784,Feralheart Gauntlets,wowhead_forever_gearplanner.txt
226785,Feralheart Mantle,wowhead_forever_gearplanner.txt
226786,Feralheart Headdress,wowhead_forever_gearplanner.txt
226787,Feralheart Pants,wowhead_forever_gearplanner.txt
226788,Feralheart Bands,wowhead_forever_gearplanner.txt
226789,Feralheart Girdle,wowhead_forever_gearplanner.txt
226790,Feralheart Epaulets,wowhead_forever_gearplanner.txt
226791,Feralheart Trousers,wowhead_forever_gearplanner.txt
226792,Feralheart Cap,wowhead_forever_gearplanner.txt
226793,Feralheart Fists,wowhead_forever_gearplanner.txt
226794,Feralheart Walkers,wowhead_forever_gearplanner.txt
226795,Feralheart Tunic,wowhead_forever_gearplanner.txt
226796,Feralheart Wristguards,wowhead_forever_gearplanner.txt
226797,Feralheart Waistguard,wowhead_forever_gearplanner.txt
226798,Feralheart Pauldrons,wowhead_forever_gearplanner.txt
226799,Feralheart Legguards,wowhead_forever_gearplanner.txt
226801,Feralheart Faceguard,wowhead_forever_gearplanner.txt
226802,Feralheart Grips,wowhead_forever_gearplanner.txt
226803,Feralheart Treads,wowhead_forever_gearplanner.txt
226804,Feralheart Armor,wowhead_forever_gearplanner.txt
226825,Darkmantle Tunic,wowhead_forever_gearplanner.txt
226826,Darkmantle Spaulders,wowhead_forever_gearplanner.txt
226827,Darkmantle Pants,wowhead_forever_gearplanner.txt
226828,Darkmantle Grips,wowhead_forever_gearplanner.txt
226829,Darkmantle Cap,wowhead_forever_gearplanner.txt
226830,Darkmantle Bracers,wowhead_forever_gearplanner.txt
226831,Darkmantle Footpads,wowhead_forever_gearplanner.txt
226832,Darkmantle Belt,wowhead_forever_gearplanner.txt
226857,Battleboots of Heroism,wowhead_forever_gearplanner.txt
226858,Spaulders of Heroism,wowhead_forever_gearplanner.txt
226859,Legplates of Heroism,wowhead_forever_gearplanner.txt
226860,Crown of Heroism,wowhead_forever_gearplanner.txt
226861,Gauntlets of Heroism,wowhead_forever_gearplanner.txt
226862,Breastplate of Heroism,wowhead_forever_gearplanner.txt
226863,Bracers of Heroism,wowhead_forever_gearplanner.txt
226864,Belt of Heroism,wowhead_forever_gearplanner.txt
226865,Wristguards of Heroism,wowhead_forever_gearplanner.txt
226866,Waistguard of Heroism,wowhead_forever_gearplanner.txt
226867,Pauldrons of Heroism,wowhead_forever_gearplanner.txt
226868,Legguards of Heroism,wowhead_forever_gearplanner.txt
226869,Faceguard of Heroism,wowhead_forever_gearplanner.txt
226870,Handguards of Heroism,wowhead_forever_gearplanner.txt
226871,Sabatons of Heroism,wowhead_forever_gearplanner.txt
226872,Chestguard of Heroism,wowhead_forever_gearplanner.txt
226881,Beastmaster's Treads,wowhead_forever_gearplanner.txt
226882,Beastmaster's Pants,wowhead_forever_gearplanner.txt
226883,Beastmaster's Gauntlets,wowhead_forever_gearplanner.txt
226884,Beastmaster's Mantle,wowhead_forever_gearplanner.txt
226885,Beastmaster's Bindings,wowhead_forever_gearplanner.txt
226886,Beastmaster's Tunic,wowhead_forever_gearplanner.txt
226887,Beastmaster's Cap,wowhead_forever_gearplanner.txt
226888,Beastmaster's Belt,wowhead_forever_gearplanner.txt
226905,Deathmist Belt,wowhead_forever_gearplanner.txt
226906,Deathmist Robe,wowhead_forever_gearplanner.txt
226907,Deathmist Bracers,wowhead_forever_gearplanner.txt
226908,Deathmist Sandals,wowhead_forever_gearplanner.txt
226909,Deathmist Mask,wowhead_forever_gearplanner.txt
226910,Deathmist Leggings,wowhead_forever_gearplanner.txt
226911,Deathmist Wraps,wowhead_forever_gearplanner.txt
226912,Deathmist Mantle,wowhead_forever_gearplanner.txt
226929,Sorcerer's Bindings,wowhead_forever_gearplanner.txt
226930,Sorcerer's Gauntlets,wowhead_forever_gearplanner.txt
226931,Sorcerer's Sandals,wowhead_forever_gearplanner.txt
226932,Sorcerer's Robes,wowhead_forever_gearplanner.txt
226933,Sorcerer's Leggings,wowhead_forever_gearplanner.txt
226934,Sorcerer's Belt,wowhead_forever_gearplanner.txt
226935,Sorcerer's Crown,wowhead_forever_gearplanner.txt
226936,Sorcerer's Mantle,wowhead_forever_gearplanner.txt
226945,Virtuous Robe,wowhead_forever_gearplanner.txt
226946,Virtuous Skirt,wowhead_forever_gearplanner.txt
226947,Virtuous Crown,wowhead_forever_gearplanner.txt
226948,Virtuous Belt,wowhead_forever_gearplanner.txt
226949,Virtuous Bracers,wowhead_forever_gearplanner.txt
226950,Virtuous Mitts,wowhead_forever_gearplanner.txt
226951,Virtuous Mantle,wowhead_forever_gearplanner.txt
226952,Virtuous Sandals,wowhead_forever_gearplanner.txt
226953,Virtuous Wraps,wowhead_forever_gearplanner.txt
226954,Virtuous Cord,wowhead_forever_gearplanner.txt
226955,Virtuous Epaulets,wowhead_forever_gearplanner.txt
226956,Virtuous Leggings,wowhead_forever_gearplanner.txt
226957,Virtuous Cowl,wowhead_forever_gearplanner.txt
226958,Virtuous Hands,wowhead_forever_gearplanner.txt
226959,Virtuous Slippers,wowhead_forever_gearplanner.txt
226960,Virtuous Gown,wowhead_forever_gearplanner.txt
226969,Soulforge Spaulders,wowhead_forever_gearplanner.txt
226970,Soulforge Bracers,wowhead_forever_gearplanner.txt
226971,Soulforge Belt,wowhead_forever_gearplanner.txt
226972,Soulforge Legplates,wowhead_forever_gearplanner.txt
226973,Soulforge Breastplate,wowhead_forever_gearplanner.txt
226974,Soulforge Warboots,wowhead_forever_gearplanner.txt
226975,Soulforge Gauntlets,wowhead_forever_gearplanner.txt
226976,Soulforge Greathelm,wowhead_forever_gearplanner.txt
226977,Soulforge Bindings,wowhead_forever_gearplanner.txt
226978,Soulforge Cord,wowhead_forever_gearplanner.txt
226979,Soulforge Epaulets,wowhead_forever_gearplanner.txt
226980,Soulforge Leggings,wowhead_forever_gearplanner.txt
226981,Soulforge Crown,wowhead_forever_gearplanner.txt
226982,Soulforge Fists,wowhead_forever_gearplanner.txt
226983,Soulforge Treads,wowhead_forever_gearplanner.txt
226984,Soulforge Embrace,wowhead_forever_gearplanner.txt
226985,Soulforge Wristguards,wowhead_forever_gearplanner.txt
226986,Soulforge Waistguard,wowhead_forever_gearplanner.txt
226987,Soulforge Pauldrons,wowhead_forever_gearplanner.txt
226988,Soulforge Legguards,wowhead_forever_gearplanner.txt
226989,Soulforge Faceguard,wowhead_forever_gearplanner.txt
226990,Soulforge Handguards,wowhead_forever_gearplanner.txt
226991,Soulforge Sabatons,wowhead_forever_gearplanner.txt
226992,Soulforge Chestguards,wowhead_forever_gearplanner.txt
227001,Bindings of The Five Thunders,wowhead_forever_gearplanner.txt
227002,Coif of The Five Thunders,wowhead_forever_gearplanner.txt
227003,Pauldrons of The Five Thunders,wowhead_forever_gearplanner.txt
227004,Vest of The Five Thunders,wowhead_forever_gearplanner.txt
227005,Kilt of The Five Thunders,wowhead_forever_gearplanner.txt
227006,Gauntlets of The Five Thunders,wowhead_forever_gearplanner.txt
227007,Slippers of The Five Thunders,wowhead_forever_gearplanner.txt
227008,Cord of The Five Thunders,wowhead_forever_gearplanner.txt
227009,Bracers of The Five Thunders,wowhead_forever_gearplanner.txt
227010,Sash of The Five Thunders,wowhead_forever_gearplanner.txt
227011,Mantle of The Five Thunders,wowhead_forever_gearplanner.txt
227012,Leggings of The Five Thunders,wowhead_forever_gearplanner.txt
227013,Crown of The Five Thunders,wowhead_forever_gearplanner.txt
227014,Grasp of The Five Thunders,wowhead_forever_gearplanner.txt
227015,Greaves of The Five Thunders,wowhead_forever_gearplanner.txt
227016,Tunic of The Five Thunders,wowhead_forever_gearplanner.txt
227017,Bands of The Five Thunders,wowhead_forever_gearplanner.txt
227018,Girdle of The Five Thunders,wowhead_forever_gearplanner.txt
227019,Spaulders of The Five Thunders,wowhead_forever_gearplanner.txt
227020,Legplates of The Five Thunders,wowhead_forever_gearplanner.txt
227021,Face of The Five Thunders,wowhead_forever_gearplanner.txt
227022,Fists of The Five Thunders,wowhead_forever_gearplanner.txt
227023,Treads of The Five Thunders,wowhead_forever_gearplanner.txt
227024,Chain of The Five Thunders,wowhead_forever_gearplanner.txt
227042,Champion's Plate Shoulders,wowhead_forever_gearplanner.txt
227043,Champion's Plate Helm,wowhead_forever_gearplanner.txt
227044,Lieutenant Commander's Plate Helm,wowhead_forever_gearplanner.txt
227045,Lieutenant Commander's Plate Shoulders,wowhead_forever_gearplanner.txt
227046,Knight-Captain's Plate Hauberk,wowhead_forever_gearplanner.txt
227047,Knight-Captain's Plate Leggings,wowhead_forever_gearplanner.txt
227048,Legionnaire's Plate Leggings,wowhead_forever_gearplanner.txt
227049,Legionnaire's Plate Hauberk,wowhead_forever_gearplanner.txt
227050,Blood Guard's Plate Gauntlets,wowhead_forever_gearplanner.txt
227051,Blood Guard's Plate Greaves,wowhead_forever_gearplanner.txt
227052,Knight-Lieutenant's Plate Greaves,wowhead_forever_gearplanner.txt
227053,Knight-Lieutenant's Plate Gauntlets,wowhead_forever_gearplanner.txt
227054,Lieutenant Commander's Leather Shoulders,wowhead_forever_gearplanner.txt
227055,Lieutenant Commander's Leather Helm,wowhead_forever_gearplanner.txt
227056,Champion's Leather Shoulders,wowhead_forever_gearplanner.txt
227057,Champion's Leather Helm,wowhead_forever_gearplanner.txt
227058,Knight-Captain's Leather Chestpiece,wowhead_forever_gearplanner.txt
227059,Legionnaire's Leather Legguards,wowhead_forever_gearplanner.txt
227060,Legionnaire's Leather Chestpiece,wowhead_forever_gearplanner.txt
227061,Knight-Captain's Leather Legguards,wowhead_forever_gearplanner.txt
227062,Blood Guard's Leather Walkers,wowhead_forever_gearplanner.txt
227063,Blood Guard's Leather Grips,wowhead_forever_gearplanner.txt
227064,Knight-Lieutenant's Leather Walkers,wowhead_forever_gearplanner.txt
227065,Knight-Lieutenant's Leather Grips,wowhead_forever_gearplanner.txt
227066,Lieutenant Commander's Chain Helm,wowhead_forever_gearplanner.txt
227067,Champion's Chain Helm,wowhead_forever_gearplanner.txt
227068,Lieutenant Commander's Chain Shoulders,wowhead_forever_gearplanner.txt
227069,Champion's Chain Shoulders,wowhead_forever_gearplanner.txt
227070,Knight-Captain's Chain Hauberk,wowhead_forever_gearplanner.txt
227071,Legionnaire's Chain Hauberk,wowhead_forever_gearplanner.txt
227072,Knight-Captain's Chain Legguards,wowhead_forever_gearplanner.txt
227073,Legionnaire's Chain Legguards,wowhead_forever_gearplanner.txt
227074,Blood Guard's Chain Greaves,wowhead_forever_gearplanner.txt
227075,Blood Guard's Chain Vices,wowhead_forever_gearplanner.txt
227076,Knight-Lieutenant's Chain Greaves,wowhead_forever_gearplanner.txt
227077,Knight-Lieutenant's Chain Vices,wowhead_forever_gearplanner.txt
227078,Champion's Chain Pauldrons,wowhead_forever_gearplanner.txt
227079,Legionnaire's Chain Legplates,wowhead_forever_gearplanner.txt
227080,Champion's Chain Greathelm,wowhead_forever_gearplanner.txt
227081,Blood Guard's Chain Grips,wowhead_forever_gearplanner.txt
227082,Blood Guard's Chain Sabatons,wowhead_forever_gearplanner.txt
227083,Legionnaire's Chain Armor,wowhead_forever_gearplanner.txt
227084,Lieutenant Commander's Chain Pauldrons,wowhead_forever_gearplanner.txt
227085,Knight-Captain's Chain Legplates,wowhead_forever_gearplanner.txt
227086,Lieutenant Commander's Chain Greathelm,wowhead_forever_gearplanner.txt
227087,Knight-Lieutenant's Chain Grips,wowhead_forever_gearplanner.txt
227088,Knight-Lieutenant's Chain Sabatons,wowhead_forever_gearplanner.txt
227089,Knight-Captain's Chain Armor,wowhead_forever_gearplanner.txt
227090,Champion's Dreadweave Cowl,wowhead_forever_gearplanner.txt
227091,Lieutenant Commander's Dreadweave Spaulders,wowhead_forever_gearplanner.txt
227092,Champion's Dreadweave Spaulders,wowhead_forever_gearplanner.txt
227093,Lieutenant Commander's Dreadweave Cowl,wowhead_forever_gearplanner.txt
227094,Legionnaire's Dreadweave Tunic,wowhead_forever_gearplanner.txt
227095,Knight-Captain's Dreadweave Legguards,wowhead_forever_gearplanner.txt
227096,Knight-Captain's Dreadweave Tunic,wowhead_forever_gearplanner.txt
227097,Legionnaire's Dreadweave Legguards,wowhead_forever_gearplanner.txt
227098,Blood Guard's Dreadweave Walkers,wowhead_forever_gearplanner.txt
227099,Blood Guard's Dreadweave Handwraps,wowhead_forever_gearplanner.txt
227100,Knight-Lieutenant's Dreadweave Handwraps,wowhead_forever_gearplanner.txt
227101,Knight-Lieutenant's Dreadweave Walkers,wowhead_forever_gearplanner.txt
227102,Lieutenant Commander's Silk Mantle,wowhead_forever_gearplanner.txt
227103,Lieutenant Commander's Silk Cowl,wowhead_forever_gearplanner.txt
227104,Champion's Silk Mantle,wowhead_forever_gearplanner.txt
227105,Champion's Silk Cowl,wowhead_forever_gearplanner.txt
227106,Legionnaire's Silk Tunic,wowhead_forever_gearplanner.txt
227107,Legionnaire's Silk Legguards,wowhead_forever_gearplanner.txt
227108,Knight-Captain's Silk Tunic,wowhead_forever_gearplanner.txt
227109,Knight-Captain's Silk Legguards,wowhead_forever_gearplanner.txt
227110,Blood Guard's Silk Walkers,wowhead_forever_gearplanner.txt
227111,Blood Guard's Silk Handwraps,wowhead_forever_gearplanner.txt
227112,Knight-Lieutenant's Silk Walkers,wowhead_forever_gearplanner.txt
227113,Knight-Lieutenant's Silk Handwraps,wowhead_forever_gearplanner.txt
227114,Knight-Lieutenant's Silk Gauntlets,wowhead_forever_gearplanner.txt
227115,Blood Guard's Silk Gauntlets,wowhead_forever_gearplanner.txt
227118,Champion's Satin Hood,wowhead_forever_gearplanner.txt
227119,Lieutenant Commander's Satin Mantle,wowhead_forever_gearplanner.txt
227120,Champion's Satin Mantle,wowhead_forever_gearplanner.txt
227121,Lieutenant Commander's Satin Hood,wowhead_forever_gearplanner.txt
227122,Knight-Captain's Satin Tunic,wowhead_forever_gearplanner.txt
227123,Legionnaire's Satin Legguards,wowhead_forever_gearplanner.txt
227124,Legionnaire's Satin Tunic,wowhead_forever_gearplanner.txt
227125,Knight-Captain's Satin Legguards,wowhead_forever_gearplanner.txt
227126,Blood Guard's Satin Handwraps,wowhead_forever_gearplanner.txt
227127,Blood Guard's Satin Walkers,wowhead_forever_gearplanner.txt
227128,Knight-Lieutenant's Satin Handwraps,wowhead_forever_gearplanner.txt
227129,Knight-Lieutenant's Satin Walkers,wowhead_forever_gearplanner.txt
227130,Champion's Satin Epaulets,wowhead_forever_gearplanner.txt
227131,Legionnaire's Satin Leggings,wowhead_forever_gearplanner.txt
227132,Champion's Satin Crown,wowhead_forever_gearplanner.txt
227133,Blood Guard's Satin Grips,wowhead_forever_gearplanner.txt
227134,Blood Guard's Satin Treads,wowhead_forever_gearplanner.txt
227135,Legionnaire's Satin Robe,wowhead_forever_gearplanner.txt
227136,Lieutenant Commander's Satin Epaulets,wowhead_forever_gearplanner.txt
227137,Knight-Captain's Satin Leggings,wowhead_forever_gearplanner.txt
227138,Lieutenant Commander's Satin Crown,wowhead_forever_gearplanner.txt
227139,Knight-Lieutenant's Satin Grips,wowhead_forever_gearplanner.txt
227140,Knight-Lieutenant's Satin Treads,wowhead_forever_gearplanner.txt
227141,Knight-Captain's Satin Robe,wowhead_forever_gearplanner.txt
227142,Knight-Captain's Lamellar Breastplate,wowhead_forever_gearplanner.txt
227143,Knight-Captain's Lamellar Leggings,wowhead_forever_gearplanner.txt
227144,Lieutenant Commander's Lamellar Headguard,wowhead_forever_gearplanner.txt
227145,Lieutenant Commander's Lamellar Shoulders,wowhead_forever_gearplanner.txt
227146,Knight-Lieutenant's Lamellar Sabatons,wowhead_forever_gearplanner.txt
227147,Knight-Lieutenant's Lamellar Gauntlets,wowhead_forever_gearplanner.txt
227148,Lieutenant Commander's Lamellar Pauldrons,wowhead_forever_gearplanner.txt
227149,Lieutenant Commander's Lamellar Helmet,wowhead_forever_gearplanner.txt
227150,Knight-Captain's Lamellar Legguards,wowhead_forever_gearplanner.txt
227151,Knight-Captain's Lamellar Chestplate,wowhead_forever_gearplanner.txt
227152,Knight-Lieutenant's Lamellar Gloves,wowhead_forever_gearplanner.txt
227153,Knight-Lieutenant's Lamellar Greaves,wowhead_forever_gearplanner.txt
227154,Champion's Mail Pauldrons,wowhead_forever_gearplanner.txt
227155,Champion's Mail Headguard,wowhead_forever_gearplanner.txt
227156,Legionnaire's Mail Legguards,wowhead_forever_gearplanner.txt
227157,Legionnaire's Mail Hauberk,wowhead_forever_gearplanner.txt
227158,Blood Guard's Mail Greaves,wowhead_forever_gearplanner.txt
227159,Blood Guard's Mail Vices,wowhead_forever_gearplanner.txt
227160,Champion's Mail Spaulders,wowhead_forever_gearplanner.txt
227161,Legionnaire's Mail Leggings,wowhead_forever_gearplanner.txt
227162,Champion's Mail Helm,wowhead_forever_gearplanner.txt
227163,Blood Guard's Mail Gauntlets,wowhead_forever_gearplanner.txt
227164,Blood Guard's Mail Sabatons,wowhead_forever_gearplanner.txt
227165,Legionnaire's Mail Breastplate,wowhead_forever_gearplanner.txt
227166,Champion's Mail Epaulets,wowhead_forever_gearplanner.txt
227167,Legionnaire's Mail Pants,wowhead_forever_gearplanner.txt
227168,Champion's Mail Skullcap,wowhead_forever_gearplanner.txt
227169,Blood Guard's Mail Gloves,wowhead_forever_gearplanner.txt
227170,Blood Guard's Mail Boots,wowhead_forever_gearplanner.txt
227171,Legionnaire's Mail Chestguard,wowhead_forever_gearplanner.txt
227172,Lieutenant Commander's Dragonhide Shoulders,wowhead_forever_gearplanner.txt
227173,Lieutenant Commander's Dragonhide Headguard,wowhead_forever_gearplanner.txt
227174,Champion's Dragonhide Headguard,wowhead_forever_gearplanner.txt
227175,Champion's Dragonhide Shoulders,wowhead_forever_gearplanner.txt
227176,Knight-Captain's Dragonhide Chestpiece,wowhead_forever_gearplanner.txt
227177,Legionnaire's Dragonhide Leggings,wowhead_forever_gearplanner.txt
227178,Knight-Captain's Dragonhide Leggings,wowhead_forever_gearplanner.txt
227179,Legionnaire's Dragonhide Chestpiece,wowhead_forever_gearplanner.txt
227180,Blood Guard's Dragonhide Grips,wowhead_forever_gearplanner.txt
227181,Blood Guard's Dragonhide Treads,wowhead_forever_gearplanner.txt
227182,Knight-Lieutenant's Dragonhide Treads,wowhead_forever_gearplanner.txt
227183,Knight-Lieutenant's Dragonhide Grips,wowhead_forever_gearplanner.txt
227184,Champion's Dragonhide Spaulders,wowhead_forever_gearplanner.txt
227185,Legionnaire's Dragonhide Pants,wowhead_forever_gearplanner.txt
227186,Champion's Dragonhide Helm,wowhead_forever_gearplanner.txt
227187,Blood Guard's Dragonhide Gloves,wowhead_forever_gearplanner.txt
227188,Blood Guard's Dragonhide Boots,wowhead_forever_gearplanner.txt
227189,Legionnaire's Dragonhide Armor,wowhead_forever_gearplanner.txt
227190,Lieutenant Commander's Dragonhide Spaulders,wowhead_forever_gearplanner.txt
227191,Knight-Captain's Dragonhide Pants,wowhead_forever_gearplanner.txt
227192,Lieutenant Commander's Dragonhide Helm,wowhead_forever_gearplanner.txt
227193,Knight-Lieutenant's Dragonhide Gloves,wowhead_forever_gearplanner.txt
227194,Knight-Lieutenant's Dragonhide Boots,wowhead_forever_gearplanner.txt
227195,Knight-Captain's Dragonhide Armor,wowhead_forever_gearplanner.txt
227196,Knight-Captain's Dragonhide Tunic,wowhead_forever_gearplanner.txt
227197,Knight-Lieutenant's Dragonhide Greaves,wowhead_forever_gearplanner.txt
227198,Knight-Lieutenant's Dragonhide Gauntlets,wowhead_forever_gearplanner.txt
227199,Lieutenant Commander's Dragonhide Headdress,wowhead_forever_gearplanner.txt
227200,Knight-Captain's Dragonhide Legguards,wowhead_forever_gearplanner.txt
227201,Lieutenant Commander's Dragonhide Pauldrons,wowhead_forever_gearplanner.txt
227202,Legionnaire's Dragonhide Tunic,wowhead_forever_gearplanner.txt
227203,Blood Guard's Dragonhide Greaves,wowhead_forever_gearplanner.txt
227204,Blood Guard's Dragonhide Gauntlets,wowhead_forever_gearplanner.txt
227205,Champion's Dragonhide Headdress,wowhead_forever_gearplanner.txt
227206,Legionnaire's Dragonhide Legguards,wowhead_forever_gearplanner.txt
227207,Champion's Dragonhide Pauldrons,wowhead_forever_gearplanner.txt
227285,Fantastic Inventions,questiedb-foreverBaseItem.lua
227286,Warmed Rumsey Rum with Cream,questiedb-foreverBaseItem.lua
227444,Idol of the Huntress,wowhead_forever_gearplanner.txt
227658,Shadowsworn Note,questiedb-foreverBaseItem.lua
227796,Mysterious 'Darnassian' Scroll,questiedb-foreverBaseItem.lua
227797,Mysterious 'Darnassian' Scroll,questiedb-foreverBaseItem.lua
227801,Firelands Ember,questiedb-foreverBaseItem.lua
227802,Monster - Torch,wowhead_forever_gearplanner.txt
227803,Dire Warbear Harness,wowhead_forever_gearplanner.txt
227804,Dire Warbear Woolies,wowhead_forever_gearplanner.txt
227805,Ferocity of the Timbermaw,wowhead_forever_gearplanner.txt
227807,Dense Timbermaw Belt,wowhead_forever_gearplanner.txt
227808,Rugged Mantle of the Timbermaw,wowhead_forever_gearplanner.txt
227809,Studded Timbermaw Brawlers,wowhead_forever_gearplanner.txt
227810,Dense Timbermaw Boots,wowhead_forever_gearplanner.txt
227813,Drinkable Stratholme Holy Water,questiedb-foreverBaseItem.lua
227814,Radiant Girdle of the Dawn,wowhead_forever_gearplanner.txt
227815,Fine Dawn Treaders,wowhead_forever_gearplanner.txt
227816,Argent Elite Boots,wowhead_forever_gearplanner.txt
227817,Radiant Gloves of the Dawn,wowhead_forever_gearplanner.txt
227818,Glowing Mantle of the Dawn,wowhead_forever_gearplanner.txt
227859,Shimmering Dawnbringer Shoulders,wowhead_forever_gearplanner.txt
227862,Incandescent Mooncloth Boots,wowhead_forever_gearplanner.txt
227888,Argent Elite Shoulders,wowhead_forever_gearplanner.txt
227924,Unusual Flask,questiedb-foreverBaseItem.lua
228123,Jubilant Epiphany,questiedb-foreverBaseItem.lua
228130,Altruist Ward,questiedb-foreverBaseItem.lua
228131,Altruist Ward,questiedb-foreverBaseItem.lua
228175,Libram of Holy Alacrity,questiedb-foreverBaseItem.lua
228176,Totem of Thunder,wowhead_forever_gearplanner.txt
228190,Knowledge of the Timbermaw,wowhead_forever_gearplanner.txt
228227,Scroll of Overwhelming Power,questiedb-foreverBaseItem.lua
228615,Otherworldly Treasure,questiedb-foreverBaseItem.lua
228912,Artifact Storage Key,questiedb-foreverBaseItem.lua
228978,Enchanted Sigil: Flowing Waters,questiedb-foreverBaseItem.lua
229416,Warm Fur,questiedb-foreverBaseItem.lua
230908,Imbued Essence of Fire,questiedb-foreverBaseItem.lua
230948,Imbued Essence of Frost,questiedb-foreverBaseItem.lua
231298,Scroll of Lesser Spatial Mending,questiedb-foreverBaseItem.lua
231530,Warlord's Plate Armor,wowhead_forever_gearplanner.txt
231531,General's Plate Boots,wowhead_forever_gearplanner.txt
231532,General's Plate Gauntlets,wowhead_forever_gearplanner.txt
231533,General's Plate Leggings,wowhead_forever_gearplanner.txt
231534,Warlord's Plate Shoulders,wowhead_forever_gearplanner.txt
231535,Warlord's Plate Headpiece,wowhead_forever_gearplanner.txt
231536,Field Marshal's Plate Armor,wowhead_forever_gearplanner.txt
231537,Field Marshal's Plate Shoulderguards,wowhead_forever_gearplanner.txt
231538,Field Marshal's Plate Helm,wowhead_forever_gearplanner.txt
231539,Marshal's Plate Boots,wowhead_forever_gearplanner.txt
231540,Marshal's Plate Legguards,wowhead_forever_gearplanner.txt
231541,Marshal's Plate Gauntlets,wowhead_forever_gearplanner.txt
231543,Field Marshal's Leather Chestpiece,wowhead_forever_gearplanner.txt
231544,Marshal's Leather Handgrips,wowhead_forever_gearplanner.txt
231545,Field Marshal's Leather Mask,wowhead_forever_gearplanner.txt
231546,Marshal's Leather Footguards,wowhead_forever_gearplanner.txt
231547,Field Marshal's Leather Epaulets,wowhead_forever_gearplanner.txt
231548,Marshal's Leather Leggings,wowhead_forever_gearplanner.txt
231549,Warlord's Leather Breastplate,wowhead_forever_gearplanner.txt
231551,Warlord's Leather Spaulders,wowhead_forever_gearplanner.txt
231552,General's Leather Treads,wowhead_forever_gearplanner.txt
231553,Warlord's Leather Helm,wowhead_forever_gearplanner.txt
231554,General's Leather Legguards,wowhead_forever_gearplanner.txt
231555,General's Leather Mitts,wowhead_forever_gearplanner.txt
231557,Field Marshal's Chain Pauldrons,wowhead_forever_gearplanner.txt
231558,Marshal's Chain Legplates,wowhead_forever_gearplanner.txt
231560,Marshal's Chain Grips,wowhead_forever_gearplanner.txt
231561,Marshal's Chain Sabatons,wowhead_forever_gearplanner.txt
231562,Field Marshal's Chain Greathelm,wowhead_forever_gearplanner.txt
231563,Field Marshal's Chain Armor,wowhead_forever_gearplanner.txt
231564,General's Chain Sabatons,wowhead_forever_gearplanner.txt
231565,Warlord's Chain Pauldrons,wowhead_forever_gearplanner.txt
231566,Warlord's Chain Armor,wowhead_forever_gearplanner.txt
231567,General's Chain Legplates,wowhead_forever_gearplanner.txt
231568,Warlord's Chain Greathelm,wowhead_forever_gearplanner.txt
231569,General's Chain Grips,wowhead_forever_gearplanner.txt
231570,General's Chain Greaves,wowhead_forever_gearplanner.txt
231571,Warlord's Chain Helm,wowhead_forever_gearplanner.txt
231572,Warlord's Chain Shoulders,wowhead_forever_gearplanner.txt
231573,Warlord's Chain Hauberk,wowhead_forever_gearplanner.txt
231574,General's Chain Legguards,wowhead_forever_gearplanner.txt
231575,General's Chain Vices,wowhead_forever_gearplanner.txt
231576,Field Marshal's Chain Shoulders,wowhead_forever_gearplanner.txt
231577,Marshal's Chain Legguards,wowhead_forever_gearplanner.txt
231578,Marshal's Chain Vices,wowhead_forever_gearplanner.txt
231579,Marshal's Chain Greaves,wowhead_forever_gearplanner.txt
231580,Field Marshal's Chain Helm,wowhead_forever_gearplanner.txt
231581,Field Marshal's Chain Hauberk,wowhead_forever_gearplanner.txt
231582,Field Marshal's Dreadweave Robe,wowhead_forever_gearplanner.txt
231583,Field Marshal's Dreadweave Shoulders,wowhead_forever_gearplanner.txt
231584,Field Marshal's Coronal,wowhead_forever_gearplanner.txt
231585,Marshal's Dreadweave Boots,wowhead_forever_gearplanner.txt
231586,Marshal's Dreadweave Gloves,wowhead_forever_gearplanner.txt
231587,Marshal's Dreadweave Leggings,wowhead_forever_gearplanner.txt
231588,General's Dreadweave Pants,wowhead_forever_gearplanner.txt
231589,General's Dreadweave Gloves,wowhead_forever_gearplanner.txt
231590,Warlord's Dreadweave Hood,wowhead_forever_gearplanner.txt
231591,Warlord's Dreadweave Robe,wowhead_forever_gearplanner.txt
231592,Warlord's Dreadweave Mantle,wowhead_forever_gearplanner.txt
231593,General's Dreadweave Boots,wowhead_forever_gearplanner.txt
231594,Warlord's Silk Amice,wowhead_forever_gearplanner.txt
231595,General's Silk Trousers,wowhead_forever_gearplanner.txt
231596,Warlord's Silk Raiment,wowhead_forever_gearplanner.txt
231597,General's Silk Boots,wowhead_forever_gearplanner.txt
231599,General's Silk Gauntlets,wowhead_forever_gearplanner.txt
231600,General's Silk Handwraps,wowhead_forever_gearplanner.txt
231601,Warlord's Silk Cowl,wowhead_forever_gearplanner.txt
231602,Field Marshal's Silk Spaulders,wowhead_forever_gearplanner.txt
231603,Field Marshal's Silk Vestments,wowhead_forever_gearplanner.txt
231604,Field Marshal's Coronet,wowhead_forever_gearplanner.txt
231605,Marshal's Silk Leggings,wowhead_forever_gearplanner.txt
231606,Marshal's Silk Footwraps,wowhead_forever_gearplanner.txt
231608,Marshal's Silk Gauntlets,wowhead_forever_gearplanner.txt
231609,Marshal's Silk Handwraps,wowhead_forever_gearplanner.txt
231610,General's Satin Treads,wowhead_forever_gearplanner.txt
231611,Warlord's Satin Epaulets,wowhead_forever_gearplanner.txt
231612,Warlord's Satin Robes,wowhead_forever_gearplanner.txt
231613,General's Satin Grips,wowhead_forever_gearplanner.txt
231614,General's Satin Leggings,wowhead_forever_gearplanner.txt
231615,Warlord's Satin Crown,wowhead_forever_gearplanner.txt
231616,Field Marshal's Satin Crown,wowhead_forever_gearplanner.txt
231617,Marshal's Satin Grips,wowhead_forever_gearplanner.txt
231618,Field Marshal's Satin Robe,wowhead_forever_gearplanner.txt
231619,Marshal's Satin Leggings,wowhead_forever_gearplanner.txt
231620,Marshal's Satin Treads,wowhead_forever_gearplanner.txt
231621,Field Marshal's Satin Epaulets,wowhead_forever_gearplanner.txt
231622,Field Marshal's Satin Hood,wowhead_forever_gearplanner.txt
231623,Marshal's Satin Handwraps,wowhead_forever_gearplanner.txt
231624,Field Marshal's Satin Tunic,wowhead_forever_gearplanner.txt
231626,Marshal's Satin Legguards,wowhead_forever_gearplanner.txt
231627,Marshal's Satin Walkers,wowhead_forever_gearplanner.txt
231628,Field Marshal's Satin Mantle,wowhead_forever_gearplanner.txt
231630,General's Satin Walkers,wowhead_forever_gearplanner.txt
231631,Warlord's Satin Mantle,wowhead_forever_gearplanner.txt
231632,Warlord's Satin Tunic,wowhead_forever_gearplanner.txt
231633,General's Satin Handwraps,wowhead_forever_gearplanner.txt
231634,General's Satin Legguards,wowhead_forever_gearplanner.txt
231635,Warlord's Satin Hood,wowhead_forever_gearplanner.txt
231639,Marshal's Lamellar Legguards,wowhead_forever_gearplanner.txt
231640,Field Marshal's Lamellar Helmet,wowhead_forever_gearplanner.txt
231641,Field Marshal's Lamellar Chestplate,wowhead_forever_gearplanner.txt
231643,Marshal's Lamellar Gloves,wowhead_forever_gearplanner.txt
231645,Field Marshal's Lamellar Pauldrons,wowhead_forever_gearplanner.txt
231646,Marshal's Lamellar Greaves,wowhead_forever_gearplanner.txt
231647,Marshal's Lamellar Leggings,wowhead_forever_gearplanner.txt
231648,Field Marshal's Lamellar Headguard,wowhead_forever_gearplanner.txt
231649,Field Marshal's Lamellar Breastplate,wowhead_forever_gearplanner.txt
231650,Marshal's Lamellar Gauntlets,wowhead_forever_gearplanner.txt
231651,Field Marshal's Lamellar Shoulders,wowhead_forever_gearplanner.txt
231652,Marshal's Lamellar Sabatons,wowhead_forever_gearplanner.txt
231653,Warlord's Mail Hauberk,wowhead_forever_gearplanner.txt
231654,Warlord's Mail Pauldrons,wowhead_forever_gearplanner.txt
231655,General's Mail Vices,wowhead_forever_gearplanner.txt
231656,General's Mail Greaves,wowhead_forever_gearplanner.txt
231657,Warlord's Mail Headguard,wowhead_forever_gearplanner.txt
231658,General's Mail Legguards,wowhead_forever_gearplanner.txt
231659,Warlord's Mail Spaulders,wowhead_forever_gearplanner.txt
231660,General's Mail Gauntlets,wowhead_forever_gearplanner.txt
231661,General's Mail Sabatons,wowhead_forever_gearplanner.txt
231662,Warlord's Mail Breastplate,wowhead_forever_gearplanner.txt
231663,Warlord's Mail Helm,wowhead_forever_gearplanner.txt
231664,General's Mail Leggings,wowhead_forever_gearplanner.txt
231665,Warlord's Mail Epaulets,wowhead_forever_gearplanner.txt
231666,General's Mail Gloves,wowhead_forever_gearplanner.txt
231667,General's Mail Boots,wowhead_forever_gearplanner.txt
231668,Warlord's Mail Chestguard,wowhead_forever_gearplanner.txt
231669,Warlord's Mail Skullcap,wowhead_forever_gearplanner.txt
231670,General's Mail Pants,wowhead_forever_gearplanner.txt
231671,General's Dragonhide Greaves,wowhead_forever_gearplanner.txt
231672,Warlord's Dragonhide Pauldrons,wowhead_forever_gearplanner.txt
231673,General's Dragonhide Legguards,wowhead_forever_gearplanner.txt
231674,Warlord's Dragonhide Tunic,wowhead_forever_gearplanner.txt
231675,Warlord's Dragonhide Headdress,wowhead_forever_gearplanner.txt
231676,General's Dragonhide Gauntlets,wowhead_forever_gearplanner.txt
231677,General's Dragonhide Gloves,wowhead_forever_gearplanner.txt
231678,Warlord's Dragonhide Helm,wowhead_forever_gearplanner.txt
231679,Warlord's Dragonhide Armor,wowhead_forever_gearplanner.txt
231680,General's Dragonhide Pants,wowhead_forever_gearplanner.txt
231681,Warlord's Dragonhide Spaulders,wowhead_forever_gearplanner.txt
231682,General's Dragonhide Boots,wowhead_forever_gearplanner.txt
231683,General's Dragonhide Treads,wowhead_forever_gearplanner.txt
231684,Warlord's Dragonhide Shoulders,wowhead_forever_gearplanner.txt
231685,General's Dragonhide Leggings,wowhead_forever_gearplanner.txt
231686,Warlord's Dragonhide Chestpiece,wowhead_forever_gearplanner.txt
231687,Warlord's Dragonhide Headguard,wowhead_forever_gearplanner.txt
231688,General's Dragonhide Grips,wowhead_forever_gearplanner.txt
231689,Field Marshal's Dragonhide Headguard,wowhead_forever_gearplanner.txt
231690,Field Marshal's Dragonhide Chestpiece,wowhead_forever_gearplanner.txt
231691,Marshal's Dragonhide Leggings,wowhead_forever_gearplanner.txt
231692,Marshal's Dragonhide Treads,wowhead_forever_gearplanner.txt
231693,Field Marshal's Dragonhide Shoulders,wowhead_forever_gearplanner.txt
231694,Marshal's Dragonhide Grips,wowhead_forever_gearplanner.txt
231695,Field Marshal's Dragonhide Helm,wowhead_forever_gearplanner.txt
231696,Field Marshal's Dragonhide Armor,wowhead_forever_gearplanner.txt
231697,Marshal's Dragonhide Pants,wowhead_forever_gearplanner.txt
231698,Marshal's Dragonhide Boots,wowhead_forever_gearplanner.txt
231699,Field Marshal's Dragonhide Spaulders,wowhead_forever_gearplanner.txt
231700,Marshal's Dragonhide Gloves,wowhead_forever_gearplanner.txt
231701,Field Marshal's Dragonhide Headdress,wowhead_forever_gearplanner.txt
231702,Field Marshal's Dragonhide Tunic,wowhead_forever_gearplanner.txt
231703,Marshal's Dragonhide Legguards,wowhead_forever_gearplanner.txt
231704,Marshal's Dragonhide Greaves,wowhead_forever_gearplanner.txt
231705,Field Marshal's Dragonhide Pauldrons,wowhead_forever_gearplanner.txt
231706,Marshal's Dragonhide Gauntlets,wowhead_forever_gearplanner.txt
231778,Mountain Spring Water,questiedb-foreverBaseItem.lua
231836,Glowing Scroll of Spatial Mending,questiedb-foreverBaseItem.lua
231843,First Sigil Fragment,questiedb-foreverBaseItem.lua
231844,Second Sigil Fragment,questiedb-foreverBaseItem.lua
231845,Third Sigil Fragment,questiedb-foreverBaseItem.lua
231877,Tyler's Balanced Bobble,questiedb-foreverBaseItem.lua
231887,Test Dagger,wowhead_forever_gearplanner.txt
232324,Bird Whistle,questiedb-foreverBaseItem.lua
232343,QAEnchant Shield - Law of Nature,questiedb-foreverBaseItem.lua
232344,Vick's VIP Pass,questiedb-foreverBaseItem.lua
232433,Dense Runecloth Bandage,questiedb-foreverBaseItem.lua
232436,Darkclaw Bisque,questiedb-foreverBaseItem.lua
232438,Smoked Redgill,questiedb-foreverBaseItem.lua
232454,Emblem of the Wild Gods,questiedb-foreverBaseItem.lua
232455,Emblem of Dishonor,questiedb-foreverBaseItem.lua
232456,Emblem of the Violet Eye,questiedb-foreverBaseItem.lua
232457,Emblem of the Worldcore,questiedb-foreverBaseItem.lua
233217,Tunneler's Incense,questiedb-foreverBaseItem.lua
234012,Hive Thistle,questiedb-foreverBaseItem.lua
234016,Signet Ring of the Bronze Dragonflight,wowhead_forever_gearplanner.txt
234017,Signet Ring of the Bronze Dragonflight,wowhead_forever_gearplanner.txt
234018,Signet Ring of the Bronze Dragonflight,wowhead_forever_gearplanner.txt
234019,Signet Ring of the Bronze Dragonflight,wowhead_forever_gearplanner.txt
234020,Signet Ring of the Bronze Dragonflight,wowhead_forever_gearplanner.txt
234021,Signet Ring of the Bronze Dragonflight,wowhead_forever_gearplanner.txt
234022,Signet Ring of the Bronze Dragonflight,wowhead_forever_gearplanner.txt
234023,Signet Ring of the Bronze Dragonflight,wowhead_forever_gearplanner.txt
234024,Signet Ring of the Bronze Dragonflight,wowhead_forever_gearplanner.txt
234025,Signet Ring of the Bronze Dragonflight,wowhead_forever_gearplanner.txt
234026,Signet Ring of the Bronze Dragonflight,wowhead_forever_gearplanner.txt
234027,Signet Ring of the Bronze Dragonflight,wowhead_forever_gearplanner.txt
234028,Signet Ring of the Bronze Dragonflight,wowhead_forever_gearplanner.txt
234029,Signet Ring of the Bronze Dragonflight,wowhead_forever_gearplanner.txt
234030,Signet Ring of the Bronze Dragonflight,wowhead_forever_gearplanner.txt
234031,Signet Ring of the Bronze Dragonflight,wowhead_forever_gearplanner.txt
234032,Signet Ring of the Bronze Dragonflight,wowhead_forever_gearplanner.txt
234033,Signet Ring of the Bronze Dragonflight,wowhead_forever_gearplanner.txt
234034,Signet Ring of the Bronze Dragonflight,wowhead_forever_gearplanner.txt
234035,Signet Ring of the Bronze Dragonflight,wowhead_forever_gearplanner.txt
234198,Signet Ring of the Bronze Dragonflight,wowhead_forever_gearplanner.txt
234199,Signet Ring of the Bronze Dragonflight,wowhead_forever_gearplanner.txt
234200,Signet Ring of the Bronze Dragonflight,wowhead_forever_gearplanner.txt
234201,Signet Ring of the Bronze Dragonflight,wowhead_forever_gearplanner.txt
234202,Signet Ring of the Bronze Dragonflight,wowhead_forever_gearplanner.txt
234436,Signet Ring of the Bronze Dragonflight,wowhead_forever_gearplanner.txt
234437,Signet Ring of the Bronze Dragonflight,wowhead_forever_gearplanner.txt
234438,Signet Ring of the Bronze Dragonflight,wowhead_forever_gearplanner.txt
234439,Signet Ring of the Bronze Dragonflight,wowhead_forever_gearplanner.txt
234440,Signet Ring of the Bronze Dragonflight,wowhead_forever_gearplanner.txt
234542,High Warlord's Greatsword,wowhead_forever_gearplanner.txt
234543,High Warlord's Battle Axe,wowhead_forever_gearplanner.txt
234545,High Warlord's Pulverizer,wowhead_forever_gearplanner.txt
234546,High Warlord's Destroyer,wowhead_forever_gearplanner.txt
234547,High Warlord's Pig Sticker,wowhead_forever_gearplanner.txt
234548,High Warlord's Pig Poker,wowhead_forever_gearplanner.txt
234549,High Warlord's War Staff,wowhead_forever_gearplanner.txt
234550,High Warlord's Spellblade,wowhead_forever_gearplanner.txt
234551,High Warlord's Battle Mace,wowhead_forever_gearplanner.txt
234552,High Warlord's Blade,wowhead_forever_gearplanner.txt
234553,High Warlord's Quickblade,wowhead_forever_gearplanner.txt
234554,High Warlord's Cleaver,wowhead_forever_gearplanner.txt
234555,High Warlord's Bludgeon,wowhead_forever_gearplanner.txt
234556,High Warlord's Razor,wowhead_forever_gearplanner.txt
234557,High Warlord's Right Claw,wowhead_forever_gearplanner.txt
234558,High Warlord's Left Claw,wowhead_forever_gearplanner.txt
234559,High Warlord's Recurve,wowhead_forever_gearplanner.txt
234560,High Warlord's Crossbow,wowhead_forever_gearplanner.txt
234561,High Warlord's Street Sweeper,wowhead_forever_gearplanner.txt
234562,High Warlord's Shield Wall,wowhead_forever_gearplanner.txt
234563,High Warlord's Tome of Destruction,wowhead_forever_gearplanner.txt
234564,High Warlord's Tome of Mending,wowhead_forever_gearplanner.txt
234565,Grand Marshal's Claymore,wowhead_forever_gearplanner.txt
234566,Grand Marshal's Sunderer,wowhead_forever_gearplanner.txt
234567,Grand Marshal's Battle Hammer,wowhead_forever_gearplanner.txt
234568,Grand Marshal's Demolisher,wowhead_forever_gearplanner.txt
234569,Grand Marshal's Glaive,wowhead_forever_gearplanner.txt
234570,Grand Marshal's Polearm,wowhead_forever_gearplanner.txt
234571,Grand Marshal's Stave,wowhead_forever_gearplanner.txt
234574,Grand Marshal's Mageblade,wowhead_forever_gearplanner.txt
234576,Grand Marshal's Warhammer,wowhead_forever_gearplanner.txt
234578,Grand Marshal's Longsword,wowhead_forever_gearplanner.txt
234579,Grand Marshal's Swiftblade,wowhead_forever_gearplanner.txt
234580,Grand Marshal's Handaxe,wowhead_forever_gearplanner.txt
234581,Grand Marshal's Punisher,wowhead_forever_gearplanner.txt
234582,Grand Marshal's Dirk,wowhead_forever_gearplanner.txt
234583,Grand Marshal's Right Hand Blade,wowhead_forever_gearplanner.txt
234584,Grand Marshal's Left Hand Blade,wowhead_forever_gearplanner.txt
234585,Grand Marshal's Bullseye,wowhead_forever_gearplanner.txt
234586,Grand Marshal's Repeater,wowhead_forever_gearplanner.txt
234587,Grand Marshal's Hand Cannon,wowhead_forever_gearplanner.txt
234588,Grand Marshal's Aegis,wowhead_forever_gearplanner.txt
234589,Grand Marshal's Tome of Power,wowhead_forever_gearplanner.txt
234590,Grand Marshal's Tome of Restoration,wowhead_forever_gearplanner.txt
234728,Hakkari Summoning Token,questiedb-foreverBaseItem.lua
234817,Roots Within Stone,questiedb-foreverBaseItem.lua
234818,Essence Bottle,questiedb-foreverBaseItem.lua
234819,Demonic Gauntlet,questiedb-foreverBaseItem.lua
234820,Acidic Goo,questiedb-foreverBaseItem.lua
234964,Signet Ring of the Bronze Dragonflight,wowhead_forever_gearplanner.txt
234965,Signet Ring of the Bronze Dragonflight,wowhead_forever_gearplanner.txt
234966,Signet Ring of the Bronze Dragonflight,wowhead_forever_gearplanner.txt
234967,Signet Ring of the Bronze Dragonflight,wowhead_forever_gearplanner.txt
234968,Signet Ring of the Bronze Dragonflight,wowhead_forever_gearplanner.txt
235044,Goo-Covered Demonic Gauntlet,questiedb-foreverBaseItem.lua
235256,Severed Legashi Horn,questiedb-foreverBaseItem.lua
235334,Feardred's Amulet,questiedb-foreverBaseItem.lua
235470,Satyrweed,questiedb-foreverBaseItem.lua
235471,Fel Mote,questiedb-foreverBaseItem.lua
235472,Legashi Firewater,questiedb-foreverBaseItem.lua
235473,Grand Marshal's Barricade,wowhead_forever_gearplanner.txt
235474,High Warlord's Barricade,wowhead_forever_gearplanner.txt
235476,High Warlord's Hacker,wowhead_forever_gearplanner.txt
235477,High Warlord's Bonecracker,wowhead_forever_gearplanner.txt
235478,High Warlord's Shiv,wowhead_forever_gearplanner.txt
235479,Grand Marshal's Shiv,wowhead_forever_gearplanner.txt
235480,Grand Marshal's Bonecracker,wowhead_forever_gearplanner.txt
235481,Grand Marshal's Hacker,wowhead_forever_gearplanner.txt
235509,Satyrweed Tincture,questiedb-foreverBaseItem.lua
235510,Bramblesnap's Panacea,questiedb-foreverBaseItem.lua
235518,Timbermaw War Banner,questiedb-foreverBaseItem.lua
235645,Legashi Firewater Recipe,questiedb-foreverBaseItem.lua
235785,"Deadwind Cage ""Key""",questiedb-foreverBaseItem.lua
235786,Karazhan Curio,questiedb-foreverBaseItem.lua
235899,Corrupted Core,questiedb-foreverBaseItem.lua
236631,Bloodmaw's Basher,questiedb-foreverBaseItem.lua
236754,Recipe: Distilled Firewater,questiedb-foreverBaseItem.lua
236755,[TMP] Funerary Headdress,questiedb-foreverBaseItem.lua
236759,[TMP] Furbolg Ritual Stave,questiedb-foreverBaseItem.lua
236760,[TMP] Satyrbane,questiedb-foreverBaseItem.lua
237011,Portcullis Key,questiedb-foreverBaseItem.lua
237023,Pop-Up Shrub,questiedb-foreverBaseItem.lua
237196,Suspicious Collection Equipment,questiedb-foreverBaseItem.lua
237230,Suspicious Neutralizing Compound,questiedb-foreverBaseItem.lua
237263,Supply Bag,questiedb-foreverBaseItem.lua
237504,Supply Shipment,questiedb-foreverBaseItem.lua
237814,Sentinel's Lamellar Legguards,wowhead_forever_gearplanner.txt
237815,Sentinel's Silk Leggings,wowhead_forever_gearplanner.txt
237817,Sentinel's Lizardhide Pants,wowhead_forever_gearplanner.txt
237818,Sentinel's Leather Pants,wowhead_forever_gearplanner.txt
237819,Sentinel's Chain Leggings,wowhead_forever_gearplanner.txt
237820,Outrider's Silk Leggings,wowhead_forever_gearplanner.txt
237821,Outrider's Lizardhide Pants,wowhead_forever_gearplanner.txt
237822,Outrider's Leather Pants,wowhead_forever_gearplanner.txt
237823,Outrider's Mail Leggings,wowhead_forever_gearplanner.txt
237824,Outrider's Chain Leggings,wowhead_forever_gearplanner.txt
237825,Sentinel's Plate Legguards,wowhead_forever_gearplanner.txt
237826,Outrider's Plate Legguards,wowhead_forever_gearplanner.txt
238057,Krellian's Head,questiedb-foreverBaseItem.lua
238244,Tablet of Creation,questiedb-foreverBaseItem.lua
238245,Tablet of Manipulation,questiedb-foreverBaseItem.lua
238246,Tablet of Power,questiedb-foreverBaseItem.lua
238300,Pattern: Scarlet Augur's Vestments,questiedb-foreverBaseItem.lua
238345,Lady Sesspira's Key,questiedb-foreverBaseItem.lua
238347,Staff of Archmage Selwyn,questiedb-foreverBaseItem.lua
238385,Memory Crystal,questiedb-foreverBaseItem.lua
238449,Nullifying Ward,questiedb-foreverBaseItem.lua
238463,Mosshoof Hide,questiedb-foreverBaseItem.lua
238464,Astringent Spider Venom,questiedb-foreverBaseItem.lua
238497,Air Elemental Core,questiedb-foreverBaseItem.lua
238501,Pellet Gun,questiedb-foreverBaseItem.lua
238503,Wild Honey,questiedb-foreverBaseItem.lua
238507,Mammoth Shark Steak,questiedb-foreverBaseItem.lua
238517,Mark of the Queen,questiedb-foreverBaseItem.lua
238637,Prowler Steak,questiedb-foreverBaseItem.lua
238638,Filet o' Flank,questiedb-foreverBaseItem.lua
238639,Sunrise Omelette,questiedb-foreverBaseItem.lua
238641,Specklefin Feast,questiedb-foreverBaseItem.lua
238642,Grand Lobster Banquet,questiedb-foreverBaseItem.lua
238644,Demonic Energy Crystal Shard,questiedb-foreverBaseItem.lua
238681,Dusty Bag,questiedb-foreverBaseItem.lua
238734,Tinkerbox: Teleport,questiedb-foreverBaseItem.lua
238735,Tinkerbox: Nitro Boosts,questiedb-foreverBaseItem.lua
238736,Tinkerbox: Magnetic Displacement,questiedb-foreverBaseItem.lua
238782,Schematic: Tinkerbox,questiedb-foreverBaseItem.lua
238783,Schematic: Tinkerbox: Teleport,questiedb-foreverBaseItem.lua
238784,Schematic: Tinkerbox: Nitro Boosts,questiedb-foreverBaseItem.lua
238785,Schematic: Tinkerbox: Magnetic Displacement,questiedb-foreverBaseItem.lua
238786,Schematic: Tinker: Teleport,questiedb-foreverBaseItem.lua
238787,Schematic: Tinker: Nitro Boosts,questiedb-foreverBaseItem.lua
238788,Schematic: Tinker: Magnetic Displacement,questiedb-foreverBaseItem.lua
238789,Schematic: Semisafe Transporter: New Avalon,questiedb-foreverBaseItem.lua
238797,Fel Crystal Shard,questiedb-foreverBaseItem.lua
238798,Toxic Essence,questiedb-foreverBaseItem.lua
238802,Druidic Amulet,questiedb-foreverBaseItem.lua
238935,Gently Plagued Meat,questiedb-foreverBaseItem.lua
239005,Distilled Demonic Essence,questiedb-foreverBaseItem.lua
239006,Fel-Touched Flower,questiedb-foreverBaseItem.lua
239016,Holy Salts,questiedb-foreverBaseItem.lua
239017,Exquisite Spices,questiedb-foreverBaseItem.lua
239123,Monster - BOW_1H_STANDARD_C_01 - Red,wowhead_forever_gearplanner.txt
239222,Schematic: Pop-Up Shrub,questiedb-foreverBaseItem.lua
239292,Forgewright's Notes,questiedb-foreverBaseItem.lua
239302,Scarlet Uniform Belt,questiedb-foreverBaseItem.lua
239512,Lightbreaker Wrists,wowhead_forever_gearplanner.txt
239513,Lightbreaker Belt,wowhead_forever_gearplanner.txt
239514,Lightbreaker Grips,wowhead_forever_gearplanner.txt
239515,Lightbreaker Greaves,wowhead_forever_gearplanner.txt
239516,Lightbreaker Shoulders,wowhead_forever_gearplanner.txt
239517,Lightbreaker Greathelm,wowhead_forever_gearplanner.txt
239518,Lightbreaker Tassets,wowhead_forever_gearplanner.txt
239519,Lightbreaker Cuirass,wowhead_forever_gearplanner.txt
239520,Lightbreaker Bracers,wowhead_forever_gearplanner.txt
239521,Lightbreaker Waistguard,wowhead_forever_gearplanner.txt
239522,Lightbreaker Gauntlets,wowhead_forever_gearplanner.txt
239523,Lightbreaker Sabatons,wowhead_forever_gearplanner.txt
239524,Lightbreaker Pauldrons,wowhead_forever_gearplanner.txt
239525,Lightbreaker Helmet,wowhead_forever_gearplanner.txt
239526,Lightbreaker Legplates,wowhead_forever_gearplanner.txt
239527,Lightbreaker Breastplate,wowhead_forever_gearplanner.txt
239529,Dawnstalker Breastplate,wowhead_forever_gearplanner.txt
239530,Dawnstalker Greaves,wowhead_forever_gearplanner.txt
239531,Dawnstalker Gauntlets,wowhead_forever_gearplanner.txt
239532,Dawnstalker Visor,wowhead_forever_gearplanner.txt
239533,Dawnstalker Leggings,wowhead_forever_gearplanner.txt
239534,Dawnstalker Pauldrons,wowhead_forever_gearplanner.txt
239535,Dawnstalker Belt,wowhead_forever_gearplanner.txt
239536,Dawnstalker Vambraces,wowhead_forever_gearplanner.txt
239537,Dawnstalker Boots,wowhead_forever_gearplanner.txt
239538,Dawnstalker Girdle,wowhead_forever_gearplanner.txt
239539,Dawnstalker Handguards,wowhead_forever_gearplanner.txt
239540,Dawnstalker Headpiece,wowhead_forever_gearplanner.txt
239541,Dawnstalker Legguards,wowhead_forever_gearplanner.txt
239542,Dawnstalker Spaulders,wowhead_forever_gearplanner.txt
239543,Dawnstalker Tunic,wowhead_forever_gearplanner.txt
239544,Dawnstalker Wristguards,wowhead_forever_gearplanner.txt
239545,Weathered Night Elf Artifact,questiedb-foreverBaseItem.lua
239547,Duskwraith Wristguards,wowhead_forever_gearplanner.txt
239548,Duskwraith Chestguard,wowhead_forever_gearplanner.txt
239549,Duskwraith Grips,wowhead_forever_gearplanner.txt
239550,Duskwraith Mask,wowhead_forever_gearplanner.txt
239551,Duskwraith Leggings,wowhead_forever_gearplanner.txt
239552,Duskwraith Mantle,wowhead_forever_gearplanner.txt
239553,Duskwraith Treads,wowhead_forever_gearplanner.txt
239554,Duskwraith Belt,wowhead_forever_gearplanner.txt
239555,Duskwraith Bracers,wowhead_forever_gearplanner.txt
239556,Duskwraith Waistguard,wowhead_forever_gearplanner.txt
239557,Duskwraith Gauntlets,wowhead_forever_gearplanner.txt
239558,Duskwraith Sabatons,wowhead_forever_gearplanner.txt
239559,Duskwraith Pauldrons,wowhead_forever_gearplanner.txt
239560,Duskwraith Helmet,wowhead_forever_gearplanner.txt
239561,Duskwraith Legplates,wowhead_forever_gearplanner.txt
239562,Duskwraith Breastplate,wowhead_forever_gearplanner.txt
239565,Garb of Revelation,wowhead_forever_gearplanner.txt
239572,Boots of Revelation,wowhead_forever_gearplanner.txt
239574,Hands of Revelation,wowhead_forever_gearplanner.txt
239575,Crown of Revelation,wowhead_forever_gearplanner.txt
239577,Pants of Revelation,wowhead_forever_gearplanner.txt
239581,Mantle of Revelation,wowhead_forever_gearplanner.txt
239582,Girdle of Revelation,wowhead_forever_gearplanner.txt
239583,Wrists of Revelation,wowhead_forever_gearplanner.txt
239584,Gloves of Revelation,wowhead_forever_gearplanner.txt
239585,Circlet of Revelation,wowhead_forever_gearplanner.txt
239586,Shoulderpads of Revelation,wowhead_forever_gearplanner.txt
239587,Leggings of Revelation,wowhead_forever_gearplanner.txt
239588,Bindings of Revelation,wowhead_forever_gearplanner.txt
239589,Sandals of Revelation,wowhead_forever_gearplanner.txt
239590,Belt of Revelation,wowhead_forever_gearplanner.txt
239591,Robe of Revelation,wowhead_forever_gearplanner.txt
239609,Saria's Knapsack,questiedb-foreverBaseItem.lua
239618,Monster - Sword 1H - Vanquisher's Sword (Alt),wowhead_forever_gearplanner.txt
239688,Monster - Spear 2H - Scarlet Cavalry - Spear,wowhead_forever_gearplanner.txt
239704,Amulet of Gol'gere,questiedb-foreverBaseItem.lua
240020,Inquisition Legguards,wowhead_forever_gearplanner.txt
240021,Inquisition Spaulders,wowhead_forever_gearplanner.txt
240022,Inquisition Boots,wowhead_forever_gearplanner.txt
240023,Inquisition Vambraces,wowhead_forever_gearplanner.txt
240024,Inquisition Belt,wowhead_forever_gearplanner.txt
240025,Inquisition Shoulderplates,wowhead_forever_gearplanner.txt
240026,Inquisition Leggings,wowhead_forever_gearplanner.txt
240027,Inquisition Helmet,wowhead_forever_gearplanner.txt
240028,Inquisition Gloves,wowhead_forever_gearplanner.txt
240029,Inquisition Greaves,wowhead_forever_gearplanner.txt
240030,Inquisition Breastplate,wowhead_forever_gearplanner.txt
240031,Inquisition Bracers,wowhead_forever_gearplanner.txt
240032,Inquisition Waistguard,wowhead_forever_gearplanner.txt
240033,Inquisition Pauldrons,wowhead_forever_gearplanner.txt
240034,Inquisition Legplates,wowhead_forever_gearplanner.txt
240035,Inquisition Crown,wowhead_forever_gearplanner.txt
240036,Inquisition Gauntlets,wowhead_forever_gearplanner.txt
240037,Inquisition Sabatons,wowhead_forever_gearplanner.txt
240038,Inquisition Chestguard,wowhead_forever_gearplanner.txt
240039,Inquisition Tunic,wowhead_forever_gearplanner.txt
240040,Inquisition Headpiece,wowhead_forever_gearplanner.txt
240041,Inquisition Handguards,wowhead_forever_gearplanner.txt
240042,Inquisition Wristguards,wowhead_forever_gearplanner.txt
240043,Inquisition Girdle,wowhead_forever_gearplanner.txt
240044,Fireleaf Wristwraps,wowhead_forever_gearplanner.txt
240045,Fireleaf Waistguard,wowhead_forever_gearplanner.txt
240046,Fireleaf Mantle,wowhead_forever_gearplanner.txt
240047,Fireleaf Pants,wowhead_forever_gearplanner.txt
240048,Fireleaf Hood,wowhead_forever_gearplanner.txt
240049,Fireleaf Mitts,wowhead_forever_gearplanner.txt
240050,Fireleaf Boots,wowhead_forever_gearplanner.txt
240051,Fireleaf Garb,wowhead_forever_gearplanner.txt
240052,Fireleaf Bindings,wowhead_forever_gearplanner.txt
240053,Fireleaf Belt,wowhead_forever_gearplanner.txt
240054,Fireleaf Shoulderpads,wowhead_forever_gearplanner.txt
240055,Fireleaf Leggings,wowhead_forever_gearplanner.txt
240056,Fireleaf Circlet,wowhead_forever_gearplanner.txt
240057,Fireleaf Gloves,wowhead_forever_gearplanner.txt
240058,Fireleaf Sandals,wowhead_forever_gearplanner.txt
240059,Fireleaf Robe,wowhead_forever_gearplanner.txt
240060,Waywatcher Wraps,wowhead_forever_gearplanner.txt
240061,Waywatcher Sash,wowhead_forever_gearplanner.txt
240062,Waywatcher Shoulderpads,wowhead_forever_gearplanner.txt
240063,Waywatcher Trousers,wowhead_forever_gearplanner.txt
240064,Waywatcher Cowl,wowhead_forever_gearplanner.txt
240065,Waywatcher Grips,wowhead_forever_gearplanner.txt
240066,Waywatcher Stompers,wowhead_forever_gearplanner.txt
240067,Waywatcher Vest,wowhead_forever_gearplanner.txt
240068,Waywatcher Bindings,wowhead_forever_gearplanner.txt
240069,Waywatcher Cord,wowhead_forever_gearplanner.txt
240070,Waywatcher Mantle,wowhead_forever_gearplanner.txt
240071,Waywatcher Kilt,wowhead_forever_gearplanner.txt
240072,Waywatcher Hood,wowhead_forever_gearplanner.txt
240073,Waywatcher Mitts,wowhead_forever_gearplanner.txt
240074,Waywatcher Sandals,wowhead_forever_gearplanner.txt
240075,Waywatcher Leathers,wowhead_forever_gearplanner.txt
240076,Waywatcher Bracers,wowhead_forever_gearplanner.txt
240077,Waywatcher Waistguard,wowhead_forever_gearplanner.txt
240078,Waywatcher Pauldrons,wowhead_forever_gearplanner.txt
240079,Waywatcher Leggings,wowhead_forever_gearplanner.txt
240080,Waywatcher Headdress,wowhead_forever_gearplanner.txt
240081,Waywatcher Gauntlets,wowhead_forever_gearplanner.txt
240082,Waywatcher Sabatons,wowhead_forever_gearplanner.txt
240083,Waywatcher Armor,wowhead_forever_gearplanner.txt
240084,Waywatcher Wristguards,wowhead_forever_gearplanner.txt
240085,Waywatcher Girdle,wowhead_forever_gearplanner.txt
240086,Waywatcher Spaulders,wowhead_forever_gearplanner.txt
240087,Waywatcher Legguards,wowhead_forever_gearplanner.txt
240088,Waywatcher Headpiece,wowhead_forever_gearplanner.txt
240089,Waywatcher Handguards,wowhead_forever_gearplanner.txt
240090,Waywatcher Boots,wowhead_forever_gearplanner.txt
240091,Waywatcher Tunic,wowhead_forever_gearplanner.txt
240092,Soulcrusher Tunic,wowhead_forever_gearplanner.txt
240093,Soulcrusher Boots,wowhead_forever_gearplanner.txt
240095,Soulcrusher Handguards,wowhead_forever_gearplanner.txt
240096,Soulcrusher Headpiece,wowhead_forever_gearplanner.txt
240097,Soulcrusher Legguards,wowhead_forever_gearplanner.txt
240098,Soulcrusher Spaulders,wowhead_forever_gearplanner.txt
240099,Soulcrusher Girdle,wowhead_forever_gearplanner.txt
240100,Soulcrusher Wristguards,wowhead_forever_gearplanner.txt
240101,Soulcrusher Chestguard,wowhead_forever_gearplanner.txt
240102,Soulcrusher Sabatons,wowhead_forever_gearplanner.txt
240103,Soulcrusher Gloves,wowhead_forever_gearplanner.txt
240104,Soulcrusher Faceguard,wowhead_forever_gearplanner.txt
240105,Soulcrusher Legplates,wowhead_forever_gearplanner.txt
240106,Soulcrusher Pauldrons,wowhead_forever_gearplanner.txt
240107,Soulcrusher Waistguard,wowhead_forever_gearplanner.txt
240108,Soulcrusher Bracers,wowhead_forever_gearplanner.txt
240109,Soulcrusher Embrace,wowhead_forever_gearplanner.txt
240110,Soulcrusher Greaves,wowhead_forever_gearplanner.txt
240122,Soulcrusher Mitts,wowhead_forever_gearplanner.txt
240123,Soulcrusher Crown,wowhead_forever_gearplanner.txt
240124,Soulcrusher Kilt,wowhead_forever_gearplanner.txt
240125,Soulcrusher Mantle,wowhead_forever_gearplanner.txt
240126,Soulcrusher Cord,wowhead_forever_gearplanner.txt
240127,Soulcrusher Bindings,wowhead_forever_gearplanner.txt
240128,Soulcrusher Armor,wowhead_forever_gearplanner.txt
240129,Soulcrusher Treads,wowhead_forever_gearplanner.txt
240130,Soulcrusher Grips,wowhead_forever_gearplanner.txt
240131,Soulcrusher Helmet,wowhead_forever_gearplanner.txt
240132,Test Staff,wowhead_forever_gearplanner.txt
240134,Soulcrusher Leggings,wowhead_forever_gearplanner.txt
240135,Soulcrusher Epaulets,wowhead_forever_gearplanner.txt
240136,Soulcrusher Belt,wowhead_forever_gearplanner.txt
240137,Soulcrusher Vambraces,wowhead_forever_gearplanner.txt
240138,Heretic Robe,wowhead_forever_gearplanner.txt
240139,Heretic Sandals,wowhead_forever_gearplanner.txt
240140,Heretic Gloves,wowhead_forever_gearplanner.txt
240141,Heretic Cowl,wowhead_forever_gearplanner.txt
240142,Heretic Leggings,wowhead_forever_gearplanner.txt
240143,Heretic Shoulderpads,wowhead_forever_gearplanner.txt
240144,Heretic Belt,wowhead_forever_gearplanner.txt
240145,Heretic Bindings,wowhead_forever_gearplanner.txt
240146,Heretic Garb,wowhead_forever_gearplanner.txt
240147,Heretic Handguards,wowhead_forever_gearplanner.txt
240148,Heretic Hood,wowhead_forever_gearplanner.txt
240149,Heretic Pants,wowhead_forever_gearplanner.txt
240150,Heretic Mantle,wowhead_forever_gearplanner.txt
240151,Heretic Waistguard,wowhead_forever_gearplanner.txt
240152,Heretic Wristguards,wowhead_forever_gearplanner.txt
240153,Heretic Boots,wowhead_forever_gearplanner.txt
240742,"Monster - 1H, Shortsword, Red",wowhead_forever_gearplanner.txt
240836,Thisalee's Whistle,questiedb-foreverBaseItem.lua
240945,Slice of Carrie's Apple Pie,questiedb-foreverBaseItem.lua
240993,Tim's Test Ranged Weapon,questiedb-foreverBaseItem.lua
240994,Tim's Test Ranged Weapon 2,wowhead_forever_gearplanner.txt
241086,Scarlet Tower Shield,wowhead_forever_gearplanner.txt
241087,Scarlet Staff,wowhead_forever_gearplanner.txt
241088,Scarlet Staff,wowhead_forever_gearplanner.txt
241089,Scarlet Dagger,wowhead_forever_gearplanner.txt
241090,Scarlet Great Axe,wowhead_forever_gearplanner.txt
241613,No Longer Used,questiedb-foreverBaseItem.lua
241650,Major Discolored Healing Potion,questiedb-foreverBaseItem.lua
241652,Discolored Beast Heart,questiedb-foreverBaseItem.lua
241655,Mishandled Healing Potion,questiedb-foreverBaseItem.lua
241656,Mishandled Healing Potion,questiedb-foreverBaseItem.lua
242266,World of Wardcraft,questiedb-foreverBaseItem.lua
242267,From Arcanist to Archmage,questiedb-foreverBaseItem.lua
242268,If You Give a Crusader an Enchant,questiedb-foreverBaseItem.lua
242269,Brilliance of the Grand Sorcerer,questiedb-foreverBaseItem.lua
242270,Brilliance of the Grand Arcanist,questiedb-foreverBaseItem.lua
242271,Brilliance of the Grand Crusader,questiedb-foreverBaseItem.lua
242362,Brilliance of the Grand Inquisitor,questiedb-foreverBaseItem.lua
242363,"Who, What, Where, When, and Die! Five Keys to a Good Inquisition",questiedb-foreverBaseItem.lua
242709,Character Bank Tab Bag (DNT),questiedb-foreverBaseItem.lua
242710,Monster Weapon [DNT],wowhead_forever_gearplanner.txt
243203,Humongous Crystal,questiedb-foreverBaseItem.lua
243266,Fel-Tainted Giblets,questiedb-foreverBaseItem.lua
243299,Big Bag o' Gold,questiedb-foreverBaseItem.lua
245675,Gordok Inner Door Key,questiedb-foreverBaseItem.lua
245983,Ursine Heirloom,questiedb-foreverBaseItem.lua
246055,Inquisition Grips,wowhead_forever_gearplanner.txt
246056,Inquisition Armbraces,wowhead_forever_gearplanner.txt
246057,Inquisition Stompers,wowhead_forever_gearplanner.txt
246058,Inquisition Plate Pants,wowhead_forever_gearplanner.txt
246059,Inquisition Cord,wowhead_forever_gearplanner.txt
246060,Inquisition Cuirass,wowhead_forever_gearplanner.txt
246061,Inquisition Epaulets,wowhead_forever_gearplanner.txt
246062,Inquisition Faceguard,wowhead_forever_gearplanner.txt
246164,Skullthumper,questiedb-foreverBaseItem.lua
246165,Driftwood Smasher,questiedb-foreverBaseItem.lua
246213,Sturdy Lumber,questiedb-foreverBaseItem.lua
246265,Salvaged Wooden Tower Shield,questiedb-foreverBaseItem.lua
246377,"Monster - Sword, 1h - Kirin Tor",questiedb-foreverBaseItem.lua
246680,Mana-Siphoning Wand,questiedb-foreverBaseItem.lua
246683,Treasure Trowel 3000,questiedb-foreverBaseItem.lua
246684,Highborne Treasure Fragment,questiedb-foreverBaseItem.lua
246721,Seal of the Warrior,questiedb-foreverBaseItem.lua
246722,Seal of the Ranger,questiedb-foreverBaseItem.lua
246725,Seal of the Warden,questiedb-foreverBaseItem.lua
246770,Sin'dorei Tome of Summoning,questiedb-foreverBaseItem.lua
246778,Sin'dorei Tome of Summoning,questiedb-foreverBaseItem.lua
246780,Heart of Vek'zol,questiedb-foreverBaseItem.lua
246885,Soft Cow Doll,questiedb-foreverBaseItem.lua
246888,Humongous Crystal,questiedb-foreverBaseItem.lua
246938,Tear of Mennar,questiedb-foreverBaseItem.lua
246948,Distilled Firewater,questiedb-foreverBaseItem.lua
247000,Fel-Tainted Rock,questiedb-foreverBaseItem.lua
247001,Fel-Tainted Branch,questiedb-foreverBaseItem.lua
247238,Mana-Siphoning Wand,questiedb-foreverBaseItem.lua
247239,Lesser Discolored Healing Potion,questiedb-foreverBaseItem.lua
247240,Discolored Healing Potion,questiedb-foreverBaseItem.lua
247241,Greater Discolored Healing Potion,questiedb-foreverBaseItem.lua
247242,Superior Discolored Healing Potion,questiedb-foreverBaseItem.lua
247684,Forgotten Ashes,questiedb-foreverBaseItem.lua
247754,Minor Arcane Elixir,questiedb-foreverBaseItem.lua
247755,Elixir of Minor Force,questiedb-foreverBaseItem.lua
247786,Mote of Magic,questiedb-foreverBaseItem.lua
247789,Novice's Practice Wand,questiedb-foreverBaseItem.lua
247805,Stolen Enchanting Supplies,questiedb-foreverBaseItem.lua
247813,Waterlogged Saw,questiedb-foreverBaseItem.lua
247815,Crude Fruit Pulp,questiedb-foreverBaseItem.lua
247816,Mining Tools,questiedb-foreverBaseItem.lua
247817,Waterlogged Axe,questiedb-foreverBaseItem.lua
247818,Waterlogged Toolbox,questiedb-foreverBaseItem.lua
247824,Thunder Applejack,questiedb-foreverBaseItem.lua
247826,Croaky's Head,questiedb-foreverBaseItem.lua
247834,Nibbled-On Book,questiedb-foreverBaseItem.lua
247839,Stolen Book,questiedb-foreverBaseItem.lua
247840,Mining for Dummies,questiedb-foreverBaseItem.lua
247841,Wild Harvest,questiedb-foreverBaseItem.lua
247846,Pelt Collecting for Beginners,questiedb-foreverBaseItem.lua
247857,Nibbled-On Book,questiedb-foreverBaseItem.lua
247862,Elmpaw's Head,questiedb-foreverBaseItem.lua
247876,[DNT] Minimus Tentaculus,questiedb-foreverBaseItem.lua
247877,Rough Wolf Pelt,questiedb-foreverBaseItem.lua
247883,Crude Wax Effigy,questiedb-foreverBaseItem.lua
247884,Luminous Residue,questiedb-foreverBaseItem.lua
247885,Useless Goop,questiedb-foreverBaseItem.lua
247886,"Sack of ""Picture"" Books",questiedb-foreverBaseItem.lua
247889,Untainted Soil,questiedb-foreverBaseItem.lua
247892,Verdant Leaves,questiedb-foreverBaseItem.lua
247963,Herbal Soil Poultice,questiedb-foreverBaseItem.lua
247970,Kobold Tracking Kit,questiedb-foreverBaseItem.lua
248001,Lost Book,questiedb-foreverBaseItem.lua
248002,Picture Book: Fun with Elementals,questiedb-foreverBaseItem.lua
248003,Geomancy for Curious Young Wizards,questiedb-foreverBaseItem.lua
248004,Arcane Explainer: Magical Stuff in Simple Words,questiedb-foreverBaseItem.lua
248005,Northshire Hammer,questiedb-foreverBaseItem.lua
248006,Militia Sword,questiedb-foreverBaseItem.lua
248007,Militia Shortblade,questiedb-foreverBaseItem.lua
248008,Apprentice's Spellstaff,questiedb-foreverBaseItem.lua
248206,Sealed Craftsman's Writ,questiedb-foreverBaseItem.lua
248549,Waylaid Crate,questiedb-foreverBaseItem.lua
248584,"Monster - Sword, 2h - Kirin Tor",questiedb-foreverBaseItem.lua
248613,Lightning in a Bottle,questiedb-foreverBaseItem.lua
248682,Waylaid Crate: Apprentice Herbs,questiedb-foreverBaseItem.lua
248683,Waylaid Crate: Apprentice Ore,questiedb-foreverBaseItem.lua
248684,Waylaid Crate: Apprentice Textiles,questiedb-foreverBaseItem.lua
248685,Waylaid Crate: Apprentice Curiosities,questiedb-foreverBaseItem.lua
248686,Waylaid Crate: Journeyman Herbs,questiedb-foreverBaseItem.lua
248687,Waylaid Crate: Journeyman Ore,questiedb-foreverBaseItem.lua
248688,Waylaid Crate: Journeyman Textiles,questiedb-foreverBaseItem.lua
248689,Waylaid Crate: Journeyman Curiosities,questiedb-foreverBaseItem.lua
248690,Waylaid Crate: Earthly Expert Herbs,questiedb-foreverBaseItem.lua
248691,Waylaid Crate: Flowering Expert Herbs,questiedb-foreverBaseItem.lua
248692,Waylaid Crate: Expert Ore,questiedb-foreverBaseItem.lua
248693,Waylaid Crate: Expert Textiles,questiedb-foreverBaseItem.lua
248694,Waylaid Crate: Expert Curiosities,questiedb-foreverBaseItem.lua
248695,Waylaid Crate: Earthly Artisan Herbs,questiedb-foreverBaseItem.lua
248696,Waylaid Crate: Flowering Artisan Herbs,questiedb-foreverBaseItem.lua
248697,Waylaid Crate: Artisan Ore,questiedb-foreverBaseItem.lua
248698,Waylaid Crate: Artisan Textiles,questiedb-foreverBaseItem.lua
248699,Waylaid Crate: Artisan Curiosities,questiedb-foreverBaseItem.lua
248702,Waylaid Crate: Apprentice Fabrics,questiedb-foreverBaseItem.lua
248703,Waylaid Crate: Apprentice Ingots,questiedb-foreverBaseItem.lua
248704,Waylaid Crate: Apprentice Parts,questiedb-foreverBaseItem.lua
248705,Waylaid Crate: Journeyman Fabrics,questiedb-foreverBaseItem.lua
248706,Waylaid Crate: Journeyman Ingots,questiedb-foreverBaseItem.lua
248707,Waylaid Crate: Journeyman Parts,questiedb-foreverBaseItem.lua
248708,Waylaid Crate: Expert Fabrics,questiedb-foreverBaseItem.lua
248709,Waylaid Crate: Expert Ingots,questiedb-foreverBaseItem.lua
248710,Waylaid Crate: Expert Parts,questiedb-foreverBaseItem.lua
248711,Waylaid Crate: Artisan Fabrics,questiedb-foreverBaseItem.lua
248712,Waylaid Crate: Artisan Ingots,questiedb-foreverBaseItem.lua
248713,Waylaid Crate: Artisan Parts,questiedb-foreverBaseItem.lua
248765,Sealed Apprentice Crate,questiedb-foreverBaseItem.lua
248766,Sealed Journeyman Crate,questiedb-foreverBaseItem.lua
248767,Sealed Expert Crate,questiedb-foreverBaseItem.lua
248768,Sealed Artisan Crate,questiedb-foreverBaseItem.lua
248769,Sealed Elite Crate,questiedb-foreverBaseItem.lua
248770,Sealed Apprentice Crate,questiedb-foreverBaseItem.lua
248771,Sealed Journeyman Crate,questiedb-foreverBaseItem.lua
248772,Sealed Expert Crate,questiedb-foreverBaseItem.lua
248773,Sealed Artisan Crate,questiedb-foreverBaseItem.lua
248774,Sealed Elite Crate,questiedb-foreverBaseItem.lua
248775,Sealed Apprentice Crate,questiedb-foreverBaseItem.lua
248776,Sealed Journeyman Crate,questiedb-foreverBaseItem.lua
248777,Sealed Expert Crate,questiedb-foreverBaseItem.lua
248778,Sealed Artisan Crate,questiedb-foreverBaseItem.lua
248779,Sealed Elite Crate,questiedb-foreverBaseItem.lua
248815,Heavy Thorium Ore,questiedb-foreverBaseItem.lua
248819,Fel Crystal,questiedb-foreverBaseItem.lua
248820,Torbernite,questiedb-foreverBaseItem.lua
248821,Demonsage,questiedb-foreverBaseItem.lua
248822,Death Lotus,questiedb-foreverBaseItem.lua
248823,Marefoil,questiedb-foreverBaseItem.lua
248824,Fel Hide,questiedb-foreverBaseItem.lua
248825,Fel Leather,questiedb-foreverBaseItem.lua
248930,Quinn's Potion,questiedb-foreverBaseItem.lua
248975,Seed of the Ancients,questiedb-foreverBaseItem.lua
249144,Twisted Nether Wand,questiedb-foreverBaseItem.lua
249232,Lesser Eternal Wand,questiedb-foreverBaseItem.lua
249234,Dreambough Wand,questiedb-foreverBaseItem.lua
249237,Greater Eternal Wand,questiedb-foreverBaseItem.lua
249274,Stranglevine,questiedb-foreverBaseItem.lua
249385,Brilliant Wand,questiedb-foreverBaseItem.lua
249390,Seals of the Sin'dorei,questiedb-foreverBaseItem.lua
249391,Pyrite,questiedb-foreverBaseItem.lua
249392,Glimmering Staff,questiedb-foreverBaseItem.lua
249393,Soulstaff,questiedb-foreverBaseItem.lua
249394,Orb of Mystic Insight,questiedb-foreverBaseItem.lua
249395,Orb of Souls,questiedb-foreverBaseItem.lua
249396,Mystic Mushroom,questiedb-foreverBaseItem.lua
249397,Tenets of the Silver Hand,questiedb-foreverBaseItem.lua
249398,Polished Driftwood Icon,questiedb-foreverBaseItem.lua
249399,Frilled Lichen,questiedb-foreverBaseItem.lua
249409,Cerulean Dye,questiedb-foreverBaseItem.lua
249410,Sulfuric Acid,questiedb-foreverBaseItem.lua
249424,Rosecap,questiedb-foreverBaseItem.lua
249425,Bauxite,questiedb-foreverBaseItem.lua
249426,Pitchblende,questiedb-foreverBaseItem.lua
249427,Pristine Leather,questiedb-foreverBaseItem.lua
249428,Pristine Hide,questiedb-foreverBaseItem.lua
249429,Pristine Scale,questiedb-foreverBaseItem.lua
249430,Magenta Dye,questiedb-foreverBaseItem.lua
249431,Viridian Dye,questiedb-foreverBaseItem.lua
249432,Sandpaper,questiedb-foreverBaseItem.lua
249441,Talons of Wrath,questiedb-foreverBaseItem.lua
249442,Libram of Invocation,questiedb-foreverBaseItem.lua
249443,Totem of Ancestral Protection,questiedb-foreverBaseItem.lua
249453,Radiant Staff,questiedb-foreverBaseItem.lua
249454,Dreamstaff,questiedb-foreverBaseItem.lua
249455,Truesilver Conduit,questiedb-foreverBaseItem.lua
249456,Twisting Essence Jar,questiedb-foreverBaseItem.lua
249469,Frozen Heart of the Mountain,questiedb-foreverBaseItem.lua
249470,Molten Heart of the Mountain,questiedb-foreverBaseItem.lua
249473,Dormant Heart of the Mountain,questiedb-foreverBaseItem.lua
249474,Formula: Enchant Bracer - Minor Intellect,questiedb-foreverBaseItem.lua
249475,Formula: Enchant Bracer - Minor Healing Power,questiedb-foreverBaseItem.lua
249476,Formula: Mystic Mushroom,questiedb-foreverBaseItem.lua
249477,Formula: Tenets of the Silver Hand,questiedb-foreverBaseItem.lua
249478,Formula: Polished Driftwood Icon,questiedb-foreverBaseItem.lua
249479,Formula: Enchant Weapon - Insight,questiedb-foreverBaseItem.lua
249480,Formula: Enchant Weapon - Recovery,questiedb-foreverBaseItem.lua
249481,Formula: Enchant Weapon - Revelation,questiedb-foreverBaseItem.lua
249482,Formula: Glimmering Staff,questiedb-foreverBaseItem.lua
249483,Formula: Soulstaff,questiedb-foreverBaseItem.lua
249484,Formula: Orb of Mystic Insight,questiedb-foreverBaseItem.lua
249485,Formula: Orb of Souls,questiedb-foreverBaseItem.lua
249486,Formula: Enchant Bracer - Lesser Agility,questiedb-foreverBaseItem.lua
249487,Formula: Twisted Nether Wand,questiedb-foreverBaseItem.lua
249488,Formula: Enchant Bracer - Agility,questiedb-foreverBaseItem.lua
249489,Formula: Enchant Bracer - Lesser Healing Power,questiedb-foreverBaseItem.lua
249493,Formula: Talons of Wrath,questiedb-foreverBaseItem.lua
249494,Formula: Libram of Invocation,questiedb-foreverBaseItem.lua
249495,Formula: Totem of Ancestral Protection,questiedb-foreverBaseItem.lua
249496,Formula: Enchant Necklace - Strength,questiedb-foreverBaseItem.lua
249502,Formula: Enchant Necklace - Spell Power,questiedb-foreverBaseItem.lua
249503,Formula: Enchant Necklace - Healing Power,questiedb-foreverBaseItem.lua
249504,Formula: Enchant Necklace - Agility,questiedb-foreverBaseItem.lua
249505,Formula: Enchant Necklace - Deflection,questiedb-foreverBaseItem.lua
249506,Formula: Radiant Staff,questiedb-foreverBaseItem.lua
249507,Formula: Dreamstaff,questiedb-foreverBaseItem.lua
249508,Formula: Truesilver Conduit,questiedb-foreverBaseItem.lua
249509,Formula: Twisting Essence Jar,questiedb-foreverBaseItem.lua
249510,Formula: Enchant Chest - Absorption,questiedb-foreverBaseItem.lua
249511,Formula: Enchant 2H Weapon - Lesser Agility,questiedb-foreverBaseItem.lua
249512,Formula: Dreambough Wand,questiedb-foreverBaseItem.lua
249513,Formula: Enchant 2H Weapon - Lesser Strength,questiedb-foreverBaseItem.lua
249514,Formula: Enchant Bracer - Greater Agility,questiedb-foreverBaseItem.lua
249515,Formula: Lesser Eternal Wand,questiedb-foreverBaseItem.lua
249516,Formula: Enchant Gloves - Advanced Skinning,questiedb-foreverBaseItem.lua
249522,Formula: Greater Eternal Wand,questiedb-foreverBaseItem.lua
249523,Formula: Enchant 2H Weapon - Strength,questiedb-foreverBaseItem.lua
249524,Formula: Enchant Bracer - Superior Agility,questiedb-foreverBaseItem.lua
249525,Formula: Enchant 2H Weapon - Mighty Spell Power,questiedb-foreverBaseItem.lua
249526,Formula: Enchant 2H Weapon - Mighty Healing Power,questiedb-foreverBaseItem.lua
249529,Formula: Idol of the Dream,questiedb-foreverBaseItem.lua
249530,Formula: Libram of Holy Alacrity,questiedb-foreverBaseItem.lua
249532,Formula: Totem of Thunder,questiedb-foreverBaseItem.lua
249534,Formula: Enchant Gloves - Arcane Power,questiedb-foreverBaseItem.lua
249535,Formula: Enchant Gloves - Natural Power,questiedb-foreverBaseItem.lua
249536,Formula: Enchant Gloves - Holy Power,questiedb-foreverBaseItem.lua
249537,Formula: Brilliant Wand,questiedb-foreverBaseItem.lua
249538,Formula: Enchant Bracer - Superior Intellect,questiedb-foreverBaseItem.lua
249539,Formula: Enchant Bracer - Superior Deflection,questiedb-foreverBaseItem.lua
249692,Head of Varrox Bleakhoof,questiedb-foreverBaseItem.lua
249693,Totem of Ursol,questiedb-foreverBaseItem.lua
249694,Totem of Ursoc,questiedb-foreverBaseItem.lua
249695,Fel-Tainted Flesh,questiedb-foreverBaseItem.lua
249696,Tusks of the Unbroken,questiedb-foreverBaseItem.lua
249697,Claws of the Great Bear,questiedb-foreverBaseItem.lua
249698,Feathered Charm Necklace,questiedb-foreverBaseItem.lua
249726,Azerothium Bar,questiedb-foreverBaseItem.lua
249791,Shiny Green Apple,questiedb-foreverBaseItem.lua
249792,Sweetsour Grapes,questiedb-foreverBaseItem.lua
249793,Wayward Pomegranate,questiedb-foreverBaseItem.lua
249794,Tel'Abim Plantains,questiedb-foreverBaseItem.lua
249795,Flame Papaya,questiedb-foreverBaseItem.lua
249796,Hyjal Berries,questiedb-foreverBaseItem.lua
249802,Grainy Fruit Pulp,questiedb-foreverBaseItem.lua
249803,Tangy Fruit Pulp,questiedb-foreverBaseItem.lua
249865,Peace Tea,questiedb-foreverBaseItem.lua
249866,Royal Tea,questiedb-foreverBaseItem.lua
249867,Root Tea,questiedb-foreverBaseItem.lua
249868,Triage Tea,questiedb-foreverBaseItem.lua
249869,Sunny Tea,questiedb-foreverBaseItem.lua
249870,Sage's Tea,questiedb-foreverBaseItem.lua
249871,Venomous Smoothie,questiedb-foreverBaseItem.lua
249872,Slimy Smoothie,questiedb-foreverBaseItem.lua
249873,Mrrggl Smrrthle,questiedb-foreverBaseItem.lua
249874,Calcified Smoothie,questiedb-foreverBaseItem.lua
249875,Spicy Smoothie,questiedb-foreverBaseItem.lua
249876,Wicked Smoothie,questiedb-foreverBaseItem.lua
249879,Recipe: Peace Tea,questiedb-foreverBaseItem.lua
249880,Recipe: Royal Tea,questiedb-foreverBaseItem.lua
249881,Recipe: Root Tea,questiedb-foreverBaseItem.lua
249882,Recipe: Triage Tea,questiedb-foreverBaseItem.lua
249883,Recipe: Sunny Tea,questiedb-foreverBaseItem.lua
249884,Recipe: Sage's Tea,questiedb-foreverBaseItem.lua
249885,Recipe: Venomous Smoothie,questiedb-foreverBaseItem.lua
249886,Recipe: Slimy Smoothie,questiedb-foreverBaseItem.lua
249887,Recipe: Mrrggl Smrrthle,questiedb-foreverBaseItem.lua
249888,Recipe: Calcified Smoothie,questiedb-foreverBaseItem.lua
249889,Recipe: Spicy Smoothie,questiedb-foreverBaseItem.lua
249890,Recipe: Wicked Smoothie,questiedb-foreverBaseItem.lua
249895,Frosty Lashling Bud,questiedb-foreverBaseItem.lua
249896,Viridian Lashling Bud,questiedb-foreverBaseItem.lua
249897,Flowery Lashling Bud,questiedb-foreverBaseItem.lua
249898,Wilted Lashling Bud,questiedb-foreverBaseItem.lua
249900,Regurgitated Seed Pod,questiedb-foreverBaseItem.lua
249905,Scribbled I.O.U.,questiedb-foreverBaseItem.lua
250065,Savory Stag Sliders,questiedb-foreverBaseItem.lua
250066,Soaring Pamplona,questiedb-foreverBaseItem.lua
250067,Bat Hachee,questiedb-foreverBaseItem.lua
250068,Savory Turtle Stew,questiedb-foreverBaseItem.lua
250069,Flank au Poivre,questiedb-foreverBaseItem.lua
250070,Bear Bruscitti,questiedb-foreverBaseItem.lua
250071,Steaming Stag Steak,questiedb-foreverBaseItem.lua
250072,Swiftstrike Steak,questiedb-foreverBaseItem.lua
250073,Raging Raptor Ribs,questiedb-foreverBaseItem.lua
250074,Bear Brisket,questiedb-foreverBaseItem.lua
250075,Prehistoric Pulled Raptor,questiedb-foreverBaseItem.lua
250076,Raptor Rouladen,questiedb-foreverBaseItem.lua
250077,Twice-Spiced Raptor Slice,questiedb-foreverBaseItem.lua
250078,Giant Scrambled Eggs,questiedb-foreverBaseItem.lua
250079,Tasty Raptor Bites,questiedb-foreverBaseItem.lua
250080,Breakfast Omelette,questiedb-foreverBaseItem.lua
250081,Clam Linguine,questiedb-foreverBaseItem.lua
250101,Summit Guardian Polearm,questiedb-foreverBaseItem.lua
250173,Recipe: Savory Stag Sliders,questiedb-foreverBaseItem.lua
250174,Recipe: Soaring Pamplona,questiedb-foreverBaseItem.lua
250175,Recipe: Bat Hachee,questiedb-foreverBaseItem.lua
250176,Recipe: Savory Turtle Stew,questiedb-foreverBaseItem.lua
250177,Recipe: Flank au Poivre,questiedb-foreverBaseItem.lua
250178,Recipe: Bear Bruscitti,questiedb-foreverBaseItem.lua
250179,Recipe: Steaming Stag Steak,questiedb-foreverBaseItem.lua
250180,Recipe: Swiftstrike Steak,questiedb-foreverBaseItem.lua
250181,Recipe: Raging Raptor Ribs,questiedb-foreverBaseItem.lua
250182,Recipe: Bear Brisket,questiedb-foreverBaseItem.lua
250183,Recipe: Prehistoric Pulled Raptor,questiedb-foreverBaseItem.lua
250184,Recipe: Raptor Rouladen,questiedb-foreverBaseItem.lua
250185,Recipe: Twice-Spiced Raptor Slice,questiedb-foreverBaseItem.lua
250186,Recipe: Giant Scrambled Eggs,questiedb-foreverBaseItem.lua
250187,Recipe: Tasty Raptor Bites,questiedb-foreverBaseItem.lua
250188,Recipe: Breakfast Omelette,questiedb-foreverBaseItem.lua
250189,Recipe: Clam Linguine,questiedb-foreverBaseItem.lua
250217,Purveyor of Light,questiedb-foreverBaseItem.lua
250327,Draught of Predatory Senses,questiedb-foreverBaseItem.lua
250328,Elixir of Cunning,questiedb-foreverBaseItem.lua
250329,Elixir of the Phalanx,questiedb-foreverBaseItem.lua
250330,Minor Cleric's Elixir,questiedb-foreverBaseItem.lua
250331,Lesser Cleric's Elixir,questiedb-foreverBaseItem.lua
250332,Cleric's Elixir,questiedb-foreverBaseItem.lua
250333,Greater Cleric's Elixir,questiedb-foreverBaseItem.lua
250334,Elixir of Fortitude,questiedb-foreverBaseItem.lua
250335,Elixir of Greater Fortitude,questiedb-foreverBaseItem.lua
250336,Elixir of Wicked Regeneration,questiedb-foreverBaseItem.lua
250337,Elixir of the Owl,questiedb-foreverBaseItem.lua
250338,Elixir of Sages,questiedb-foreverBaseItem.lua
250339,Minor Mageblood Elixir,questiedb-foreverBaseItem.lua
250340,Lesser Mageblood Elixir,questiedb-foreverBaseItem.lua
250341,Greater Mageblood Elixir,questiedb-foreverBaseItem.lua
250342,Lesser Arcane Elixir,questiedb-foreverBaseItem.lua
250343,Elixir of Nature Power,questiedb-foreverBaseItem.lua
250344,Elixir of Minor Spirit,questiedb-foreverBaseItem.lua
250345,Elixir of Lesser Spirit,questiedb-foreverBaseItem.lua
250346,Elixir of Spirit,questiedb-foreverBaseItem.lua
250347,Elixir of Greater Spirit,questiedb-foreverBaseItem.lua
250348,Elixir of the Whale,questiedb-foreverBaseItem.lua
250349,Elixir of Strength,questiedb-foreverBaseItem.lua
250350,Elixir of Ferocity,questiedb-foreverBaseItem.lua
250351,Elixir of the Grizzly,questiedb-foreverBaseItem.lua
250353,Elixir of Lesser Intellect,questiedb-foreverBaseItem.lua
250354,Elixir of Intellect,questiedb-foreverBaseItem.lua
250363,Recipe: Draught of Predatory Senses,questiedb-foreverBaseItem.lua
250364,Recipe: Elixir of Cunning,questiedb-foreverBaseItem.lua
250365,Recipe: Elixir of the Phalanx,questiedb-foreverBaseItem.lua
250366,Recipe: Minor Cleric's Elixir,questiedb-foreverBaseItem.lua
250367,Recipe: Lesser Cleric's Elixir,questiedb-foreverBaseItem.lua
250368,Recipe: Cleric's Elixir,questiedb-foreverBaseItem.lua
250369,Recipe: Greater Cleric's Elixir,questiedb-foreverBaseItem.lua
250370,Recipe: Elixir of Fortitude,questiedb-foreverBaseItem.lua
250371,Recipe: Elixir of Greater Fortitude,questiedb-foreverBaseItem.lua
250372,Recipe: Elixir of Wicked Regeneration,questiedb-foreverBaseItem.lua
250373,Recipe: Elixir of the Owl,questiedb-foreverBaseItem.lua
250374,Recipe: Elixir of Sages,questiedb-foreverBaseItem.lua
250375,Recipe: Minor Mageblood Elixir,questiedb-foreverBaseItem.lua
250376,Recipe: Lesser Mageblood Elixir,questiedb-foreverBaseItem.lua
250377,Recipe: Greater Mageblood Elixir,questiedb-foreverBaseItem.lua
250378,Recipe: Lesser Arcane Elixir,questiedb-foreverBaseItem.lua
250379,Recipe: Elixir of Nature Power,questiedb-foreverBaseItem.lua
250380,Recipe: Elixir of Minor Spirit,questiedb-foreverBaseItem.lua
250381,Recipe: Elixir of Lesser Spirit,questiedb-foreverBaseItem.lua
250382,Recipe: Elixir of Spirit,questiedb-foreverBaseItem.lua
250383,Recipe: Elixir of Greater Spirit,questiedb-foreverBaseItem.lua
250384,Recipe: Elixir of the Whale,questiedb-foreverBaseItem.lua
250385,Recipe: Elixir of Strength,questiedb-foreverBaseItem.lua
250386,Recipe: Elixir of Ferocity,questiedb-foreverBaseItem.lua
250387,Recipe: Elixir of the Grizzly,questiedb-foreverBaseItem.lua
250388,Recipe: Elixir of Lesser Intellect,questiedb-foreverBaseItem.lua
250389,Recipe: Elixir of Intellect,questiedb-foreverBaseItem.lua
250482,Glowing Copper Boots,questiedb-foreverBaseItem.lua
250483,Sterling Silver Boots,questiedb-foreverBaseItem.lua
250484,Sterling Silver Leggings,questiedb-foreverBaseItem.lua
250485,Sterling Silver Gauntlet,questiedb-foreverBaseItem.lua
250486,Sterling Silver Shoulders,questiedb-foreverBaseItem.lua
250487,Sterling Silver Breastplate,questiedb-foreverBaseItem.lua
250488,Veteran's Chain Shirt,questiedb-foreverBaseItem.lua
250489,Guard's Chain Shirt,questiedb-foreverBaseItem.lua
250490,Protector's Chain Shirt,questiedb-foreverBaseItem.lua
250491,Acolyte's Chain Shirt,questiedb-foreverBaseItem.lua
250492,Crusader's Chain Shirt,questiedb-foreverBaseItem.lua
250493,Veteran's Chain Leggings,questiedb-foreverBaseItem.lua
250494,Guard's Chain Leggings,questiedb-foreverBaseItem.lua
250495,Protector's Chain Leggings,questiedb-foreverBaseItem.lua
250496,Acolyte's Chain Leggings,questiedb-foreverBaseItem.lua
250497,Crusader's Chain Leggings,questiedb-foreverBaseItem.lua
250498,Veteran's Chain Helm,questiedb-foreverBaseItem.lua
250499,Guard's Chain Helm,questiedb-foreverBaseItem.lua
250500,Protector's Chain Helm,questiedb-foreverBaseItem.lua
250501,Acolyte's Chain Helm,questiedb-foreverBaseItem.lua
250502,Crusader's Chain Helm,questiedb-foreverBaseItem.lua
250503,Veteran's Boots,questiedb-foreverBaseItem.lua
250504,Guard's Boots,questiedb-foreverBaseItem.lua
250505,Protector's Boots,questiedb-foreverBaseItem.lua
250506,Acolyte's Boots,questiedb-foreverBaseItem.lua
250507,Crusader's Boots,questiedb-foreverBaseItem.lua
250508,Veteran's Gloves,questiedb-foreverBaseItem.lua
250509,Guard's Gloves,questiedb-foreverBaseItem.lua
250510,Protector's Gloves,questiedb-foreverBaseItem.lua
250511,Acolyte's Gloves,questiedb-foreverBaseItem.lua
250512,Crusader's Gloves,questiedb-foreverBaseItem.lua
250513,Veteran's Chain Belt,questiedb-foreverBaseItem.lua
250514,Guard's Chain Belt,questiedb-foreverBaseItem.lua
250515,Protector's Chain Belt,questiedb-foreverBaseItem.lua
250516,Acolyte's Chain Belt,questiedb-foreverBaseItem.lua
250517,Crusader's Chain Belt,questiedb-foreverBaseItem.lua
250518,Veteran's Silvered Chain Shirt,questiedb-foreverBaseItem.lua
250519,Guard's Silvered Chain Shirt,questiedb-foreverBaseItem.lua
250520,Protector's Silvered Chain Shirt,questiedb-foreverBaseItem.lua
250521,Acolyte's Silvered Chain Shirt,questiedb-foreverBaseItem.lua
250522,Crusader's Silvered Chain Shirt,questiedb-foreverBaseItem.lua
250523,Veteran's Silvered Chain Leggings,questiedb-foreverBaseItem.lua
250524,Guard's Silvered Chain Leggings,questiedb-foreverBaseItem.lua
250525,Protector's Silvered Chain Leggings,questiedb-foreverBaseItem.lua
250526,Acolyte's Silvered Chain Leggings,questiedb-foreverBaseItem.lua
250527,Crusader's Silvered Chain Leggings,questiedb-foreverBaseItem.lua
250528,Veteran's Silvered Chain Helm,questiedb-foreverBaseItem.lua
250529,Guard's Silvered Chain Helm,questiedb-foreverBaseItem.lua
250530,Protector's Silvered Chain Helm,questiedb-foreverBaseItem.lua
250531,Acolyte's Silvered Chain Helm,questiedb-foreverBaseItem.lua
250532,Crusader's Silvered Chain Helm,questiedb-foreverBaseItem.lua
250533,Hard Gold Cuirass,questiedb-foreverBaseItem.lua
250534,Hard Gold Boots,questiedb-foreverBaseItem.lua
250535,Hard Gold Bracers,questiedb-foreverBaseItem.lua
250536,Hard Gold Leggings,questiedb-foreverBaseItem.lua
250537,Hard Gold Coif,questiedb-foreverBaseItem.lua
250538,Hard Gold Gauntlet,questiedb-foreverBaseItem.lua
250539,Hard Gold Pauldrons,questiedb-foreverBaseItem.lua
250540,Shining Mithril Breastplate,questiedb-foreverBaseItem.lua
250541,Shining Mithril Pauldrons,questiedb-foreverBaseItem.lua
250542,Shining Mithril Boots,questiedb-foreverBaseItem.lua
250543,Shining Mithril Helm,questiedb-foreverBaseItem.lua
250544,Shining Mithril Pants,questiedb-foreverBaseItem.lua
250545,Shining Mithril Gauntlet,questiedb-foreverBaseItem.lua
250546,Officer's Boots,questiedb-foreverBaseItem.lua
250547,Sentinel's Boots,questiedb-foreverBaseItem.lua
250548,Warder's Boots,questiedb-foreverBaseItem.lua
250549,Prefect's Boots,questiedb-foreverBaseItem.lua
250550,Justicar's Boots,questiedb-foreverBaseItem.lua
250551,Officer's Gloves,questiedb-foreverBaseItem.lua
250552,Sentinel's Gloves,questiedb-foreverBaseItem.lua
250553,Warder's Gloves,questiedb-foreverBaseItem.lua
250554,Prefect's Gloves,questiedb-foreverBaseItem.lua
250555,Justicar's Gloves,questiedb-foreverBaseItem.lua
250556,Officer's Belt,questiedb-foreverBaseItem.lua
250557,Sentinel's Belt,questiedb-foreverBaseItem.lua
250558,Warder's Belt,questiedb-foreverBaseItem.lua
250559,Prefect's Belt,questiedb-foreverBaseItem.lua
250560,Justicar's Belt,questiedb-foreverBaseItem.lua
250561,Officer's Sabatons,questiedb-foreverBaseItem.lua
250562,Sentinel's Sabatons,questiedb-foreverBaseItem.lua
250563,Warder's Sabatons,questiedb-foreverBaseItem.lua
250564,Prefect's Sabatons,questiedb-foreverBaseItem.lua
250565,Justicar's Sabatons,questiedb-foreverBaseItem.lua
250566,Officer's Gauntlet,questiedb-foreverBaseItem.lua
250567,Sentinel's Gauntlet,questiedb-foreverBaseItem.lua
250568,Warder's Gauntlet,questiedb-foreverBaseItem.lua
250569,Prefect's Gauntlet,questiedb-foreverBaseItem.lua
250570,Justicar's Gauntlet,questiedb-foreverBaseItem.lua
250571,Officer's Waistguard,questiedb-foreverBaseItem.lua
250572,Sentinel's Waistguard,questiedb-foreverBaseItem.lua
250573,Warder's Waistguard,questiedb-foreverBaseItem.lua
250574,Prefect's Waistguard,questiedb-foreverBaseItem.lua
250575,Justicar's Waistguard,questiedb-foreverBaseItem.lua
250576,Officer's Pauldrons,questiedb-foreverBaseItem.lua
250577,Sentinel's Pauldrons,questiedb-foreverBaseItem.lua
250578,Warder's Pauldrons,questiedb-foreverBaseItem.lua
250579,Prefect's Pauldrons,questiedb-foreverBaseItem.lua
250580,Justicar's Pauldrons,questiedb-foreverBaseItem.lua
250581,Officer's Wristguards,questiedb-foreverBaseItem.lua
250582,Sentinel's Wristguards,questiedb-foreverBaseItem.lua
250583,Warder's Wristguards,questiedb-foreverBaseItem.lua
250584,Prefect's Wristguards,questiedb-foreverBaseItem.lua
250585,Justicar's Wristguards,questiedb-foreverBaseItem.lua
250586,Blessed Plate Pauldrons,questiedb-foreverBaseItem.lua
250587,Blessed Plate Boots,questiedb-foreverBaseItem.lua
250588,Blessed Plate Gauntlet,questiedb-foreverBaseItem.lua
250589,Imperial Plate Gauntlets,questiedb-foreverBaseItem.lua
250590,Blessed Plate Bracers,questiedb-foreverBaseItem.lua
250591,Blessed Plate Leggings,questiedb-foreverBaseItem.lua
250592,Blessed Plate Belt,questiedb-foreverBaseItem.lua
250593,Blessed Plate Helm,questiedb-foreverBaseItem.lua
250594,Blessed Plate Chest,questiedb-foreverBaseItem.lua
250595,Enriched Thorium Breastplate,questiedb-foreverBaseItem.lua
250596,Enriched Thorium Leggings,questiedb-foreverBaseItem.lua
250597,Enriched Thorium Helm,questiedb-foreverBaseItem.lua
250598,Champion's Legplates,questiedb-foreverBaseItem.lua
250599,Stalwart Helm,questiedb-foreverBaseItem.lua
250600,Martyr's Legplates,questiedb-foreverBaseItem.lua
250601,Breastplate of Salvation,questiedb-foreverBaseItem.lua
250602,Brass Knuckles,questiedb-foreverBaseItem.lua
250603,Bronze Dory,questiedb-foreverBaseItem.lua
250604,Iron Fists,questiedb-foreverBaseItem.lua
250605,Steel Spear,questiedb-foreverBaseItem.lua
250606,Iron Morningstar,questiedb-foreverBaseItem.lua
250607,Mithril Shortsword,questiedb-foreverBaseItem.lua
250608,Mithril Warhammer,questiedb-foreverBaseItem.lua
250609,Mithril Claws,questiedb-foreverBaseItem.lua
250610,Mithril Claymore,questiedb-foreverBaseItem.lua
250611,Mithril Stiletto,questiedb-foreverBaseItem.lua
250612,Charged Mithril Battleaxe,questiedb-foreverBaseItem.lua
250613,Thorium Greatmace,questiedb-foreverBaseItem.lua
250614,Thorium Cestus,questiedb-foreverBaseItem.lua
250615,Thorium Poleaxe,questiedb-foreverBaseItem.lua
250616,Bold Dirk,questiedb-foreverBaseItem.lua
250617,Stormcarver,questiedb-foreverBaseItem.lua
250618,Bagh Nakh,questiedb-foreverBaseItem.lua
250619,Legionite Glaive,questiedb-foreverBaseItem.lua
250620,Gemmed Copper Boots,questiedb-foreverBaseItem.lua
250621,Strange Copper Boots,questiedb-foreverBaseItem.lua
250725,Crate of Exotic Parts,questiedb-foreverBaseItem.lua
250744,Firestarter Fir,questiedb-foreverBaseItem.lua
250773,Nordrassil Root Cap,questiedb-foreverBaseItem.lua
250775,Frayed Wire,questiedb-foreverBaseItem.lua
250932,Minor Spellblasting Potion,questiedb-foreverBaseItem.lua
250933,Lesser Spellblasting Potion,questiedb-foreverBaseItem.lua
250934,Spellblasting Potion,questiedb-foreverBaseItem.lua
250935,Greater Spellblasting Potion,questiedb-foreverBaseItem.lua
250936,Superior Spellblasting Potion,questiedb-foreverBaseItem.lua
250937,Major Spellblasting Potion,questiedb-foreverBaseItem.lua
250938,Minor Frenzy Potion,questiedb-foreverBaseItem.lua
250939,Lesser Frenzy Potion,questiedb-foreverBaseItem.lua
250940,Frenzy Potion,questiedb-foreverBaseItem.lua
250941,Greater Frenzy Potion,questiedb-foreverBaseItem.lua
250942,Superior Frenzy Potion,questiedb-foreverBaseItem.lua
250943,Major Frenzy Potion,questiedb-foreverBaseItem.lua
250944,Minor Mender's Potion,questiedb-foreverBaseItem.lua
250945,Lesser Mender's Potion,questiedb-foreverBaseItem.lua
250946,Mender's Potion,questiedb-foreverBaseItem.lua
250947,Greater Mender's Potion,questiedb-foreverBaseItem.lua
250948,Superior Mender's Potion,questiedb-foreverBaseItem.lua
250949,Major Mender's Potion,questiedb-foreverBaseItem.lua
250950,Potion of Venomous Blood,questiedb-foreverBaseItem.lua
250951,Caustic Smog Potion,questiedb-foreverBaseItem.lua
250952,Disorienting Smog Potion,questiedb-foreverBaseItem.lua
250953,Dragonfire Potion,questiedb-foreverBaseItem.lua
250954,Potion of Elemental Purging,questiedb-foreverBaseItem.lua
250955,Potion of Beast Slaying,questiedb-foreverBaseItem.lua
250976,Recipe: Minor Spellblasting Potion,questiedb-foreverBaseItem.lua
250977,Recipe: Lesser Spellblasting Potion,questiedb-foreverBaseItem.lua
250978,Recipe: Spellblasting Potion,questiedb-foreverBaseItem.lua
250979,Recipe: Greater Spellblasting Potion,questiedb-foreverBaseItem.lua
250980,Recipe: Superior Spellblasting Potion,questiedb-foreverBaseItem.lua
250981,Recipe: Major Spellblasting Potion,questiedb-foreverBaseItem.lua
250982,Recipe: Minor Frenzy Potion,questiedb-foreverBaseItem.lua
250983,Recipe: Lesser Frenzy Potion,questiedb-foreverBaseItem.lua
250984,Recipe: Frenzy Potion,questiedb-foreverBaseItem.lua
250985,Recipe: Greater Frenzy Potion,questiedb-foreverBaseItem.lua
250986,Recipe: Superior Frenzy Potion,questiedb-foreverBaseItem.lua
250987,Recipe: Major Frenzy Potion,questiedb-foreverBaseItem.lua
250988,Recipe: Minor Mender's Potion,questiedb-foreverBaseItem.lua
250989,Recipe: Lesser Mender's Potion,questiedb-foreverBaseItem.lua
250990,Recipe: Mender's Potion,questiedb-foreverBaseItem.lua
250992,Recipe: Superior Mender's Potion,questiedb-foreverBaseItem.lua
250993,Recipe: Major Mender's Potion,questiedb-foreverBaseItem.lua
250994,Recipe: Potion of Venomous Blood,questiedb-foreverBaseItem.lua
250995,Recipe: Caustic Smog Potion,questiedb-foreverBaseItem.lua
250996,Recipe: Disorienting Smog Potion,questiedb-foreverBaseItem.lua
250997,Recipe: Dragonfire Potion,questiedb-foreverBaseItem.lua
250998,Recipe: Potion of Elemental Purging,questiedb-foreverBaseItem.lua
250999,Recipe: Potion of Beast Slaying,questiedb-foreverBaseItem.lua
251270,Blood-Stained Parchment,questiedb-foreverBaseItem.lua
251279,[DNT] Fragment of Air Essence REUSE,questiedb-foreverBaseItem.lua
251280,[DNT] Fragment of Fire Essence REUSE,questiedb-foreverBaseItem.lua
251281,[DNT] Fragment of Earth Essence REUSE,questiedb-foreverBaseItem.lua
251282,[DNT] Fragment of Water Essence REUSE,questiedb-foreverBaseItem.lua
251290,Legionite Bar,questiedb-foreverBaseItem.lua
251291,Heavy Thorium Bar,questiedb-foreverBaseItem.lua
251320,Satchet of Spirit Powder,questiedb-foreverBaseItem.lua
251332,Plans: Gemmed Copper Boots,questiedb-foreverBaseItem.lua
251333,Plans: Strange Copper Boots,questiedb-foreverBaseItem.lua
251334,Plans: Glowing Copper Boots,questiedb-foreverBaseItem.lua
251335,Plans: Sterling Silver Boots,questiedb-foreverBaseItem.lua
251336,Plans: Sterling Silver Leggings,questiedb-foreverBaseItem.lua
251337,Plans: Sterling Silver Gauntlet,questiedb-foreverBaseItem.lua
251338,Plans: Sterling Silver Shoulders,questiedb-foreverBaseItem.lua
251339,Plans: Sterling Silver Breastplate,questiedb-foreverBaseItem.lua
251341,Plans: Guard's Chain Shirt,questiedb-foreverBaseItem.lua
251355,Plans: Veteran's Boots,questiedb-foreverBaseItem.lua
251356,Plans: Guard's Boots,questiedb-foreverBaseItem.lua
251357,Plans: Protector's Boots,questiedb-foreverBaseItem.lua
251358,Plans: Acolyte's Boots,questiedb-foreverBaseItem.lua
251359,Plans: Crusader's Boots,questiedb-foreverBaseItem.lua
251360,Plans: Veteran's Gloves,questiedb-foreverBaseItem.lua
251361,Plans: Guard's Gloves,questiedb-foreverBaseItem.lua
251362,Plans: Protector's Gloves,questiedb-foreverBaseItem.lua
251363,Plans: Acolyte's Gloves,questiedb-foreverBaseItem.lua
251364,Plans: Crusader's Gloves,questiedb-foreverBaseItem.lua
251365,Plans: Veteran's Chain Belt,questiedb-foreverBaseItem.lua
251366,Plans: Guard's Chain Belt,questiedb-foreverBaseItem.lua
251367,Plans: Protector's Chain Belt,questiedb-foreverBaseItem.lua
251368,Plans: Acolyte's Chain Belt,questiedb-foreverBaseItem.lua
251369,Plans: Crusader's Chain Belt,questiedb-foreverBaseItem.lua
251370,Plans: Veteran's Silvered Chain Shirt,questiedb-foreverBaseItem.lua
251371,Plans: Guard's Silvered Chain Shirt,questiedb-foreverBaseItem.lua
251372,Plans: Protector's Silvered Chain Shirt,questiedb-foreverBaseItem.lua
251373,Plans: Acolyte's Silvered Chain Shirt,questiedb-foreverBaseItem.lua
251374,Plans: Crusader's Silvered Chain Shirt,questiedb-foreverBaseItem.lua
251375,Plans: Veteran's Silvered Chain Leggings,questiedb-foreverBaseItem.lua
251376,Plans: Guard's Silvered Chain Leggings,questiedb-foreverBaseItem.lua
251377,Plans: Protector's Silvered Chain Leggings,questiedb-foreverBaseItem.lua
251378,Plans: Acolyte's Silvered Chain Leggings,questiedb-foreverBaseItem.lua
251379,Plans: Crusader's Silvered Chain Leggings,questiedb-foreverBaseItem.lua
251380,Plans: Veteran's Silvered Chain Helm,questiedb-foreverBaseItem.lua
251381,Plans: Guard's Silvered Chain Helm,questiedb-foreverBaseItem.lua
251382,Plans: Protector's Silvered Chain Helm,questiedb-foreverBaseItem.lua
251383,Plans: Acolyte's Silvered Chain Helm,questiedb-foreverBaseItem.lua
251384,Plans: Crusader's Silvered Chain Helm,questiedb-foreverBaseItem.lua
251385,Plans: Hard Gold Cuirass,questiedb-foreverBaseItem.lua
251386,Plans: Hard Gold Boots,questiedb-foreverBaseItem.lua
251387,Plans: Hard Gold Bracers,questiedb-foreverBaseItem.lua
251388,Plans: Hard Gold Leggings,questiedb-foreverBaseItem.lua
251389,Plans: Hard Gold Coif,questiedb-foreverBaseItem.lua
251390,Plans: Hard Gold Gauntlet,questiedb-foreverBaseItem.lua
251391,Plans: Hard Gold Pauldrons,questiedb-foreverBaseItem.lua
251392,Plans: Shining Mithril Breastplate,questiedb-foreverBaseItem.lua
251393,Plans: Shining Mithril Pauldrons,questiedb-foreverBaseItem.lua
251394,Plans: Shining Mithril Boots,questiedb-foreverBaseItem.lua
251396,Plans: Shining Mithril Pants,questiedb-foreverBaseItem.lua
251397,Plans: Shining Mithril Gauntlet,questiedb-foreverBaseItem.lua
251398,Plans: Officer's Boots,questiedb-foreverBaseItem.lua
251399,Plans: Sentinel's Boots,questiedb-foreverBaseItem.lua
251400,Plans: Warder's Boots,questiedb-foreverBaseItem.lua
251401,Plans: Prefect's Boots,questiedb-foreverBaseItem.lua
251402,Plans: Justicar's Boots,questiedb-foreverBaseItem.lua
251403,Plans: Officer's Gloves,questiedb-foreverBaseItem.lua
251404,Plans: Sentinel's Gloves,questiedb-foreverBaseItem.lua
251405,Plans: Warder's Gloves,questiedb-foreverBaseItem.lua
251406,Plans: Prefect's Gloves,questiedb-foreverBaseItem.lua
251407,Plans: Justicar's Gloves,questiedb-foreverBaseItem.lua
251408,Plans: Officer's Belt,questiedb-foreverBaseItem.lua
251409,Plans: Sentinel's Belt,questiedb-foreverBaseItem.lua
251410,Plans: Warder's Belt,questiedb-foreverBaseItem.lua
251411,Plans: Prefect's Belt,questiedb-foreverBaseItem.lua
251412,Plans: Justicar's Belt,questiedb-foreverBaseItem.lua
251413,Plans: Officer's Sabatons,questiedb-foreverBaseItem.lua
251414,Plans: Sentinel's Sabatons,questiedb-foreverBaseItem.lua
251415,Plans: Warder's Sabatons,questiedb-foreverBaseItem.lua
251416,Plans: Prefect's Sabatons,questiedb-foreverBaseItem.lua
251417,Plans: Justicar's Sabatons,questiedb-foreverBaseItem.lua
251418,Plans: Officer's Gauntlet,questiedb-foreverBaseItem.lua
251419,Plans: Sentinel's Gauntlet,questiedb-foreverBaseItem.lua
251420,Plans: Warder's Gauntlet,questiedb-foreverBaseItem.lua
251421,Plans: Prefect's Gauntlet,questiedb-foreverBaseItem.lua
251422,Plans: Justicar's Gauntlet,questiedb-foreverBaseItem.lua
251423,Plans: Officer's Waistguard,questiedb-foreverBaseItem.lua
251424,Plans: Sentinel's Waistguard,questiedb-foreverBaseItem.lua
251425,Plans: Warder's Waistguard,questiedb-foreverBaseItem.lua
251426,Plans: Prefect's Waistguard,questiedb-foreverBaseItem.lua
251427,Plans: Justicar's Waistguard,questiedb-foreverBaseItem.lua
251428,Plans: Officer's Pauldrons,questiedb-foreverBaseItem.lua
251429,Plans: Sentinel's Pauldrons,questiedb-foreverBaseItem.lua
251430,Plans: Warder's Pauldrons,questiedb-foreverBaseItem.lua
251431,Plans: Prefect's Pauldrons,questiedb-foreverBaseItem.lua
251432,Plans: Justicar's Pauldrons,questiedb-foreverBaseItem.lua
251433,Plans: Officer's Wristguard,questiedb-foreverBaseItem.lua
251434,Plans: Sentinel's Wristguard,questiedb-foreverBaseItem.lua
251435,Plans: Warder's Wristguard,questiedb-foreverBaseItem.lua
251436,Plans: Prefect's Wristguard,questiedb-foreverBaseItem.lua
251437,Plans: Justicar's Wristguards,questiedb-foreverBaseItem.lua
251438,Plans: Blessed Plate Pauldrons,questiedb-foreverBaseItem.lua
251439,Plans: Blessed Plate Boots,questiedb-foreverBaseItem.lua
251440,Plans: Blessed Plate Gauntlet,questiedb-foreverBaseItem.lua
251441,Plans: Imperial Plate Gauntlets,questiedb-foreverBaseItem.lua
251442,Plans: Blessed Plate Bracers,questiedb-foreverBaseItem.lua
251443,Plans: Blessed Plate Leggings,questiedb-foreverBaseItem.lua
251444,Plans: Blessed Plate Belt,questiedb-foreverBaseItem.lua
251445,Plans: Blessed Plate Helm,questiedb-foreverBaseItem.lua
251446,Plans: Blessed Plate Chest,questiedb-foreverBaseItem.lua
251447,Plans: Enriched Thorium Breastplate,questiedb-foreverBaseItem.lua
251448,Plans: Enriched Thorium Leggings,questiedb-foreverBaseItem.lua
251449,Plans: Enriched Thorium Helm,questiedb-foreverBaseItem.lua
251450,Plans: Champion's Legplates,questiedb-foreverBaseItem.lua
251451,Plans: Stalwart Helm,questiedb-foreverBaseItem.lua
251452,Plans: Martyr's Legplates,questiedb-foreverBaseItem.lua
251453,Plans: Breastplate of Salvation,questiedb-foreverBaseItem.lua
251454,Plans: Brass Knuckles,questiedb-foreverBaseItem.lua
251455,Plans: Bronze Dory,questiedb-foreverBaseItem.lua
251456,Plans: Iron Fists,questiedb-foreverBaseItem.lua
251457,Plans: Steel Spear,questiedb-foreverBaseItem.lua
251458,Plans: Iron Morningstar,questiedb-foreverBaseItem.lua
251459,Plans: Mithril Shortsword,questiedb-foreverBaseItem.lua
251460,Plans: Mithril Warhammer,questiedb-foreverBaseItem.lua
251461,Plans: Mithril Claws,questiedb-foreverBaseItem.lua
251462,Plans: Mithril Claymore,questiedb-foreverBaseItem.lua
251463,Plans: Mithril Stiletto,questiedb-foreverBaseItem.lua
251464,Plans: Charged Mithril Battleaxe,questiedb-foreverBaseItem.lua
251465,Plans: Thorium Greatmace,questiedb-foreverBaseItem.lua
251466,Plans: Thorium Cestus,questiedb-foreverBaseItem.lua
251467,Plans: Thorium Poleaxe,questiedb-foreverBaseItem.lua
251468,Plans: Bold Dirk,questiedb-foreverBaseItem.lua
251469,Plans: Stormcarver,questiedb-foreverBaseItem.lua
251470,Plans: Bagh Nakh,questiedb-foreverBaseItem.lua
251471,Plans: Legionite Glaive,questiedb-foreverBaseItem.lua
251485,Edward's Knife,questiedb-foreverBaseItem.lua
251486,Tabitha's Cuffs,questiedb-foreverBaseItem.lua
251520,Last Scrawlings of Edward Heartweaver,questiedb-foreverBaseItem.lua
251522,Blood-Stained Letter,questiedb-foreverBaseItem.lua
251523,The Friends We Made Along the Way,questiedb-foreverBaseItem.lua
251524,Whimsyfin,questiedb-foreverBaseItem.lua
251525,Savory Whimsyfin Delight,questiedb-foreverBaseItem.lua
251526,Recipe: Savory Whimsyfin Delight,questiedb-foreverBaseItem.lua
251533,Forsaken Greataxe,questiedb-foreverBaseItem.lua
251534,Gnarled Necromancer's Staff,questiedb-foreverBaseItem.lua
251641,Hyjal Venison Cut,questiedb-foreverBaseItem.lua
251723,Charged Stone,questiedb-foreverBaseItem.lua
251735,Pattern: Slimeslayer's Adaptive Robes,questiedb-foreverBaseItem.lua
251736,Pattern: Slimeslayer's Adaptive Cuffs,questiedb-foreverBaseItem.lua
251737,Pattern: Slimeslayer's Adaptive Cord,questiedb-foreverBaseItem.lua
251738,Pattern: Beastculler's Adaptive Vest,questiedb-foreverBaseItem.lua
251739,Pattern: Beastculler's Adaptive Bracers,questiedb-foreverBaseItem.lua
251740,Pattern: Beastculler's Adaptive Wrap,questiedb-foreverBaseItem.lua
251741,Pattern: Dinodestroyer's Adaptive Chestguard,questiedb-foreverBaseItem.lua
251742,Pattern: Dinodestroyer's Adaptive Wrists,questiedb-foreverBaseItem.lua
251743,Pattern: Dinodestroyer's Adaptive Belt,questiedb-foreverBaseItem.lua
251744,Plans: Earthcrusher's Adaptive Chestplate,questiedb-foreverBaseItem.lua
251745,Plans: Earthcrusher's Adaptive Armguards,questiedb-foreverBaseItem.lua
251746,Plans: Earthcrusher's Adaptive Girdle,questiedb-foreverBaseItem.lua
251747,Schematic: Sludge Suppressor,questiedb-foreverBaseItem.lua
251748,Schematic: Enormous Tranquilizer Dart,questiedb-foreverBaseItem.lua
251749,Schematic: G.R.R.-Nade,questiedb-foreverBaseItem.lua
251750,Pattern: Slimetender's Adaptive Tunic,questiedb-foreverBaseItem.lua
251751,Pattern: Slimetender's Adaptive Bracers,questiedb-foreverBaseItem.lua
251752,Pattern: Slimetender's Adaptive Belt,questiedb-foreverBaseItem.lua
251753,Pattern: Beastmender's Adaptive Robe,questiedb-foreverBaseItem.lua
251754,Pattern: Beastmender's Adaptive Wristlinks,questiedb-foreverBaseItem.lua
251755,Pattern: Beastmender's Adaptive Girdle,questiedb-foreverBaseItem.lua
251756,Pattern: Dinomender's Adaptive Tunic,questiedb-foreverBaseItem.lua
251757,Pattern: Dinomender's Adaptive Wrists,questiedb-foreverBaseItem.lua
251758,Pattern: Dinomender's Adaptive Chain,questiedb-foreverBaseItem.lua
251759,Plans: Earthweaver's Adaptive Plate,questiedb-foreverBaseItem.lua
251760,Plans: Earthweaver's Adaptive Links,questiedb-foreverBaseItem.lua
251761,Plans: Earthweaver's Adaptive Waistguard,questiedb-foreverBaseItem.lua
251780,Rabbit Carcass,questiedb-foreverBaseItem.lua
251781,Head Scratcher's Scratchers,questiedb-foreverBaseItem.lua
251900,Thendal Grove Gift Voucher,questiedb-foreverBaseItem.lua
251917,Falorne's Homemade Tart,questiedb-foreverBaseItem.lua
251918,Scrawny Ursera Claw,questiedb-foreverBaseItem.lua
251924,Signet of Akir,questiedb-foreverBaseItem.lua
251925,Tattered Ursera Feather,questiedb-foreverBaseItem.lua
251927,Chipped Cirrusfly Stinger,questiedb-foreverBaseItem.lua
251928,Torn Insect Wing,questiedb-foreverBaseItem.lua
251930,Minor Essence of the Four Winds,questiedb-foreverBaseItem.lua
251931,Depleted Windstone,questiedb-foreverBaseItem.lua
251932,Sharpened Cirrusfly Stinger,questiedb-foreverBaseItem.lua
251941,Scribbled Letter,questiedb-foreverBaseItem.lua
251960,Yngwe's Axe,questiedb-foreverBaseItem.lua
251961,Arcane Mote,questiedb-foreverBaseItem.lua
251962,Violet Sash,questiedb-foreverBaseItem.lua
251983,Fel Infused Blossom,questiedb-foreverBaseItem.lua
252022,Galestrider Jerky,questiedb-foreverBaseItem.lua
252023,Zaalanarr Sharp,questiedb-foreverBaseItem.lua
252026,Gustberry Pie,questiedb-foreverBaseItem.lua
252027,Gustberry Juice,questiedb-foreverBaseItem.lua
252028,Fresh Gustberry Bread,questiedb-foreverBaseItem.lua
252029,Hippogryph Flank,questiedb-foreverBaseItem.lua
252030,Pungent Skycheddar,questiedb-foreverBaseItem.lua
252031,Crisp Spring Water,questiedb-foreverBaseItem.lua
252032,Red Delicious Stormapple,questiedb-foreverBaseItem.lua
252264,"""Gold""",questiedb-foreverBaseItem.lua
252424,Black Whelp Slippers,questiedb-foreverBaseItem.lua
252425,Dark Leather Boots,questiedb-foreverBaseItem.lua
252426,Murloc Scale Shoes,questiedb-foreverBaseItem.lua
252427,Moonglow Boots,questiedb-foreverBaseItem.lua
252428,Brawler's Leather Belt,questiedb-foreverBaseItem.lua
252429,Trapper's Leather Belt,questiedb-foreverBaseItem.lua
252430,Defender's Leather Belt,questiedb-foreverBaseItem.lua
252431,Totemic Leather Belt,questiedb-foreverBaseItem.lua
252432,Stormrider's Leather Belt,questiedb-foreverBaseItem.lua
252433,Wisdom's Leather Belt,questiedb-foreverBaseItem.lua
252434,Defender's Leather Armor,questiedb-foreverBaseItem.lua
252435,Totemic Leather Armor,questiedb-foreverBaseItem.lua
252436,Mystic Medium Armor Kit,questiedb-foreverBaseItem.lua
252437,Forceful Medium Armor Kit,questiedb-foreverBaseItem.lua
252439,Brawler's Leather Boots,questiedb-foreverBaseItem.lua
252440,Trapper's Leather Boots,questiedb-foreverBaseItem.lua
252441,Defender's Leather Boots,questiedb-foreverBaseItem.lua
252442,Totemic Leather Boots,questiedb-foreverBaseItem.lua
252443,Stormrider's Leather Boots,questiedb-foreverBaseItem.lua
252444,Wisdom's Leather Boots,questiedb-foreverBaseItem.lua
252445,Defender's Leather Pants,questiedb-foreverBaseItem.lua
252446,Totemic Leather Pants,questiedb-foreverBaseItem.lua
252447,Defender's Leather Hood,questiedb-foreverBaseItem.lua
252448,Totemic Leather Hood,questiedb-foreverBaseItem.lua
252449,Hillman's Leather Boots,questiedb-foreverBaseItem.lua
252450,Defender's Leather Tunic,questiedb-foreverBaseItem.lua
252451,Totemic Leather Tunic,questiedb-foreverBaseItem.lua
252452,Mystic Heavy Armor Kit,questiedb-foreverBaseItem.lua
252453,Forceful Heavy Armor Kit,questiedb-foreverBaseItem.lua
252455,Defender's Leather Helm,questiedb-foreverBaseItem.lua
252456,Totemic Leather Helm,questiedb-foreverBaseItem.lua
252457,Defender's Leather Kilt,questiedb-foreverBaseItem.lua
252458,Totemic Leather Leggings,questiedb-foreverBaseItem.lua
252459,Prowler's Leather Belt,questiedb-foreverBaseItem.lua
252460,Warden's Leather Belt,questiedb-foreverBaseItem.lua
252461,Skirmisher's Leather Belt,questiedb-foreverBaseItem.lua
252462,Mystic Thick Armor Kit,questiedb-foreverBaseItem.lua
252463,Forceful Thick Armor Kit,questiedb-foreverBaseItem.lua
252465,Prowler's Leather Shoes,questiedb-foreverBaseItem.lua
252466,Warden's Leather Shoes,questiedb-foreverBaseItem.lua
252467,Blue Suede Shoes,questiedb-foreverBaseItem.lua
252468,Prowler's Leather Boots,questiedb-foreverBaseItem.lua
252469,Skulker's Leather Boots,questiedb-foreverBaseItem.lua
252470,Warden's Leather Boots,questiedb-foreverBaseItem.lua
252471,Skycaller's Leather Boots,questiedb-foreverBaseItem.lua
252472,Mender's Leather Boots,questiedb-foreverBaseItem.lua
252473,Prowler's Leather Waistguard,questiedb-foreverBaseItem.lua
252474,Skulker's Leather Waistguard,questiedb-foreverBaseItem.lua
252475,Warden's Leather Waistguard,questiedb-foreverBaseItem.lua
252476,Skycaller's Leather Waistguard,questiedb-foreverBaseItem.lua
252477,Mender's Leather Waistguard,questiedb-foreverBaseItem.lua
252478,Blue Suede Pants,questiedb-foreverBaseItem.lua
252479,Wicked Leather Boots,questiedb-foreverBaseItem.lua
252480,Blue Suede Armor,questiedb-foreverBaseItem.lua
252481,Blue Suede Belt,questiedb-foreverBaseItem.lua
252482,Blue Suede Hat,questiedb-foreverBaseItem.lua
252483,Dawn Armor,questiedb-foreverBaseItem.lua
252484,Timbermaw Tunic,questiedb-foreverBaseItem.lua
252485,Warbear Helm,questiedb-foreverBaseItem.lua
252486,Ironfeather Leggings,questiedb-foreverBaseItem.lua
252487,Mystic Rugged Armor Kit,questiedb-foreverBaseItem.lua
252488,Forceful Rugged Armor Kit,questiedb-foreverBaseItem.lua
252490,Brawler's Leather Armor,questiedb-foreverBaseItem.lua
252491,Trapper's Leather Armor,questiedb-foreverBaseItem.lua
252492,Stormrider's Leather Armor,questiedb-foreverBaseItem.lua
252493,Wisdom's Leather Armor,questiedb-foreverBaseItem.lua
252494,Brawler's Leather Gloves,questiedb-foreverBaseItem.lua
252495,Trapper's Leather Gloves,questiedb-foreverBaseItem.lua
252496,Defender's Leather Gloves,questiedb-foreverBaseItem.lua
252497,Totemic Leather Gloves,questiedb-foreverBaseItem.lua
252498,Stormrider's Leather Gloves,questiedb-foreverBaseItem.lua
252499,Wisdom's Leather Gloves,questiedb-foreverBaseItem.lua
252500,Brawler's Leather Pants,questiedb-foreverBaseItem.lua
252501,Trapper's Leather Pants,questiedb-foreverBaseItem.lua
252502,Stormrider's Leather Pants,questiedb-foreverBaseItem.lua
252503,Wisdom's Leather Pants,questiedb-foreverBaseItem.lua
252504,Brawler's Leather Hood,questiedb-foreverBaseItem.lua
252505,Trapper's Leather Hood,questiedb-foreverBaseItem.lua
252506,Stormrider's Leather Hood,questiedb-foreverBaseItem.lua
252507,Wisdom's Leather Hood,questiedb-foreverBaseItem.lua
252508,Brawler's Leather Tunic,questiedb-foreverBaseItem.lua
252509,Trapper's Leather Tunic,questiedb-foreverBaseItem.lua
252510,Stormrider's Leather Tunic,questiedb-foreverBaseItem.lua
252511,Wisdom's Leather Tunic,questiedb-foreverBaseItem.lua
252512,Brawler's Leather Helm,questiedb-foreverBaseItem.lua
252513,Trapper's Leather Helm,questiedb-foreverBaseItem.lua
252514,Stormrider's Leather Helm,questiedb-foreverBaseItem.lua
252515,Wisdom's Leather Helm,questiedb-foreverBaseItem.lua
252516,Brawler's Leather Legguards,questiedb-foreverBaseItem.lua
252517,Trapper's Leather Legguards,questiedb-foreverBaseItem.lua
252518,Stormrider's Leather Kilt,questiedb-foreverBaseItem.lua
252519,Wisdom's Leather Leggings,questiedb-foreverBaseItem.lua
252520,Skulker's Leather Belt,questiedb-foreverBaseItem.lua
252521,Stalker's Leather Belt,questiedb-foreverBaseItem.lua
252522,Skycaller's Leather Belt,questiedb-foreverBaseItem.lua
252523,Mender's Leather Belt,questiedb-foreverBaseItem.lua
252524,Prowler's Leather Gloves,questiedb-foreverBaseItem.lua
252525,Skulker's Leather Gloves,questiedb-foreverBaseItem.lua
252526,Stalker's Leather Gloves,questiedb-foreverBaseItem.lua
252527,Warden's Leather Gloves,questiedb-foreverBaseItem.lua
252528,Skirmisher's Leather Gloves,questiedb-foreverBaseItem.lua
252529,Skycaller's Leather Gloves,questiedb-foreverBaseItem.lua
252530,Mender's Leather Gloves,questiedb-foreverBaseItem.lua
252531,Skulker's Leather Shoes,questiedb-foreverBaseItem.lua
252532,Skycaller's Leather Shoes,questiedb-foreverBaseItem.lua
252533,Mender's Leather Shoes,questiedb-foreverBaseItem.lua
252534,Prowler's Leather Shoulder,questiedb-foreverBaseItem.lua
252535,Skulker's Leather Shoulder,questiedb-foreverBaseItem.lua
252536,Warden's Leather Shoulder,questiedb-foreverBaseItem.lua
252537,Skycaller's Leather Shoulder,questiedb-foreverBaseItem.lua
252538,Mender's Leather Shoulder,questiedb-foreverBaseItem.lua
252539,Prowler's Leather Bracers,questiedb-foreverBaseItem.lua
252540,Skulker's Leather Bracers,questiedb-foreverBaseItem.lua
252541,Warden's Leather Bracers,questiedb-foreverBaseItem.lua
252542,Skycaller's Leather Bracers,questiedb-foreverBaseItem.lua
252543,Mender's Leather Bracers,questiedb-foreverBaseItem.lua
252544,Tooled Leather Belt,questiedb-foreverBaseItem.lua
252545,Tooled Leather Boots,questiedb-foreverBaseItem.lua
252546,Blue Suede Gloves,questiedb-foreverBaseItem.lua
252547,Prowler's Leather Gauntlets,questiedb-foreverBaseItem.lua
252548,Skulker's Leather Gauntlets,questiedb-foreverBaseItem.lua
252549,Warden's Leather Gauntlets,questiedb-foreverBaseItem.lua
252550,Skycaller's Leather Gauntlets,questiedb-foreverBaseItem.lua
252551,Mender's Leather Gauntlets,questiedb-foreverBaseItem.lua
252552,Tooled Leather Armor,questiedb-foreverBaseItem.lua
252553,Tooled Leather Gauntlets,questiedb-foreverBaseItem.lua
252554,Blue Suede Shoulder,questiedb-foreverBaseItem.lua
252555,Tooled Leather Crown,questiedb-foreverBaseItem.lua
252556,Wicked Leather Shoulder,questiedb-foreverBaseItem.lua
252557,Tooled Leather Bracers,questiedb-foreverBaseItem.lua
252558,Tooled Leather Epaulets,questiedb-foreverBaseItem.lua
252559,Blue Suede Bracers,questiedb-foreverBaseItem.lua
252560,Tooled Leather Pants,questiedb-foreverBaseItem.lua
252561,Living Crown,questiedb-foreverBaseItem.lua
252562,Stalker's Mail Boots,questiedb-foreverBaseItem.lua
252563,Skycaller's Mail Boots,questiedb-foreverBaseItem.lua
252564,Skirmisher's Mail Boots,questiedb-foreverBaseItem.lua
252565,Mender's Mail Boots,questiedb-foreverBaseItem.lua
252566,Stalker's Mail Shoulder,questiedb-foreverBaseItem.lua
252567,Skycaller's Mail Shoulder,questiedb-foreverBaseItem.lua
252568,Skirmisher's Mail Shoulder,questiedb-foreverBaseItem.lua
252569,Mender's Mail Shoulder,questiedb-foreverBaseItem.lua
252570,Stalker's Mail Bracers,questiedb-foreverBaseItem.lua
252571,Skycaller's Mail Bracers,questiedb-foreverBaseItem.lua
252572,Skirmisher's Mail Bracers,questiedb-foreverBaseItem.lua
252573,Mender's Mail Bracers,questiedb-foreverBaseItem.lua
252574,Supple Scorpid Boots,questiedb-foreverBaseItem.lua
252575,Charged Scorpid Belt,questiedb-foreverBaseItem.lua
252576,Stalker's Mail Sabatons,questiedb-foreverBaseItem.lua
252577,Skycaller's Mail Sabatons,questiedb-foreverBaseItem.lua
252578,Skirmisher's Mail Sabatons,questiedb-foreverBaseItem.lua
252579,Mender's Mail Sabatons,questiedb-foreverBaseItem.lua
252580,Supple Scorpid Leggings,questiedb-foreverBaseItem.lua
252581,Charged Scorpid Helm,questiedb-foreverBaseItem.lua
252582,Supple Scorpid Bracers,questiedb-foreverBaseItem.lua
252583,Charged Scorpid Shoulder,questiedb-foreverBaseItem.lua
252584,Stalker's Mail Gauntlets,questiedb-foreverBaseItem.lua
252585,Skycaller's Mail Gauntlets,questiedb-foreverBaseItem.lua
252586,Skirmisher's Mail Gauntlets,questiedb-foreverBaseItem.lua
252587,Mender's Mail Gauntlets,questiedb-foreverBaseItem.lua
252588,Stalker's Mail Belt,questiedb-foreverBaseItem.lua
252589,Skycaller's Mail Belt,questiedb-foreverBaseItem.lua
252590,Skirmisher's Mail Belt,questiedb-foreverBaseItem.lua
252591,Mender's Mail Belt,questiedb-foreverBaseItem.lua
252592,Supple Scorpid Shoulder,questiedb-foreverBaseItem.lua
252593,Charged Scorpid Bracers,questiedb-foreverBaseItem.lua
252594,Heavy Scorpid Boots,questiedb-foreverBaseItem.lua
252595,Supple Scorpid Belt,questiedb-foreverBaseItem.lua
252596,Charged Scorpid Gauntlets,questiedb-foreverBaseItem.lua
252597,Supple Scorpid Helm,questiedb-foreverBaseItem.lua
252598,Charged Scorpid Vest,questiedb-foreverBaseItem.lua
252599,Supple Scorpid Vest,questiedb-foreverBaseItem.lua
252600,Charged Scorpid Leggings,questiedb-foreverBaseItem.lua
252601,Supple Scorpid Sabatons,questiedb-foreverBaseItem.lua
252602,Charged Scorpid Boots,questiedb-foreverBaseItem.lua
252603,Red Dragonscale Leggings,questiedb-foreverBaseItem.lua
252604,Blue Dragonscale Helm,questiedb-foreverBaseItem.lua
252605,Black Dragonscale Helm,questiedb-foreverBaseItem.lua
252606,Pristine Scorpid Leggings,questiedb-foreverBaseItem.lua
252661,Commander Cyclas's Head,questiedb-foreverBaseItem.lua
252665,Head of Urs'anah,questiedb-foreverBaseItem.lua
252670,Prideclaw Pelt,questiedb-foreverBaseItem.lua
252671,Hoarder's Foot,questiedb-foreverBaseItem.lua
252673,Shen'dar Village Offering Coffer,questiedb-foreverBaseItem.lua
252674,Indari's Offering,questiedb-foreverBaseItem.lua
252675,Taleen's Offering,questiedb-foreverBaseItem.lua
252678,Demon Dust,questiedb-foreverBaseItem.lua
252760,Stolen Shen'dar Supplies,questiedb-foreverBaseItem.lua
252761,Pattern: Black Whelp Slippers,questiedb-foreverBaseItem.lua
252762,Pattern: Dark Leather Boots,questiedb-foreverBaseItem.lua
252763,Pattern: Murloc Scale Shoes,questiedb-foreverBaseItem.lua
252764,Pattern: Moonglow Boots,questiedb-foreverBaseItem.lua
252765,Pattern: Brawler's Leather Belt,questiedb-foreverBaseItem.lua
252766,Pattern: Trapper's Leather Belt,questiedb-foreverBaseItem.lua
252767,Pattern: Defender's Leather Belt,questiedb-foreverBaseItem.lua
252768,Pattern: Totemic Leather Belt,questiedb-foreverBaseItem.lua
252769,Pattern: Stormrider's Leather Belt,questiedb-foreverBaseItem.lua
252770,Pattern: Wisdom's Leather Belt,questiedb-foreverBaseItem.lua
252777,Pattern: Brawler's Leather Gloves,questiedb-foreverBaseItem.lua
252778,Pattern: Trapper's Leather Gloves,questiedb-foreverBaseItem.lua
252779,Pattern: Defender's Leather Gloves,questiedb-foreverBaseItem.lua
252780,Pattern: Totemic Leather Gloves,questiedb-foreverBaseItem.lua
252781,Pattern: Stormrider's Leather Gloves,questiedb-foreverBaseItem.lua
252782,Pattern: Wisdom's Leather Gloves,questiedb-foreverBaseItem.lua
252783,Pattern: Mystic Medium Armor Kit,questiedb-foreverBaseItem.lua
252784,Pattern: Forceful Medium Armor Kit,questiedb-foreverBaseItem.lua
252786,Pattern: Brawler's Leather Boots,questiedb-foreverBaseItem.lua
252787,Pattern: Trapper's Leather Boots,questiedb-foreverBaseItem.lua
252788,Pattern: Defender's Leather Boots,questiedb-foreverBaseItem.lua
252789,Pattern: Totemic Leather Boots,questiedb-foreverBaseItem.lua
252790,Pattern: Stormrider's Leather Boots,questiedb-foreverBaseItem.lua
252791,Pattern: Wisdom's Leather Boots,questiedb-foreverBaseItem.lua
252798,Pattern: Brawler's Leather Hood,questiedb-foreverBaseItem.lua
252799,Pattern: Trapper's Leather Hood,questiedb-foreverBaseItem.lua
252800,Pattern: Defender's Leather Hood,questiedb-foreverBaseItem.lua
252801,Pattern: Totemic Leather Hood,questiedb-foreverBaseItem.lua
252802,Pattern: Stormrider's Leather Hood,questiedb-foreverBaseItem.lua
252803,Pattern: Wisdom's Leather Hood,questiedb-foreverBaseItem.lua
252804,Pattern: Hillman's Leather Boots,questiedb-foreverBaseItem.lua
252805,Pattern: Brawler's Leather Tunic,questiedb-foreverBaseItem.lua
252806,Pattern: Trapper's Leather Tunic,questiedb-foreverBaseItem.lua
252807,Pattern: Defender's Leather Tunic,questiedb-foreverBaseItem.lua
252808,Pattern: Totemic Leather Tunic,questiedb-foreverBaseItem.lua
252809,Pattern: Stormrider's Leather Tunic,questiedb-foreverBaseItem.lua
252810,Pattern: Wisdom's Leather Tunic,questiedb-foreverBaseItem.lua
252811,Pattern: Mystic Heavy Armor Kit,questiedb-foreverBaseItem.lua
252812,Pattern: Forceful Heavy Armor Kit,questiedb-foreverBaseItem.lua
252820,Pattern: Brawler's Leather Legguards,questiedb-foreverBaseItem.lua
252821,Pattern: Trapper's Leather Legguards,questiedb-foreverBaseItem.lua
252822,Pattern: Defender's Leather Kilt,questiedb-foreverBaseItem.lua
252823,Pattern: Totemic Leather Leggings,questiedb-foreverBaseItem.lua
252824,Pattern: Stormrider's Leather Kilt,questiedb-foreverBaseItem.lua
252825,Pattern: Wisdom's Leather Leggings,questiedb-foreverBaseItem.lua
252826,Pattern: Prowler's Leather Belt,questiedb-foreverBaseItem.lua
252827,Pattern: Skulker's Leather Belt,questiedb-foreverBaseItem.lua
252828,Pattern: Stalker's Leather Belt,questiedb-foreverBaseItem.lua
252829,Pattern: Warden's Leather Belt,questiedb-foreverBaseItem.lua
252830,Pattern: Skirmisher's Leather Belt,questiedb-foreverBaseItem.lua
252831,Pattern: Skycaller's Leather Belt,questiedb-foreverBaseItem.lua
252832,Pattern: Mender's Leather Belt,questiedb-foreverBaseItem.lua
252833,Pattern: Mystic Thick Armor Kit,questiedb-foreverBaseItem.lua
252834,Pattern: Forceful Thick Armor Kit,questiedb-foreverBaseItem.lua
252836,Pattern: Prowler's Leather Gloves,questiedb-foreverBaseItem.lua
252837,Pattern: Skulker's Leather Gloves,questiedb-foreverBaseItem.lua
252838,Pattern: Stalker's Leather Gloves,questiedb-foreverBaseItem.lua
252839,Pattern: Warden's Leather Gloves,questiedb-foreverBaseItem.lua
252840,Pattern: Skirmisher's Leather Gloves,questiedb-foreverBaseItem.lua
252841,Pattern: Skycaller's Leather Gloves,questiedb-foreverBaseItem.lua
252842,Pattern: Mender's Leather Gloves,questiedb-foreverBaseItem.lua
252843,Pattern: Prowler's Leather Shoes,questiedb-foreverBaseItem.lua
252844,Pattern: Skulker's Leather Shoes,questiedb-foreverBaseItem.lua
252845,Pattern: Warden's Leather Shoes,questiedb-foreverBaseItem.lua
252846,Pattern: Skycaller's Leather Shoes,questiedb-foreverBaseItem.lua
252847,Pattern: Mender's Leather Shoes,questiedb-foreverBaseItem.lua
252848,Pattern: Prowler's Leather Shoulder,questiedb-foreverBaseItem.lua
252849,Pattern: Skulker's Leather Shoulder,questiedb-foreverBaseItem.lua
252850,Pattern: Warden's Leather Shoulder,questiedb-foreverBaseItem.lua
252851,Pattern: Skycaller's Leather Shoulder,questiedb-foreverBaseItem.lua
252852,Pattern: Mender's Leather Shoulder,questiedb-foreverBaseItem.lua
252853,Pattern: Prowler's Leather Bracers,questiedb-foreverBaseItem.lua
252854,Pattern: Skulker's Leather Bracers,questiedb-foreverBaseItem.lua
252855,Pattern: Warden's Leather Bracers,questiedb-foreverBaseItem.lua
252856,Pattern: Skycaller's Leather Bracers,questiedb-foreverBaseItem.lua
252857,Pattern: Mender's Leather Bracers,questiedb-foreverBaseItem.lua
252858,Pattern: Tooled Leather Belt,questiedb-foreverBaseItem.lua
252859,Pattern: Blue Suede Shoes,questiedb-foreverBaseItem.lua
252860,Pattern: Prowler's Leather Boots,questiedb-foreverBaseItem.lua
252861,Pattern: Skulker's Leather Boots,questiedb-foreverBaseItem.lua
252862,Pattern: Warden's Leather Boots,questiedb-foreverBaseItem.lua
252863,Pattern: Skycaller's Leather Boots,questiedb-foreverBaseItem.lua
252864,Pattern: Mender's Leather Boots,questiedb-foreverBaseItem.lua
252865,Pattern: Tooled Leather Boots,questiedb-foreverBaseItem.lua
252866,Pattern: Blue Suede Gloves,questiedb-foreverBaseItem.lua
252867,Pattern: Prowler's Leather Gauntlets,questiedb-foreverBaseItem.lua
252868,Pattern: Skulker's Leather Gauntlets,questiedb-foreverBaseItem.lua
252869,Pattern: Warden's Leather Gauntlets,questiedb-foreverBaseItem.lua
252870,Pattern: Skycaller's Leather Gauntlets,questiedb-foreverBaseItem.lua
252871,Pattern: Mender's Leather Gauntlets,questiedb-foreverBaseItem.lua
252872,Pattern: Prowler's Leather Waistguard,questiedb-foreverBaseItem.lua
252873,Pattern: Skulker's Leather Waistguard,questiedb-foreverBaseItem.lua
252874,Pattern: Warden's Leather Waistguard,questiedb-foreverBaseItem.lua
252875,Pattern: Skycaller's Leather Waistguard,questiedb-foreverBaseItem.lua
252876,Pattern: Mender's Leather Waistguard,questiedb-foreverBaseItem.lua
252877,Pattern: Tooled Leather Armor,questiedb-foreverBaseItem.lua
252878,Pattern: Blue Suede Pants,questiedb-foreverBaseItem.lua
252879,Pattern: Wicked Leather Boots,questiedb-foreverBaseItem.lua
252880,Pattern: Tooled Leather Gauntlets,questiedb-foreverBaseItem.lua
252881,Pattern: Blue Suede Shoulder,questiedb-foreverBaseItem.lua
252882,Pattern: Tooled Leather Crown,questiedb-foreverBaseItem.lua
252883,Pattern: Blue Suede Armor,questiedb-foreverBaseItem.lua
252884,Pattern: Wicked Leather Shoulder,questiedb-foreverBaseItem.lua
252885,Pattern: Tooled Leather Bracers,questiedb-foreverBaseItem.lua
252886,Pattern: Blue Suede Belt,questiedb-foreverBaseItem.lua
252887,Pattern: Tooled Leather Epaulets,questiedb-foreverBaseItem.lua
252888,Pattern: Blue Suede Bracers,questiedb-foreverBaseItem.lua
252889,Pattern: Tooled Leather Pants,questiedb-foreverBaseItem.lua
252890,Pattern: Blue Suede Hat,questiedb-foreverBaseItem.lua
252891,Pattern: Living Crown,questiedb-foreverBaseItem.lua
252892,Pattern: Dawn Armor,questiedb-foreverBaseItem.lua
252893,Pattern: Timbermaw Tunic,questiedb-foreverBaseItem.lua
252894,Pattern: Warbear Helm,questiedb-foreverBaseItem.lua
252895,Pattern: Ironfeather Leggings,questiedb-foreverBaseItem.lua
252896,Pattern: Stalker's Mail Boots,questiedb-foreverBaseItem.lua
252897,Pattern: Skycaller's Mail Boots,questiedb-foreverBaseItem.lua
252898,Pattern: Skirmisher's Mail Boots,questiedb-foreverBaseItem.lua
252899,Pattern: Mender's Mail Boots,questiedb-foreverBaseItem.lua
252900,Pattern: Stalker's Mail Shoulder,questiedb-foreverBaseItem.lua
252901,Pattern: Skycaller's Mail Shoulder,questiedb-foreverBaseItem.lua
252902,Pattern: Skirmisher's Mail Shoulder,questiedb-foreverBaseItem.lua
252903,Pattern: Mender's Mail Shoulder,questiedb-foreverBaseItem.lua
252904,Pattern: Stalker's Mail Bracers,questiedb-foreverBaseItem.lua
252905,Pattern: Skycaller's Mail Bracers,questiedb-foreverBaseItem.lua
252906,Pattern: Skirmisher's Mail Bracers,questiedb-foreverBaseItem.lua
252907,Pattern: Mender's Mail Bracers,questiedb-foreverBaseItem.lua
252908,Pattern: Supple Scorpid Boots,questiedb-foreverBaseItem.lua
252909,Pattern: Charged Scorpid Belt,questiedb-foreverBaseItem.lua
252910,Pattern: Stalker's Mail Sabatons,questiedb-foreverBaseItem.lua
252911,Pattern: Skycaller's Mail Sabatons,questiedb-foreverBaseItem.lua
252912,Pattern: Skirmisher's Mail Sabatons,questiedb-foreverBaseItem.lua
252913,Pattern: Mender's Mail Sabatons,questiedb-foreverBaseItem.lua
252914,Pattern: Supple Scorpid Leggings,questiedb-foreverBaseItem.lua
252915,Pattern: Charged Scorpid Helm,questiedb-foreverBaseItem.lua
252916,Pattern: Supple Scorpid Bracers,questiedb-foreverBaseItem.lua
252917,Pattern: Charged Scorpid Shoulder,questiedb-foreverBaseItem.lua
252918,Pattern: Stalker's Mail Gauntlets,questiedb-foreverBaseItem.lua
252919,Pattern: Skycaller's Mail Gauntlets,questiedb-foreverBaseItem.lua
252920,Pattern: Skirmisher's Mail Gauntlets,questiedb-foreverBaseItem.lua
252921,Pattern: Mender's Mail Gauntlets,questiedb-foreverBaseItem.lua
252922,Pattern: Stalker's Mail Belt,questiedb-foreverBaseItem.lua
252923,Pattern: Skycaller's Mail Belt,questiedb-foreverBaseItem.lua
252924,Pattern: Skirmisher's Mail Belt,questiedb-foreverBaseItem.lua
252925,Pattern: Mender's Mail Belt,questiedb-foreverBaseItem.lua
252926,Pattern: Supple Scorpid Shoulder,questiedb-foreverBaseItem.lua
252927,Pattern: Charged Scorpid Bracers,questiedb-foreverBaseItem.lua
252928,Pattern: Heavy Scorpid Boots,questiedb-foreverBaseItem.lua
252929,Pattern: Supple Scorpid Belt,questiedb-foreverBaseItem.lua
252930,Pattern: Charged Scorpid Gauntlets,questiedb-foreverBaseItem.lua
252931,Pattern: Supple Scorpid Helm,questiedb-foreverBaseItem.lua
252932,Pattern: Charged Scorpid Vest,questiedb-foreverBaseItem.lua
252933,Pattern: Supple Scorpid Vest,questiedb-foreverBaseItem.lua
252934,Pattern: Charged Scorpid Leggings,questiedb-foreverBaseItem.lua
252935,Pattern: Supple Scorpid Sabatons,questiedb-foreverBaseItem.lua
252936,Pattern: Charged Scorpid Boots,questiedb-foreverBaseItem.lua
252937,Pattern: Red Dragonscale Leggings,questiedb-foreverBaseItem.lua
252938,Pattern: Blue Dragonscale Helm,questiedb-foreverBaseItem.lua
252939,Pattern: Black Dragonscale Helm,questiedb-foreverBaseItem.lua
252940,Pattern: Pristine Scorpid Leggings,questiedb-foreverBaseItem.lua
252941,Pattern: Mystic Rugged Armor Kit,questiedb-foreverBaseItem.lua
252942,Pattern: Forceful Rugged Armor Kit,questiedb-foreverBaseItem.lua
252948,Cleansed Felbloom,questiedb-foreverBaseItem.lua
253017,Corrupted Felbloom,questiedb-foreverBaseItem.lua
253152,Aonda's Written Report,questiedb-foreverBaseItem.lua
253239,Azgalor's Ashes,questiedb-foreverBaseItem.lua
253247,Banner of Ironforge,questiedb-foreverBaseItem.lua
253249,Horde Flag,questiedb-foreverBaseItem.lua
253258,The Hum Gun,questiedb-foreverBaseItem.lua
253259,Cool Heat,questiedb-foreverBaseItem.lua
253260,Miniature Morphologic Mimic Encabulator,questiedb-foreverBaseItem.lua
253341,Hyjal Owl Feather,questiedb-foreverBaseItem.lua
253378,Tenn's Road-Worn Flute,questiedb-foreverBaseItem.lua
253399,Sealed Letter,questiedb-foreverBaseItem.lua
253400,Seal of True Sight,questiedb-foreverBaseItem.lua
253591,Ripe Stormapple,questiedb-foreverBaseItem.lua
253595,Flutterfly Dust,questiedb-foreverBaseItem.lua
253596,Blood-Stained Bandit Mask,questiedb-foreverBaseItem.lua
253597,Lowlands Galestrider Tenderloin,questiedb-foreverBaseItem.lua
253664,Linen Reagent Bag,questiedb-foreverBaseItem.lua
253665,Pattern: Linen Reagent Bag,questiedb-foreverBaseItem.lua
253666,Flutterfly Swatter,questiedb-foreverBaseItem.lua
253667,Woolen Reagent Bag,questiedb-foreverBaseItem.lua
253668,Pattern: Woolen Reagent Bag,questiedb-foreverBaseItem.lua
253710,Bruuz's Dorsal Fin,questiedb-foreverBaseItem.lua
253711,Goliath's Wristguards,questiedb-foreverBaseItem.lua
253884,Template Item,questiedb-foreverBaseItem.lua
253885,Novice Arcanist's Sash,questiedb-foreverBaseItem.lua
253886,Pattern: Novice Arcanist's Sash,questiedb-foreverBaseItem.lua
253887,Novice Ardent's Sash,questiedb-foreverBaseItem.lua
253888,Pattern: Novice Ardent's Sash,questiedb-foreverBaseItem.lua
253889,Pristine Boots,questiedb-foreverBaseItem.lua
253890,Pattern: Pristine Boots,questiedb-foreverBaseItem.lua
253891,Silky Boots,questiedb-foreverBaseItem.lua
253892,Pattern: Silky Boots,questiedb-foreverBaseItem.lua
253893,Flame Boots,questiedb-foreverBaseItem.lua
253894,Pattern: Flame Boots,questiedb-foreverBaseItem.lua
253895,Shadow Boots,questiedb-foreverBaseItem.lua
253896,Pattern: Shadow Boots,questiedb-foreverBaseItem.lua
253897,Pearly Boots,questiedb-foreverBaseItem.lua
253898,Pattern: Pearly Boots,questiedb-foreverBaseItem.lua
253899,Shining Boots,questiedb-foreverBaseItem.lua
253900,Pattern: Shining Boots,questiedb-foreverBaseItem.lua
253901,Filigreed Pristine Gown,questiedb-foreverBaseItem.lua
253902,Pattern: Filigreed Pristine Gown,questiedb-foreverBaseItem.lua
253903,Filigreed Silky Gown,questiedb-foreverBaseItem.lua
253904,Pattern: Filigreed Silky Gown,questiedb-foreverBaseItem.lua
253905,Filigreed Flame Gown,questiedb-foreverBaseItem.lua
253906,Pattern: Filigreed Flame Gown,questiedb-foreverBaseItem.lua
253907,Filigreed Shadow Gown,questiedb-foreverBaseItem.lua
253908,Pattern: Filigreed Shadow Gown,questiedb-foreverBaseItem.lua
253909,Filigreed Pearly Gown,questiedb-foreverBaseItem.lua
253910,Pattern: Filigreed Pearly Gown,questiedb-foreverBaseItem.lua
253911,Filigreed Shining Gown,questiedb-foreverBaseItem.lua
253912,Pattern: Filigreed Shining Gown,questiedb-foreverBaseItem.lua
253913,Pristine Gloves,questiedb-foreverBaseItem.lua
253914,Pattern: Pristine Gloves,questiedb-foreverBaseItem.lua
253915,Silky Gloves,questiedb-foreverBaseItem.lua
253916,Pattern: Silky Gloves,questiedb-foreverBaseItem.lua
253917,Flame Gloves,questiedb-foreverBaseItem.lua
253918,Pattern: Flame Gloves,questiedb-foreverBaseItem.lua
253919,Shadow Gloves,questiedb-foreverBaseItem.lua
253920,Pattern: Shadow Gloves,questiedb-foreverBaseItem.lua
253921,Pearly Gloves,questiedb-foreverBaseItem.lua
253922,Pattern: Pearly Gloves,questiedb-foreverBaseItem.lua
253923,Shining Gloves,questiedb-foreverBaseItem.lua
253924,Pattern: Shining Gloves,questiedb-foreverBaseItem.lua
253925,Pristine Sash,questiedb-foreverBaseItem.lua
253926,Pattern: Pristine Sash,questiedb-foreverBaseItem.lua
253927,Silky Sash,questiedb-foreverBaseItem.lua
253928,Pattern: Silky Sash,questiedb-foreverBaseItem.lua
253929,Flame Sash,questiedb-foreverBaseItem.lua
253930,Pattern: Flame Sash,questiedb-foreverBaseItem.lua
253931,Shadow Sash,questiedb-foreverBaseItem.lua
253932,Pattern: Shadow Sash,questiedb-foreverBaseItem.lua
253933,Pearly Sash,questiedb-foreverBaseItem.lua
253934,Pattern: Pearly Sash,questiedb-foreverBaseItem.lua
253935,Shining Sash,questiedb-foreverBaseItem.lua
253936,Pattern: Shining Sash,questiedb-foreverBaseItem.lua
253937,Filigreed Pristine Leggings,questiedb-foreverBaseItem.lua
253938,Pattern: Filigreed Pristine Leggings,questiedb-foreverBaseItem.lua
253939,Filigreed Silky Leggings,questiedb-foreverBaseItem.lua
253940,Pattern: Filigreed Silky Leggings,questiedb-foreverBaseItem.lua
253941,Filigreed Flame Leggings,questiedb-foreverBaseItem.lua
253942,Pattern: Filigreed Flame Leggings,questiedb-foreverBaseItem.lua
253943,Filigreed Shadow Leggings,questiedb-foreverBaseItem.lua
253944,Pattern: Filigreed Shadow Leggings,questiedb-foreverBaseItem.lua
253945,Filigreed Pearly Leggings,questiedb-foreverBaseItem.lua
253946,Pattern: Filigreed Pearly Leggings,questiedb-foreverBaseItem.lua
253947,Filigreed Shining Leggings,questiedb-foreverBaseItem.lua
253948,Pattern: Filigreed Shining Leggings,questiedb-foreverBaseItem.lua
253949,Pristine Circlet,questiedb-foreverBaseItem.lua
253950,Pattern: Pristine Circlet,questiedb-foreverBaseItem.lua
253951,Silky Circlet,questiedb-foreverBaseItem.lua
253952,Pattern: Silky Circlet,questiedb-foreverBaseItem.lua
253953,Flame Circlet,questiedb-foreverBaseItem.lua
253954,Pattern: Flame Circlet,questiedb-foreverBaseItem.lua
253955,Shadow Circlet,questiedb-foreverBaseItem.lua
253956,Pattern: Shadow Circlet,questiedb-foreverBaseItem.lua
253957,Pearly Circlet,questiedb-foreverBaseItem.lua
253958,Pattern: Pearly Circlet,questiedb-foreverBaseItem.lua
253959,Shining Circlet,questiedb-foreverBaseItem.lua
253960,Pattern: Shining Circlet,questiedb-foreverBaseItem.lua
253961,Pristine Gown,questiedb-foreverBaseItem.lua
253962,Pattern: Pristine Gown,questiedb-foreverBaseItem.lua
253963,Silky Gown,questiedb-foreverBaseItem.lua
253964,Pattern: Silky Gown,questiedb-foreverBaseItem.lua
253965,Flame Gown,questiedb-foreverBaseItem.lua
253966,Pattern: Flame Gown,questiedb-foreverBaseItem.lua
253967,Shadow Gown,questiedb-foreverBaseItem.lua
253968,Pattern: Shadow Gown,questiedb-foreverBaseItem.lua
253969,Pearly Gown,questiedb-foreverBaseItem.lua
253970,Pattern: Pearly Gown,questiedb-foreverBaseItem.lua
253971,Shining Gown,questiedb-foreverBaseItem.lua
253972,Pattern: Shining Gown,questiedb-foreverBaseItem.lua
253973,Silk Reagent Bag,questiedb-foreverBaseItem.lua
253974,Pattern: Silk Reagent Bag,questiedb-foreverBaseItem.lua
253975,Filigreed Pristine Circlet,questiedb-foreverBaseItem.lua
253976,Pattern: Filigreed Pristine Circlet,questiedb-foreverBaseItem.lua
253977,Filigreed Silky Circlet,questiedb-foreverBaseItem.lua
253978,Pattern: Filigreed Silky Circlet,questiedb-foreverBaseItem.lua
253979,Filigreed Flame Circlet,questiedb-foreverBaseItem.lua
253980,Pattern: Filigreed Flame Circlet,questiedb-foreverBaseItem.lua
253981,Filigreed Shadow Circlet,questiedb-foreverBaseItem.lua
253982,Pattern: Filigreed Shadow Circlet,questiedb-foreverBaseItem.lua
253983,Filigreed Pearly Circlet,questiedb-foreverBaseItem.lua
253984,Pattern: Filigreed Pearly Circlet,questiedb-foreverBaseItem.lua
253985,Filigreed Shining Circlet,questiedb-foreverBaseItem.lua
253986,Pattern: Filigreed Shining Circlet,questiedb-foreverBaseItem.lua
253987,Pristine Leggings,questiedb-foreverBaseItem.lua
253988,Pattern: Pristine Leggings,questiedb-foreverBaseItem.lua
253989,Silky Leggings,questiedb-foreverBaseItem.lua
253990,Pattern: Silky Leggings,questiedb-foreverBaseItem.lua
253991,Flame Leggings,questiedb-foreverBaseItem.lua
253992,Pattern: Flame Leggings,questiedb-foreverBaseItem.lua
253993,Shadow Leggings,questiedb-foreverBaseItem.lua
253994,Pattern: Shadow Leggings,questiedb-foreverBaseItem.lua
253995,Pearly Leggings,questiedb-foreverBaseItem.lua
253996,Pattern: Pearly Leggings,questiedb-foreverBaseItem.lua
253997,Shining Leggings,questiedb-foreverBaseItem.lua
253998,Pattern: Shining Leggings,questiedb-foreverBaseItem.lua
253999,Earthen Leggings,questiedb-foreverBaseItem.lua
254000,Pattern: Earthen Leggings,questiedb-foreverBaseItem.lua
254001,Gilded Slippers,questiedb-foreverBaseItem.lua
254002,Pattern: Gilded Slippers,questiedb-foreverBaseItem.lua
254003,Frothing Slippers,questiedb-foreverBaseItem.lua
254004,Pattern: Frothing Slippers,questiedb-foreverBaseItem.lua
254005,Fiery Slippers,questiedb-foreverBaseItem.lua
254006,Pattern: Fiery Slippers,questiedb-foreverBaseItem.lua
254007,Black Slippers,questiedb-foreverBaseItem.lua
254008,Pattern: Black Slippers,questiedb-foreverBaseItem.lua
254009,Golden Slippers,questiedb-foreverBaseItem.lua
254010,Pattern: Golden Slippers,questiedb-foreverBaseItem.lua
254011,Radiant Slippers,questiedb-foreverBaseItem.lua
254012,Pattern: Radiant Slippers,questiedb-foreverBaseItem.lua
254013,Earthen Silk Slippers,questiedb-foreverBaseItem.lua
254014,Pattern: Earthen Silk Slippers,questiedb-foreverBaseItem.lua
254015,Earthen Silk Hood,questiedb-foreverBaseItem.lua
254016,Pattern: Earthen Silk Hood,questiedb-foreverBaseItem.lua
254017,Earthen Silk Gloves,questiedb-foreverBaseItem.lua
254018,Pattern: Earthen Silk Gloves,questiedb-foreverBaseItem.lua
254019,Earthen Silk Cuffs,questiedb-foreverBaseItem.lua
254020,Pattern: Earthen Silk Cuffs,questiedb-foreverBaseItem.lua
254021,Gilded Handwraps,questiedb-foreverBaseItem.lua
254022,Pattern: Gilded Handwraps,questiedb-foreverBaseItem.lua
254023,Frothing Handwraps,questiedb-foreverBaseItem.lua
254024,Pattern: Frothing Handwraps,questiedb-foreverBaseItem.lua
254025,Fiery Handwraps,questiedb-foreverBaseItem.lua
254026,Pattern: Fiery Handwraps,questiedb-foreverBaseItem.lua
254027,Black Handwraps,questiedb-foreverBaseItem.lua
254028,Pattern: Black Handwraps,questiedb-foreverBaseItem.lua
254029,Golden Handwraps,questiedb-foreverBaseItem.lua
254030,Pattern: Golden Handwraps,questiedb-foreverBaseItem.lua
254031,Radiant Handwraps,questiedb-foreverBaseItem.lua
254032,Pattern: Radiant Handwraps,questiedb-foreverBaseItem.lua
254033,Earthen Silk Shoulders,questiedb-foreverBaseItem.lua
254034,Pattern: Earthen Silk Shoulders,questiedb-foreverBaseItem.lua
254035,Mageweave Reagent Bag,questiedb-foreverBaseItem.lua
254036,Pattern: Mageweave Reagent Bag,questiedb-foreverBaseItem.lua
254037,Gilded Cord,questiedb-foreverBaseItem.lua
254038,Pattern: Gilded Cord,questiedb-foreverBaseItem.lua
254039,Frothing Cord,questiedb-foreverBaseItem.lua
254040,Pattern: Frothing Cord,questiedb-foreverBaseItem.lua
254041,Fiery Cord,questiedb-foreverBaseItem.lua
254042,Pattern: Fiery Cord,questiedb-foreverBaseItem.lua
254043,Black Cord,questiedb-foreverBaseItem.lua
254044,Pattern: Black Cord,questiedb-foreverBaseItem.lua
254045,Golden Cord,questiedb-foreverBaseItem.lua
254046,Pattern: Golden Cord,questiedb-foreverBaseItem.lua
254047,Radiant Cord,questiedb-foreverBaseItem.lua
254048,Pattern: Radiant Cord,questiedb-foreverBaseItem.lua
254049,Nethergeld Shoulders,questiedb-foreverBaseItem.lua
254050,Pattern: Nethergeld Shoulders,questiedb-foreverBaseItem.lua
254051,Netherfroth Shoulders,questiedb-foreverBaseItem.lua
254052,Pattern: Netherfroth Shoulders,questiedb-foreverBaseItem.lua
254053,Netherflame Shoulders,questiedb-foreverBaseItem.lua
254054,Pattern: Netherflame Shoulders,questiedb-foreverBaseItem.lua
254055,Netherpearl Shoulders,questiedb-foreverBaseItem.lua
254056,Pattern: Netherpearl Shoulders,questiedb-foreverBaseItem.lua
254057,Nethershine Shoulders,questiedb-foreverBaseItem.lua
254058,Pattern: Nethershine Shoulders,questiedb-foreverBaseItem.lua
254059,Netherlight Shoulders,questiedb-foreverBaseItem.lua
254060,Pattern: Netherlight Shoulders,questiedb-foreverBaseItem.lua
254061,Nethergeld Cuffs,questiedb-foreverBaseItem.lua
254062,Pattern: Nethergeld Cuffs,questiedb-foreverBaseItem.lua
254063,Netherfroth Cuffs,questiedb-foreverBaseItem.lua
254064,Pattern: Netherfroth Cuffs,questiedb-foreverBaseItem.lua
254065,Netherflame Cuffs,questiedb-foreverBaseItem.lua
254066,Pattern: Netherflame Cuffs,questiedb-foreverBaseItem.lua
254067,Netherpearl Cuffs,questiedb-foreverBaseItem.lua
254068,Pattern: Netherpearl Cuffs,questiedb-foreverBaseItem.lua
254069,Nethershine Cuffs,questiedb-foreverBaseItem.lua
254070,Pattern: Nethershine Cuffs,questiedb-foreverBaseItem.lua
254071,Netherlight Cuffs,questiedb-foreverBaseItem.lua
254072,Pattern: Netherlight Cuffs,questiedb-foreverBaseItem.lua
254073,Ghostweave Cord,questiedb-foreverBaseItem.lua
254074,Pattern: Ghostweave Cord,questiedb-foreverBaseItem.lua
254075,Earthenweave Gloves,questiedb-foreverBaseItem.lua
254076,Pattern: Earthenweave Gloves,questiedb-foreverBaseItem.lua
254077,Earthenweave Cord,questiedb-foreverBaseItem.lua
254078,Pattern: Earthenweave Cord,questiedb-foreverBaseItem.lua
254079,Runecloth Reagent Bag,questiedb-foreverBaseItem.lua
254080,Pattern: Runecloth Reagent Bag,questiedb-foreverBaseItem.lua
254081,Gilded Waistcord,questiedb-foreverBaseItem.lua
254082,Pattern: Gilded Waistcord,questiedb-foreverBaseItem.lua
254083,Frothing Waistcord,questiedb-foreverBaseItem.lua
254084,Pattern: Frothing Waistcord,questiedb-foreverBaseItem.lua
254085,Fiery Waistcord,questiedb-foreverBaseItem.lua
254086,Pattern: Fiery Waistcord,questiedb-foreverBaseItem.lua
254087,Black Waistcord,questiedb-foreverBaseItem.lua
254088,Pattern: Black Waistcord,questiedb-foreverBaseItem.lua
254089,Golden Waistcord,questiedb-foreverBaseItem.lua
254090,Pattern: Golden Waistcord,questiedb-foreverBaseItem.lua
254091,Radiant Waistcord,questiedb-foreverBaseItem.lua
254092,Pattern: Radiant Waistcord,questiedb-foreverBaseItem.lua
254093,Earthenweave Boots,questiedb-foreverBaseItem.lua
254094,Pattern: Earthenweave Boots,questiedb-foreverBaseItem.lua
254095,Gilded Gloves,questiedb-foreverBaseItem.lua
254096,Pattern: Gilded Gloves,questiedb-foreverBaseItem.lua
254097,Frothing Gloves,questiedb-foreverBaseItem.lua
254098,Pattern: Frothing Gloves,questiedb-foreverBaseItem.lua
254099,Fiery Gloves,questiedb-foreverBaseItem.lua
254100,Pattern: Fiery Gloves,questiedb-foreverBaseItem.lua
254101,Black Gloves,questiedb-foreverBaseItem.lua
254102,Pattern: Black Gloves,questiedb-foreverBaseItem.lua
254103,Golden Gloves,questiedb-foreverBaseItem.lua
254104,Pattern: Golden Gloves,questiedb-foreverBaseItem.lua
254105,Radiant Gloves,questiedb-foreverBaseItem.lua
254106,Pattern: Radiant Gloves,questiedb-foreverBaseItem.lua
254107,Gilded Sandals,questiedb-foreverBaseItem.lua
254108,Pattern: Gilded Sandals,questiedb-foreverBaseItem.lua
254109,Frothing Sandals,questiedb-foreverBaseItem.lua
254110,Pattern: Frothing Sandals,questiedb-foreverBaseItem.lua
254111,Fiery Sandals,questiedb-foreverBaseItem.lua
254112,Pattern: Fiery Sandals,questiedb-foreverBaseItem.lua
254113,Black Sandals,questiedb-foreverBaseItem.lua
254114,Pattern: Black Sandals,questiedb-foreverBaseItem.lua
254115,Golden Sandals,questiedb-foreverBaseItem.lua
254116,Pattern: Golden Sandals,questiedb-foreverBaseItem.lua
254117,Radiant Sandals,questiedb-foreverBaseItem.lua
254118,Pattern: Radiant Sandals,questiedb-foreverBaseItem.lua
254119,Earthenweave Mantle,questiedb-foreverBaseItem.lua
254120,Pattern: Earthenweave Mantle,questiedb-foreverBaseItem.lua
254121,Earthenweave Vest,questiedb-foreverBaseItem.lua
254122,Pattern: Earthenweave Vest,questiedb-foreverBaseItem.lua
254123,Runecloth Cuffs,questiedb-foreverBaseItem.lua
254124,Pattern: Runecloth Cuffs,questiedb-foreverBaseItem.lua
254125,Earthenweave Leggings,questiedb-foreverBaseItem.lua
254126,Pattern: Earthenweave Leggings,questiedb-foreverBaseItem.lua
254127,Ghostweave Mantle,questiedb-foreverBaseItem.lua
254128,Pattern: Ghostweave Mantle,questiedb-foreverBaseItem.lua
254129,Ghostweave Boots,questiedb-foreverBaseItem.lua
254130,Pattern: Ghostweave Boots,questiedb-foreverBaseItem.lua
254131,Earthenweave Cuffs,questiedb-foreverBaseItem.lua
254132,Pattern: Earthenweave Cuffs,questiedb-foreverBaseItem.lua
254133,Mooncloth Reagent Bag,questiedb-foreverBaseItem.lua
254134,Pattern: Mooncloth Reagent Bag,questiedb-foreverBaseItem.lua
254135,Ghostweave Hood,questiedb-foreverBaseItem.lua
254136,Pattern: Ghostweave Hood,questiedb-foreverBaseItem.lua
254137,Earthenweave Crown,questiedb-foreverBaseItem.lua
254138,Pattern: Earthenweave Crown,questiedb-foreverBaseItem.lua
254139,Bottomless Reagent Bag,questiedb-foreverBaseItem.lua
254140,Pattern: Bottomless Reagent Bag,questiedb-foreverBaseItem.lua
254378,Shriekling Talons,questiedb-foreverBaseItem.lua
254380,Arcane-Infused Net,questiedb-foreverBaseItem.lua
254392,Conqueror's Helm,questiedb-foreverBaseItem.lua
254432,Carved Centaur Totem,questiedb-foreverBaseItem.lua
254545,Well Water Sample Kit,questiedb-foreverBaseItem.lua
254546,Jansen Stead Water Sample,questiedb-foreverBaseItem.lua
254547,Molsen Farm Water Sample,questiedb-foreverBaseItem.lua
254548,Longshore Murloc Gill,questiedb-foreverBaseItem.lua
254550,Jangolode Water Sample,questiedb-foreverBaseItem.lua
254551,Gold Coast Water Sample,questiedb-foreverBaseItem.lua
254552,Remote Detonator Kit,questiedb-foreverBaseItem.lua
254553,Extra-Destructive Explosives,questiedb-foreverBaseItem.lua
254562,Quest Item Placeholder,questiedb-foreverBaseItem.lua
254584,Index Esoteria,questiedb-foreverBaseItem.lua
254663,Gently Cursed Bone,questiedb-foreverBaseItem.lua
254676,Suspicious Industrial Supplies,questiedb-foreverBaseItem.lua
254679,Stillwind String,questiedb-foreverBaseItem.lua
254680,Twin's Pact,questiedb-foreverBaseItem.lua
254681,Pattern: Stormcloth Pants,questiedb-foreverBaseItem.lua
254682,Pattern: Stormcloth Gloves,questiedb-foreverBaseItem.lua
254683,Pattern: Stormcloth Vest,questiedb-foreverBaseItem.lua
254684,Pattern: Stormcloth Headband,questiedb-foreverBaseItem.lua
254685,Pattern: Stormcloth Shoulders,questiedb-foreverBaseItem.lua
254686,Pattern: Stormcloth Boots,questiedb-foreverBaseItem.lua
254687,Spire of Astral Awakening,questiedb-foreverBaseItem.lua
254692,Staff of Ohk'zi,questiedb-foreverBaseItem.lua
254695,Fel-Tainted Remains,questiedb-foreverBaseItem.lua
254696,Reverance,questiedb-foreverBaseItem.lua
254779,"A'sharahm, the Roiling Tempest",questiedb-foreverBaseItem.lua
254780,Huge Feather,questiedb-foreverBaseItem.lua
254840,Imbued Tears,questiedb-foreverBaseItem.lua
254841,Petrified Bark,questiedb-foreverBaseItem.lua
254842,Well Cursed Bone,questiedb-foreverBaseItem.lua
254859,Vicious Hook Talon,questiedb-foreverBaseItem.lua
254870,Rudimentary Necromancy Staff,questiedb-foreverBaseItem.lua
254871,Bloody Note,questiedb-foreverBaseItem.lua
254877,Namida's Hoof,questiedb-foreverBaseItem.lua
255007,Golem Isospring,questiedb-foreverBaseItem.lua
255010,Harvester Gyrostabilizer,questiedb-foreverBaseItem.lua
255154,Ruined Gyrostabilizer,questiedb-foreverBaseItem.lua
255155,Precessive Autocognition Assembly,questiedb-foreverBaseItem.lua
255403,Enhanced Necromancy Staff,questiedb-foreverBaseItem.lua
255645,Swollen Venom Sac,questiedb-foreverBaseItem.lua
255656,Pylon Fragment,questiedb-foreverBaseItem.lua
255657,Pylon Shard,questiedb-foreverBaseItem.lua
255658,Al'Aketh Windstone Charm,questiedb-foreverBaseItem.lua
255662,Mana Sieve,questiedb-foreverBaseItem.lua
255663,Windstone,questiedb-foreverBaseItem.lua
255667,Coalesced Mana Crystal,questiedb-foreverBaseItem.lua
255715,Potent Anti-Venom,questiedb-foreverBaseItem.lua
255716,Simple Poultice,questiedb-foreverBaseItem.lua
255717,Clever Poultice,questiedb-foreverBaseItem.lua
255718,Superior Poultice,questiedb-foreverBaseItem.lua
255719,Powerful Poultice,questiedb-foreverBaseItem.lua
255720,Woolen Tourniquet,questiedb-foreverBaseItem.lua
255721,Leather Tourniquet,questiedb-foreverBaseItem.lua
255722,Surgical Tourniquet,questiedb-foreverBaseItem.lua
255723,Manual: Greater Healing Potion,questiedb-foreverBaseItem.lua
255724,Manual: Clever Poultice,questiedb-foreverBaseItem.lua
255725,Manual: Superior Healing Potion,questiedb-foreverBaseItem.lua
255726,Manual: Leather Tourniquet,questiedb-foreverBaseItem.lua
255727,Manual: Superior Poultice,questiedb-foreverBaseItem.lua
255728,Manual: Potent Anti-Venom,questiedb-foreverBaseItem.lua
255729,Manual: Major Healing Potion,questiedb-foreverBaseItem.lua
255730,Manual: Surgical Tourniquet,questiedb-foreverBaseItem.lua
255731,Manual: Powerful Poultice,questiedb-foreverBaseItem.lua
255875,Necromantic Garb,questiedb-foreverBaseItem.lua
255878,Tear of Theradras,questiedb-foreverBaseItem.lua
255941,Gelkis Necromantic Garb,questiedb-foreverBaseItem.lua
255945,Accursed Skull,questiedb-foreverBaseItem.lua
256036,Handful of Dirt,questiedb-foreverBaseItem.lua
256037,Grass Clippings,questiedb-foreverBaseItem.lua
256038,Rage of the Sleeper,questiedb-foreverBaseItem.lua
256039,Rake of the Sleeper,questiedb-foreverBaseItem.lua
256044,Iridescent Insect Carapace,questiedb-foreverBaseItem.lua
256045,Bloodfly Proboscis,questiedb-foreverBaseItem.lua
256057,Draenethyst Crystal,questiedb-foreverBaseItem.lua
256058,Uthek's Staff,questiedb-foreverBaseItem.lua
256061,Uthek's Draenethyst Staff,questiedb-foreverBaseItem.lua
256892,Stolen Supplies,questiedb-foreverBaseItem.lua
256935,Simple Leather Satchel,questiedb-foreverBaseItem.lua
257029,Shen'dar Ledgers,questiedb-foreverBaseItem.lua
257103,(DNT) Trophy Axe REUSE,questiedb-foreverBaseItem.lua
257107,Shriekling Matriarch's Head,questiedb-foreverBaseItem.lua
257126,Heart of the Obliterator,questiedb-foreverBaseItem.lua
257127,Roasted Zephyrseed Pie,questiedb-foreverBaseItem.lua
257128,Zephyrseed,questiedb-foreverBaseItem.lua
257135,Huntress' Kite Shield,questiedb-foreverBaseItem.lua
257215,Rusty Gadget,questiedb-foreverBaseItem.lua
257224,Cracked Windstone,questiedb-foreverBaseItem.lua
257226,Lesser Essence of the Four Winds,questiedb-foreverBaseItem.lua
257228,Untainted Giblets,questiedb-foreverBaseItem.lua
257255,Highlands Defender's Shield,questiedb-foreverBaseItem.lua
257257,Thendal Ranger's Shoes,questiedb-foreverBaseItem.lua
257263,Thendal Ranger's Belt,questiedb-foreverBaseItem.lua
257264,Thendal Ranger's Gloves,questiedb-foreverBaseItem.lua
257272,Skychain Belt,questiedb-foreverBaseItem.lua
257273,Worn Greatblade,questiedb-foreverBaseItem.lua
257274,Flowing Tunic,questiedb-foreverBaseItem.lua
257275,Ranger-Apprentice Cape,questiedb-foreverBaseItem.lua
257276,Peacekeeper's Pickhammer,questiedb-foreverBaseItem.lua
257277,Windblown Short Cloak,questiedb-foreverBaseItem.lua
257278,Plain Skirt,questiedb-foreverBaseItem.lua
257280,Vuldren Hide Bracers,questiedb-foreverBaseItem.lua
257281,Fur-Lined Shoes,questiedb-foreverBaseItem.lua
257282,Novice's Quarterstaff,questiedb-foreverBaseItem.lua
257283,Scout Ranger's Dagger,questiedb-foreverBaseItem.lua
257328,Highlander Gloves,questiedb-foreverBaseItem.lua
257329,Smooth Waistband,questiedb-foreverBaseItem.lua
257330,Homestitched Robe,questiedb-foreverBaseItem.lua
257331,Brass-Banded Bracers,questiedb-foreverBaseItem.lua
257332,Stained Ritual Dagger,questiedb-foreverBaseItem.lua
257333,Curved Scimitar,questiedb-foreverBaseItem.lua
257334,Well-Worn Pants,questiedb-foreverBaseItem.lua
257335,Windblown Kilt,questiedb-foreverBaseItem.lua
257336,Peacekeeper's Buckler,questiedb-foreverBaseItem.lua
257337,Solid Copper Club,questiedb-foreverBaseItem.lua
257338,Valanaar Chain Gloves,questiedb-foreverBaseItem.lua
257339,Skysilk Wristguards,questiedb-foreverBaseItem.lua
257340,Farmer's Field Boots,questiedb-foreverBaseItem.lua
257341,Wind-Worn Boots,questiedb-foreverBaseItem.lua
257342,Elite Peacekeeper's Leggings,questiedb-foreverBaseItem.lua
257343,Balanced Quarterstaff,questiedb-foreverBaseItem.lua
257344,Skywatcher's Vestments,questiedb-foreverBaseItem.lua
257345,Honed Greathammer,questiedb-foreverBaseItem.lua
257346,Quickblade's Dagger,questiedb-foreverBaseItem.lua
257348,Essence of Innovation,questiedb-foreverBaseItem.lua
257517,Ultimate Necromancy Staff,questiedb-foreverBaseItem.lua
257685,Totem Tote,questiedb-foreverBaseItem.lua
257808,Parcel of Mail,questiedb-foreverBaseItem.lua
257809,Parcel of Mail,questiedb-foreverBaseItem.lua
257878,Highlander's Chain Vest,questiedb-foreverBaseItem.lua
257879,Prideclaw Hide Armor,questiedb-foreverBaseItem.lua
257941,Windsong Crawler Meat,questiedb-foreverBaseItem.lua
257942,Vulgara's Head,questiedb-foreverBaseItem.lua
257943,Hunter's Simple Cloak,questiedb-foreverBaseItem.lua
257945,Pilfered Windstone,questiedb-foreverBaseItem.lua
258051,Spittle,questiedb-foreverBaseItem.lua
258296,Vial of Earth Song Water,questiedb-foreverBaseItem.lua
258323,Missing Mail,questiedb-foreverBaseItem.lua
258526,Flight Log,questiedb-foreverBaseItem.lua
258530,Lucky Lure,questiedb-foreverBaseItem.lua
258661,Uthek's Draenethyst Staff,questiedb-foreverBaseItem.lua
258734,Unfinished Masterwork Sword,questiedb-foreverBaseItem.lua
258735,Phantasmal Blade,questiedb-foreverBaseItem.lua
258771,Al'Alketh Cultist's Ear,questiedb-foreverBaseItem.lua
258772,Windstone Cluster,questiedb-foreverBaseItem.lua
258773,Broken Dart Trap,questiedb-foreverBaseItem.lua
258774,Gimashi's Findings,questiedb-foreverBaseItem.lua
258882,Worn Greatsword,questiedb-foreverBaseItem.lua
259226,Spectral Iron Ore,questiedb-foreverBaseItem.lua
259229,Vindael's Spectral Pickaxe,questiedb-foreverBaseItem.lua
259268,Bag of Thorn Seeds,questiedb-foreverBaseItem.lua
259357,Burning Keystone,questiedb-foreverBaseItem.lua
259460,"Shield, Lordaeron Guard",questiedb-foreverBaseItem.lua
259461,Partially Digested Collar,questiedb-foreverBaseItem.lua
259846,Wide-Brimmed Fishing Hat,questiedb-foreverBaseItem.lua
259890,Deep-Sea Waders,questiedb-foreverBaseItem.lua
259891,Berdun's Trusty Rifle,questiedb-foreverBaseItem.lua
259892,Feardred's Cleansed Amulet,questiedb-foreverBaseItem.lua
259893,Corpsefeeder's Carapace,questiedb-foreverBaseItem.lua
259990,Tusk Ring,questiedb-foreverBaseItem.lua
260166,Rageroar's Best Club,questiedb-foreverBaseItem.lua
260167,Adventurer's Lost Boots,questiedb-foreverBaseItem.lua
260168,Mourner's Shroud,questiedb-foreverBaseItem.lua
260169,Amice of Sorrow,questiedb-foreverBaseItem.lua
260171,Timbermaw Prayer Beads,questiedb-foreverBaseItem.lua
260172,Assassin's Dagger,questiedb-foreverBaseItem.lua
260176,Untainted Seed,questiedb-foreverBaseItem.lua
260178,Honor Guard's Plate,questiedb-foreverBaseItem.lua
260179,Barkwoven Belt,questiedb-foreverBaseItem.lua
260180,Scout's Dagger,questiedb-foreverBaseItem.lua
260181,Sentinel's Plate,questiedb-foreverBaseItem.lua
260182,Elunar Belt,questiedb-foreverBaseItem.lua
260183,Sacred Bangle,questiedb-foreverBaseItem.lua
260184,Cliff Walker's Cinch,questiedb-foreverBaseItem.lua
260185,Hippogryph Hide Boots,questiedb-foreverBaseItem.lua
260186,Darkblade,questiedb-foreverBaseItem.lua
260195,Headdress of the Damned,questiedb-foreverBaseItem.lua
260196,Belt of Shadows,questiedb-foreverBaseItem.lua
260201,Highborne Memory Crystal,questiedb-foreverBaseItem.lua
260205,Highborne Research Tablet,questiedb-foreverBaseItem.lua
260207,Staff of Archmage Selwyn,questiedb-foreverBaseItem.lua
260208,Prelate's Orb,questiedb-foreverBaseItem.lua
260209,Truesong's Hammer,questiedb-foreverBaseItem.lua
260210,A Bigger Shield,questiedb-foreverBaseItem.lua
260211,Panic Hands,questiedb-foreverBaseItem.lua
260212,Bad Hat,questiedb-foreverBaseItem.lua
260216,Ouroboros Ring,questiedb-foreverBaseItem.lua
260217,Eagleshead Signet,questiedb-foreverBaseItem.lua
260218,Malefactor's End,questiedb-foreverBaseItem.lua
260219,Engraved Band,questiedb-foreverBaseItem.lua
260236,Scribbled Directions to Sulfur Vents,questiedb-foreverBaseItem.lua
260237,Virulent Blood of Agamaggan,questiedb-foreverBaseItem.lua
260244,Benevolent Bouquet,questiedb-foreverBaseItem.lua
260245,Vibrant Flower,questiedb-foreverBaseItem.lua
260247,Forlorn Necklace,questiedb-foreverBaseItem.lua
260307,Hyjal Postal Satchel,questiedb-foreverBaseItem.lua
260308,Hyjal Postal Clasp,questiedb-foreverBaseItem.lua
260347,Tattered Journal,questiedb-foreverBaseItem.lua
260348,"Barely Legible Journal Entry, Page I",questiedb-foreverBaseItem.lua
260349,"Barely Legible Journal Entry, Page II",questiedb-foreverBaseItem.lua
260350,"Barely Legible Journal Entry, Page III",questiedb-foreverBaseItem.lua
260351,"Barely Legible Journal Entry, Page IV",questiedb-foreverBaseItem.lua
260352,"Barely Legible Journal Entry, Page V",questiedb-foreverBaseItem.lua
260353,"Barely Legible Journal Entry, Page VI",questiedb-foreverBaseItem.lua
260354,"Barely Legible Journal Entry, Page VII",questiedb-foreverBaseItem.lua
260356,"Barely Legible Journal Entry, Page VIII",questiedb-foreverBaseItem.lua
260357,"Barely Legible Journal Entry, Page IX",questiedb-foreverBaseItem.lua
260358,"Barely Legible Journal Entry, Page X",questiedb-foreverBaseItem.lua
260452,Courier's Shipment,questiedb-foreverBaseItem.lua
260466,A Blood Spattered Letter,questiedb-foreverBaseItem.lua
260518,Azore's Transcription,questiedb-foreverBaseItem.lua
260623,Candied Fruit Sampler,questiedb-foreverBaseItem.lua
260624,Pristine Peach,questiedb-foreverBaseItem.lua
260625,Garnished Rice Cake,questiedb-foreverBaseItem.lua
260627,Savory Shen'dralar Steak,questiedb-foreverBaseItem.lua
260628,Stuffed Pumpkin,questiedb-foreverBaseItem.lua
260629,Spectral Spirits,questiedb-foreverBaseItem.lua
260631,Arcane Wine,questiedb-foreverBaseItem.lua
260632,Slushberry Brandy,questiedb-foreverBaseItem.lua
260633,Sip of Lemonale,questiedb-foreverBaseItem.lua
260704,Polished Bronze Safety Goggles,questiedb-foreverBaseItem.lua
260784,SAF-T Tabs,questiedb-foreverBaseItem.lua
260792,SAF-T Dynamite,questiedb-foreverBaseItem.lua
260793,SAF-T Copper Bomb,questiedb-foreverBaseItem.lua
260794,EZ-Thro Wrap,questiedb-foreverBaseItem.lua
260795,EZ-Thro Copper Bomb XL,questiedb-foreverBaseItem.lua
260796,No Slip SAF-T Padding,questiedb-foreverBaseItem.lua
260797,SAF-T Bronze Bomb,questiedb-foreverBaseItem.lua
260798,SAF-T Jumbo Dynamite,questiedb-foreverBaseItem.lua
260799,SAF-T Bell,questiedb-foreverBaseItem.lua
260800,Shafety Sheep,questiedb-foreverBaseItem.lua
260801,EZ-Thro Fireproof Fuse,questiedb-foreverBaseItem.lua
260802,EZ-Thro Bronze Mortar,questiedb-foreverBaseItem.lua
260803,EZ-Thro Grenade,questiedb-foreverBaseItem.lua
260804,SAF-T Casing,questiedb-foreverBaseItem.lua
260805,SAF-T Bomb,questiedb-foreverBaseItem.lua
260806,Emergency Field Cloak,questiedb-foreverBaseItem.lua
260807,Compact Critter Carrier,questiedb-foreverBaseItem.lua
260808,EZ-Thro Tru-Trigger,questiedb-foreverBaseItem.lua
260809,Tru-Trigger Frag Bomb,questiedb-foreverBaseItem.lua
260810,SAF-T Disposable Parachute,questiedb-foreverBaseItem.lua
260811,Gnomish Army Knife,questiedb-foreverBaseItem.lua
260812,Loot-A-Rang,questiedb-foreverBaseItem.lua
260813,SAF-T Tube,questiedb-foreverBaseItem.lua
260814,SAF-T Clever Dynamite,questiedb-foreverBaseItem.lua
260815,EZ-Thro Shell,questiedb-foreverBaseItem.lua
260816,EZ-Thro Thorium Grenade,questiedb-foreverBaseItem.lua
260817,EZ-Thro Dark Bomb,questiedb-foreverBaseItem.lua
260818,EZ-Thro Mana Bomb,questiedb-foreverBaseItem.lua
260819,EZ-Thro Field Transporter: Gadgetzan,questiedb-foreverBaseItem.lua
260820,SAF-T Emergency Ripper: Everlook,questiedb-foreverBaseItem.lua
260821,EZ and SAF Field Transporter: Mt. Hyjal,questiedb-foreverBaseItem.lua
260822,Ultrasafe Rechargeable Battery,questiedb-foreverBaseItem.lua
260823,Dimensional Transporter - Mt. Hyjal,questiedb-foreverBaseItem.lua
260824,Gnomish Poultryizer,questiedb-foreverBaseItem.lua
260825,Ultralight Goblin Glider,questiedb-foreverBaseItem.lua
260827,Stealthman 52,questiedb-foreverBaseItem.lua
260828,SAF-T Nitro Boosts,questiedb-foreverBaseItem.lua
260829,EZ-Thro Magnetic Displacer,questiedb-foreverBaseItem.lua
260830,SAF-T Teleport,questiedb-foreverBaseItem.lua
260880,Air Construct Core,questiedb-foreverBaseItem.lua
260881,Crystallized Lightning,questiedb-foreverBaseItem.lua
260883,Enchanted Gyrozephyr,questiedb-foreverBaseItem.lua
260897,(DNT) Moonglaive,questiedb-foreverBaseItem.lua
260927,Rusted Construct Parts,questiedb-foreverBaseItem.lua
262357,Wind Hollow Essence,questiedb-foreverBaseItem.lua
262433,Ketharas' Hyjal Stew,questiedb-foreverBaseItem.lua
262640,Feed Satchel,questiedb-foreverBaseItem.lua
262668,Wind-Infused Bough,questiedb-foreverBaseItem.lua
262764,Durotar Supply and Logistics Tabard,questiedb-foreverBaseItem.lua
262765,Azeroth Commerce Authority Tabard,questiedb-foreverBaseItem.lua
262766,Reins of the Pack Kodo,questiedb-foreverBaseItem.lua
262801,Barkskin Satchel,questiedb-foreverBaseItem.lua
262802,Moonveil Moss,questiedb-foreverBaseItem.lua
262803,Burrow Beetle Bits,questiedb-foreverBaseItem.lua
262816,Intact Owl Body,questiedb-foreverBaseItem.lua
262818,Bear Berries,questiedb-foreverBaseItem.lua
262887,Sealed Apprentice's Writ,questiedb-foreverBaseItem.lua
262888,Sealed Journeyman's Writ,questiedb-foreverBaseItem.lua
262889,Sealed Expert's Writ,questiedb-foreverBaseItem.lua
262890,Sealed Artisan's Writ,questiedb-foreverBaseItem.lua
262896,Forger's Quill,questiedb-foreverBaseItem.lua
262902,Forged Delivery Receipt,questiedb-foreverBaseItem.lua
262913,Fel-Tainted Bear Heart,questiedb-foreverBaseItem.lua
262917,Notarized Shipping Container,questiedb-foreverBaseItem.lua
263005,Thendal Watcher's Vest,questiedb-foreverBaseItem.lua
263006,Scout Ranger's Tunic,questiedb-foreverBaseItem.lua
263007,Skyseer's Vest,questiedb-foreverBaseItem.lua
263015,Skyseer's Pants,questiedb-foreverBaseItem.lua
263016,Scout Ranger's Leggings,questiedb-foreverBaseItem.lua
263017,Thendal Watcher's Leggings,questiedb-foreverBaseItem.lua
263028,Enchanted Harpy Amulet,questiedb-foreverBaseItem.lua
263029,Empty Waterskin,questiedb-foreverBaseItem.lua
263030,Filled Hyjal Waterskin,questiedb-foreverBaseItem.lua
263183,Sharp Ursera Tooth,questiedb-foreverBaseItem.lua
263184,Chipped Ursera Bone,questiedb-foreverBaseItem.lua
263227,Thorn Seed,questiedb-foreverBaseItem.lua
263305,Windshaped Shield,questiedb-foreverBaseItem.lua
263306,Nightclaw Gloves,questiedb-foreverBaseItem.lua
263307,Shadowgale Pants,questiedb-foreverBaseItem.lua
263308,Cult Hunter's Boots,questiedb-foreverBaseItem.lua
263309,Freedom Walkers,questiedb-foreverBaseItem.lua
263310,Sorrowsong Gloves,questiedb-foreverBaseItem.lua
263311,Scuffed Cuffs,questiedb-foreverBaseItem.lua
263312,Planting Shovel,questiedb-foreverBaseItem.lua
263313,Trusty Wrench,questiedb-foreverBaseItem.lua
263314,Roofing Hammer,questiedb-foreverBaseItem.lua
263329,Flutterfly Swatter,questiedb-foreverBaseItem.lua
263330,Tracker's Pants,questiedb-foreverBaseItem.lua
263332,Elder's Tunic,questiedb-foreverBaseItem.lua
263333,Peacekeeper's Mail,questiedb-foreverBaseItem.lua
263335,Hunter's Cord,questiedb-foreverBaseItem.lua
263336,Windsong Bangles,questiedb-foreverBaseItem.lua
263337,Breaker's Gauntlets,questiedb-foreverBaseItem.lua
263338,Defender's Bracers,questiedb-foreverBaseItem.lua
263339,Windswept Slippers,questiedb-foreverBaseItem.lua
263340,Peacekeeper's Legguards,questiedb-foreverBaseItem.lua
263401,Martyr's Armor,questiedb-foreverBaseItem.lua
263402,Sash of Sorrow,questiedb-foreverBaseItem.lua
263403,Cilice of Regret,questiedb-foreverBaseItem.lua
263404,Bow of Hours,questiedb-foreverBaseItem.lua
263405,Belt of Blades,questiedb-foreverBaseItem.lua
263406,Empyrean Shoes,questiedb-foreverBaseItem.lua
263407,Empyrean Greatsword,questiedb-foreverBaseItem.lua
263408,Exterminator's Vest,questiedb-foreverBaseItem.lua
263409,Gardening Pants,questiedb-foreverBaseItem.lua
263410,Watcher's Mail Chest,questiedb-foreverBaseItem.lua
263411,Windcharged Leaf,questiedb-foreverBaseItem.lua
263412,Windcarved Effigy,questiedb-foreverBaseItem.lua
263414,Traveler's Wraps,questiedb-foreverBaseItem.lua
263415,Raani's Lucky Feather,questiedb-foreverBaseItem.lua
263417,Adventurer's Cloak,questiedb-foreverBaseItem.lua
263418,Shadowsong Family Signet,questiedb-foreverBaseItem.lua
263420,Hiking Boots,questiedb-foreverBaseItem.lua
263421,Bandit's Jerkin,questiedb-foreverBaseItem.lua
263422,Patchwork Leggings,questiedb-foreverBaseItem.lua
263423,Highlands Mail Legguards,questiedb-foreverBaseItem.lua
263424,Wolfhide Belt,questiedb-foreverBaseItem.lua
263425,Elegant Cuffs,questiedb-foreverBaseItem.lua
263426,Ex-Commander's Gauntlets,questiedb-foreverBaseItem.lua
263428,Dowsing Rod,questiedb-foreverBaseItem.lua
263430,Windbough Wand,questiedb-foreverBaseItem.lua
263431,Defender's Aegis,questiedb-foreverBaseItem.lua
263432,Skulker's Shiv,questiedb-foreverBaseItem.lua
263434,Winged Beast Staff,questiedb-foreverBaseItem.lua
263435,Mark of Urs'endris,questiedb-foreverBaseItem.lua
263436,Firestorm Totem,questiedb-foreverBaseItem.lua
263439,Deadwood Tribal Beads,questiedb-foreverBaseItem.lua
263491,Shadowsong Family Signet,questiedb-foreverBaseItem.lua
263493,Hippogryph Down,questiedb-foreverBaseItem.lua
263509,Skywall Souffle,questiedb-foreverBaseItem.lua
263511,Recipe: Skywall Souffle,questiedb-foreverBaseItem.lua
263512,Pincer Bites,questiedb-foreverBaseItem.lua
263513,Recipe: Pincer Bites,questiedb-foreverBaseItem.lua
263930,Farholde Scouting Report,questiedb-foreverBaseItem.lua
263931,Crudely Fashioned Report,questiedb-foreverBaseItem.lua
263935,Elunar Longstaff,questiedb-foreverBaseItem.lua
263936,Windforged Shortblade,questiedb-foreverBaseItem.lua
263937,Skyseeker's Greatstaff,questiedb-foreverBaseItem.lua
263972,Woodworker's Axe,questiedb-foreverBaseItem.lua
263973,Beguiler's Blade,questiedb-foreverBaseItem.lua
263992,Overseer's Keyring,questiedb-foreverBaseItem.lua
263993,Skybreaker Bulwark,questiedb-foreverBaseItem.lua
264011,Craftsman's Writ: Elixir of Ogre's Strength,questiedb-foreverBaseItem.lua
264012,Craftsman's Writ: Elixir of Wisdom,questiedb-foreverBaseItem.lua
264013,Craftsman's Writ: Lesser Mana Potion,questiedb-foreverBaseItem.lua
264014,Craftsman's Writ: Shadow Protection Potion,questiedb-foreverBaseItem.lua
264015,Craftsman's Writ: Free Action Potion,questiedb-foreverBaseItem.lua
264016,Craftsman's Writ: Elixir of Lesser Agility,questiedb-foreverBaseItem.lua
264017,Craftsman's Writ: Lesser Troll's Blood Elixir,questiedb-foreverBaseItem.lua
264018,Craftsman's Writ: Elixir of Defense,questiedb-foreverBaseItem.lua
264019,Craftsman's Writ: Draught of Water Breathing,questiedb-foreverBaseItem.lua
264020,Craftsman's Writ: Pearl-Handled Dagger,questiedb-foreverBaseItem.lua
264021,Craftsman's Writ: Golden Rod,questiedb-foreverBaseItem.lua
264022,Craftsman's Writ: Iridescent Hammer,questiedb-foreverBaseItem.lua
264023,Craftsman's Writ: Silver Skeleton Key,questiedb-foreverBaseItem.lua
264024,Craftsman's Writ: Heavy Bronze Mace,questiedb-foreverBaseItem.lua
264025,Craftsman's Writ: Rough Bronze Leggings,questiedb-foreverBaseItem.lua
264026,Craftsman's Writ: Green Iron Gauntlets,questiedb-foreverBaseItem.lua
264027,Craftsman's Writ: Big Bronze Knife,questiedb-foreverBaseItem.lua
264028,Craftsman's Writ: Green Iron Boots,questiedb-foreverBaseItem.lua
264029,Craftsman's Writ: Ornate Spyglass,questiedb-foreverBaseItem.lua
264030,Craftsman's Writ: Explosive Sheep,questiedb-foreverBaseItem.lua
264031,Craftsman's Writ: Moonsight Rifle,questiedb-foreverBaseItem.lua
264032,Craftsman's Writ: Minor Recombobulator,questiedb-foreverBaseItem.lua
264033,Craftsman's Writ: Practice Lock,questiedb-foreverBaseItem.lua
264034,Craftsman's Writ: Shadow Goggles,questiedb-foreverBaseItem.lua
264035,Craftsman's Writ: Gnomish Universal Remote,questiedb-foreverBaseItem.lua
264036,Craftsman's Writ: Big Bronze Bomb,questiedb-foreverBaseItem.lua
264037,Craftsman's Writ: Crafted Solid Shot,questiedb-foreverBaseItem.lua
264038,Craftsman's Writ: Heavy Leather Ball,questiedb-foreverBaseItem.lua
264039,Craftsman's Writ: Fine Leather Pants,questiedb-foreverBaseItem.lua
264040,Craftsman's Writ: Herbalist's Gloves,questiedb-foreverBaseItem.lua
264041,Craftsman's Writ: Dark Leather Tunic,questiedb-foreverBaseItem.lua
264042,Craftsman's Writ: Pilferer's Gloves,questiedb-foreverBaseItem.lua
264043,Craftsman's Writ: Heavy Quiver,questiedb-foreverBaseItem.lua
264044,Craftsman's Writ: Dark Leather Shoulders,questiedb-foreverBaseItem.lua
264045,Craftsman's Writ: Barbaric Gloves,questiedb-foreverBaseItem.lua
264046,Craftsman's Writ: Red Whelp Gloves,questiedb-foreverBaseItem.lua
264047,Craftsman's Writ: Lesser Wizard's Robe,questiedb-foreverBaseItem.lua
264048,Craftsman's Writ: Blue Overalls,questiedb-foreverBaseItem.lua
264049,Craftsman's Writ: Azure Silk Hood,questiedb-foreverBaseItem.lua
264050,Craftsman's Writ: Small Silk Pack,questiedb-foreverBaseItem.lua
264051,Craftsman's Writ: Phoenix Pants,questiedb-foreverBaseItem.lua
264052,Craftsman's Writ: Red Woolen Boots,questiedb-foreverBaseItem.lua
264053,Craftsman's Writ: Colorful Kilt,questiedb-foreverBaseItem.lua
264054,Craftsman's Writ: Greater Adept's Robe,questiedb-foreverBaseItem.lua
264055,Craftsman's Writ: Spider Silk Slippers,questiedb-foreverBaseItem.lua
264056,Craftsman's Writ: Frost Protection Potion,questiedb-foreverBaseItem.lua
264057,Craftsman's Writ: Lesser Invisibility Potion,questiedb-foreverBaseItem.lua
264058,Craftsman's Writ: Lesser Stoneshield Potion,questiedb-foreverBaseItem.lua
264059,Craftsman's Writ: Nature Protection Potion,questiedb-foreverBaseItem.lua
264060,Craftsman's Writ: Catseye Draught,questiedb-foreverBaseItem.lua
264061,Craftsman's Writ: Great Rage Potion,questiedb-foreverBaseItem.lua
264062,Craftsman's Writ: Mana Potion,questiedb-foreverBaseItem.lua
264063,Craftsman's Writ: Fire Protection Potion,questiedb-foreverBaseItem.lua
264064,Craftsman's Writ: Shadow Oil,questiedb-foreverBaseItem.lua
264065,Craftsman's Writ: Goblin Rocket Fuel,questiedb-foreverBaseItem.lua
264066,Craftsman's Writ: Elixir of Agility,questiedb-foreverBaseItem.lua
264067,Craftsman's Writ: Wildvine Potion,questiedb-foreverBaseItem.lua
264068,Craftsman's Writ: Steel Plate Helm,questiedb-foreverBaseItem.lua
264069,Craftsman's Writ: Inlaid Mithril Cylinder,questiedb-foreverBaseItem.lua
264070,Craftsman's Writ: Steel Weapon Chain,questiedb-foreverBaseItem.lua
264071,Craftsman's Writ: Ornate Mithril Shoulders,questiedb-foreverBaseItem.lua
264072,Craftsman's Writ: Blue Glittering Axe,questiedb-foreverBaseItem.lua
264073,Craftsman's Writ: Moonsteel Broadsword,questiedb-foreverBaseItem.lua
264074,Craftsman's Writ: Golden Scale Coif,questiedb-foreverBaseItem.lua
264075,Craftsman's Writ: Solid Sharpening Stone,questiedb-foreverBaseItem.lua
264076,Craftsman's Writ: Wicked Mithril Blade,questiedb-foreverBaseItem.lua
264077,Craftsman's Writ: Truesilver Rod,questiedb-foreverBaseItem.lua
264078,Craftsman's Writ: Golden Scale Gauntlets,questiedb-foreverBaseItem.lua
264079,Craftsman's Writ: Heavy Mithril Axe,questiedb-foreverBaseItem.lua
264080,Craftsman's Writ: Mechanical Dragonling,questiedb-foreverBaseItem.lua
264081,Craftsman's Writ: Advanced Target Dummy,questiedb-foreverBaseItem.lua
264082,Craftsman's Writ: Craftsman's Monocle,questiedb-foreverBaseItem.lua
264083,Craftsman's Writ: Goblin Land Mine,questiedb-foreverBaseItem.lua
264084,Craftsman's Writ: Catseye Ultra Goggles,questiedb-foreverBaseItem.lua
264085,Craftsman's Writ: Unstable Trigger,questiedb-foreverBaseItem.lua
264086,Craftsman's Writ: Flash Bomb,questiedb-foreverBaseItem.lua
264087,Craftsman's Writ: Fire Goggles,questiedb-foreverBaseItem.lua
264088,Craftsman's Writ: Mithril Frag Bomb,questiedb-foreverBaseItem.lua
264089,Craftsman's Writ: Gyromatic Micro-Adjuster,questiedb-foreverBaseItem.lua
264090,Craftsman's Writ: Mechanical Repair Kit,questiedb-foreverBaseItem.lua
264091,Craftsman's Writ: Dark Iron Bomb,questiedb-foreverBaseItem.lua
264092,Craftsman's Writ: Comfortable Leather Hat,questiedb-foreverBaseItem.lua
264093,Craftsman's Writ: Guardian Cloak,questiedb-foreverBaseItem.lua
264094,Craftsman's Writ: Dusky Bracers,questiedb-foreverBaseItem.lua
264095,Craftsman's Writ: Wild Leather Helmet,questiedb-foreverBaseItem.lua
264096,Craftsman's Writ: Wild Leather Shoulders,questiedb-foreverBaseItem.lua
264097,Craftsman's Writ: Quickdraw Quiver,questiedb-foreverBaseItem.lua
264098,Craftsman's Writ: Swift Boots,questiedb-foreverBaseItem.lua
264099,Craftsman's Writ: Nightscape Shoulders,questiedb-foreverBaseItem.lua
264100,Craftsman's Writ: Big Voodoo Mask,questiedb-foreverBaseItem.lua
264101,Craftsman's Writ: Big Voodoo Robe,questiedb-foreverBaseItem.lua
264102,Craftsman's Writ: Turtle Scale Breastplate,questiedb-foreverBaseItem.lua
264103,Craftsman's Writ: Thick Leather Ammo Pouch,questiedb-foreverBaseItem.lua
264104,Craftsman's Writ: Mageweave Bag,questiedb-foreverBaseItem.lua
264105,Craftsman's Writ: Shadoweave Gloves,questiedb-foreverBaseItem.lua
264106,Craftsman's Writ: Crimson Silk Robe,questiedb-foreverBaseItem.lua
264107,Craftsman's Writ: Shadoweave Robe,questiedb-foreverBaseItem.lua
264108,Craftsman's Writ: Enchanted Mageweave Pouch,questiedb-foreverBaseItem.lua
264109,Craftsman's Writ: Star Belt,questiedb-foreverBaseItem.lua
264110,Craftsman's Writ: Black Mageweave Vest,questiedb-foreverBaseItem.lua
264111,Craftsman's Writ: Red Mageweave Pants,questiedb-foreverBaseItem.lua
264112,Craftsman's Writ: Orange Martial Shirt,questiedb-foreverBaseItem.lua
264113,Craftsman's Writ: White Bandit Mask,questiedb-foreverBaseItem.lua
264114,Craftsman's Writ: Cindercloth Robe,questiedb-foreverBaseItem.lua
264115,Craftsman's Writ: Earthen Silk Belt,questiedb-foreverBaseItem.lua
264116,Craftsman's Writ: Potion of Demonslaying,questiedb-foreverBaseItem.lua
264117,Craftsman's Writ: Dreamless Sleep Potion,questiedb-foreverBaseItem.lua
264118,Craftsman's Writ: Greater Fire Protection Potion,questiedb-foreverBaseItem.lua
264119,Craftsman's Writ: Draught of Detect Demon,questiedb-foreverBaseItem.lua
264120,Craftsman's Writ: Gift of Arthas,questiedb-foreverBaseItem.lua
264121,Craftsman's Writ: Flask of Chromatic Resistance,questiedb-foreverBaseItem.lua
264122,Craftsman's Writ: Limited Invulnerability Potion,questiedb-foreverBaseItem.lua
264123,Craftsman's Writ: Major Rejuvenation Potion,questiedb-foreverBaseItem.lua
264124,Craftsman's Writ: Distilled Firewater,questiedb-foreverBaseItem.lua
264125,Craftsman's Writ: Radiant Circlet,questiedb-foreverBaseItem.lua
264126,Craftsman's Writ: Radiant Belt,questiedb-foreverBaseItem.lua
264127,Craftsman's Writ: Orcish War Leggings,questiedb-foreverBaseItem.lua
264128,Craftsman's Writ: Mithril Spurs,questiedb-foreverBaseItem.lua
264129,Craftsman's Writ: Imperial Plate Chest,questiedb-foreverBaseItem.lua
264130,Craftsman's Writ: Darkrune Gauntlets,questiedb-foreverBaseItem.lua
264131,Craftsman's Writ: Huge Thorium Battleaxe,questiedb-foreverBaseItem.lua
264132,Craftsman's Writ: Arcanite Skeleton Key,questiedb-foreverBaseItem.lua
264133,Craftsman's Writ: Ebon Shiv,questiedb-foreverBaseItem.lua
264134,Craftsman's Writ: Masterwork Target Dummy,questiedb-foreverBaseItem.lua
264135,Craftsman's Writ: Green Lens,questiedb-foreverBaseItem.lua
264136,Craftsman's Writ: Lifelike Mechanical Toad,questiedb-foreverBaseItem.lua
264137,Craftsman's Writ: Gnomish Alarm-O-Bot,questiedb-foreverBaseItem.lua
264138,Craftsman's Writ: Goblin Jumper Cables XL,questiedb-foreverBaseItem.lua
264139,Craftsman's Writ: Field Repair Bot 74A,questiedb-foreverBaseItem.lua
264140,Craftsman's Writ: Truesilver Transformer,questiedb-foreverBaseItem.lua
264141,Craftsman's Writ: Sniper Scope,questiedb-foreverBaseItem.lua
264142,Craftsman's Writ: Tranquil Mechanical Yeti,questiedb-foreverBaseItem.lua
264143,Craftsman's Writ: Wicked Leather Pants,questiedb-foreverBaseItem.lua
264144,Craftsman's Writ: Gordok Ogre Suit,questiedb-foreverBaseItem.lua
264145,Craftsman's Writ: Volcanic Breastplate,questiedb-foreverBaseItem.lua
264146,Craftsman's Writ: Runic Leather Headband,questiedb-foreverBaseItem.lua
264147,Craftsman's Writ: Wicked Leather Bracers,questiedb-foreverBaseItem.lua
264148,Craftsman's Writ: Chimeric Vest,questiedb-foreverBaseItem.lua
264149,Craftsman's Writ: Heavy Scorpid Helm,questiedb-foreverBaseItem.lua
264150,Craftsman's Writ: Runic Leather Bracers,questiedb-foreverBaseItem.lua
264151,Craftsman's Writ: Frostsaber Boots,questiedb-foreverBaseItem.lua
264152,Craftsman's Writ: Wizardweave Turban,questiedb-foreverBaseItem.lua
264153,Craftsman's Writ: Runecloth Bag,questiedb-foreverBaseItem.lua
264154,Craftsman's Writ: Runecloth Boots,questiedb-foreverBaseItem.lua
264155,Craftsman's Writ: Tuxedo Jacket,questiedb-foreverBaseItem.lua
264156,Craftsman's Writ: Felcloth Boots,questiedb-foreverBaseItem.lua
264157,Craftsman's Writ: Cenarion Herb Bag,questiedb-foreverBaseItem.lua
264158,Craftsman's Writ: Shadoweave Mask,questiedb-foreverBaseItem.lua
264159,Craftsman's Writ: Ghostweave Vest,questiedb-foreverBaseItem.lua
264160,Craftsman's Writ: Soul Pouch,questiedb-foreverBaseItem.lua
264163,Taming Rod,questiedb-foreverBaseItem.lua
264201,Schematic: SAF-T Tabs,questiedb-foreverBaseItem.lua
264202,Schematic: SAF-T Dynamite,questiedb-foreverBaseItem.lua
264203,Schematic: SAF-T Copper Bomb,questiedb-foreverBaseItem.lua
264204,Schematic: EZ-Thro Wrap,questiedb-foreverBaseItem.lua
264205,Schematic: EZ-Thro Copper Bomb XL,questiedb-foreverBaseItem.lua
264206,Schematic: No Slip SAF-T Padding,questiedb-foreverBaseItem.lua
264207,Schematic: SAF-T Bronze Bomb,questiedb-foreverBaseItem.lua
264208,Schematic: SAF-T Jumbo Dynamite,questiedb-foreverBaseItem.lua
264209,Schematic: SAF-T Bell,questiedb-foreverBaseItem.lua
264210,Schematic: Shafety Sheep,questiedb-foreverBaseItem.lua
264211,Schematic: EZ-Thro Fireproof Fuse,questiedb-foreverBaseItem.lua
264212,Schematic: EZ-Thro Bronze Mortar,questiedb-foreverBaseItem.lua
264213,Schematic: EZ-Thro Grenade,questiedb-foreverBaseItem.lua
264214,Schematic: SAF-T Casing,questiedb-foreverBaseItem.lua
264215,Schematic: SAF-T Bomb,questiedb-foreverBaseItem.lua
264216,Schematic: Emergency Field Cloak,questiedb-foreverBaseItem.lua
264217,Schematic: Compact Critter Carrier,questiedb-foreverBaseItem.lua
264218,Schematic: EZ-Thro Tru-Trigger,questiedb-foreverBaseItem.lua
264219,Schematic: Tru-Trigger Frag Bomb,questiedb-foreverBaseItem.lua
264220,Schematic: SAF-T Disposable Parachute,questiedb-foreverBaseItem.lua
264221,Schematic: Gnomish Army Knife,questiedb-foreverBaseItem.lua
264222,Schematic: Loot-A-Rang,questiedb-foreverBaseItem.lua
264223,Schematic: SAF-T Tube,questiedb-foreverBaseItem.lua
264224,Schematic: SAF-T Clever Dynamite,questiedb-foreverBaseItem.lua
264225,Schematic: EZ-Thro Shell,questiedb-foreverBaseItem.lua
264226,Schematic: EZ-Thro Thorium Grenade,questiedb-foreverBaseItem.lua
264227,Schematic: EZ-Thro Dark Bomb,questiedb-foreverBaseItem.lua
264228,Schematic: EZ-Thro Mana Bomb,questiedb-foreverBaseItem.lua
264229,Schematic: EZ-Thro Field Transporter: Gadgetzan,questiedb-foreverBaseItem.lua
264230,Schematic: SAF-T Emergency Ripper: Everlook,questiedb-foreverBaseItem.lua
264231,Schematic: EZ and SAF Field Transporter: Mt. Hyjal,questiedb-foreverBaseItem.lua
264232,Schematic: Ultrasafe Rechargeable Battery,questiedb-foreverBaseItem.lua
264233,Schematic: Dimensional Transporter: Mt. Hyjal,questiedb-foreverBaseItem.lua
264234,Schematic: Gnomish Poultryizer,questiedb-foreverBaseItem.lua
264235,Schematic: Ultralight Goblin Glider,questiedb-foreverBaseItem.lua
264236,Schematic: Gnomish Weather Machine,questiedb-foreverBaseItem.lua
264237,Schematic: Stealthman 52,questiedb-foreverBaseItem.lua
264238,Schematic: SAF-T Nitro Boosts,questiedb-foreverBaseItem.lua
264239,Schematic: EZ-Thro Magnetic Displacer,questiedb-foreverBaseItem.lua
264240,Schematic: SAF-T Teleport,questiedb-foreverBaseItem.lua
264356,Iceclaw Bear Pendant,questiedb-foreverBaseItem.lua
264360,Diemetradon Meat,questiedb-foreverBaseItem.lua
264361,Pterrordax Meat,questiedb-foreverBaseItem.lua
264501,Ancient Skyborne Blade,questiedb-foreverBaseItem.lua
264671,(DNT) Sylvestris' Bow,questiedb-foreverBaseItem.lua
264693,Scarlet Crusade Attack Plans,questiedb-foreverBaseItem.lua
264908,Ancient Heirloom,questiedb-foreverBaseItem.lua
265065,Stolen Feed,questiedb-foreverBaseItem.lua
265066,Hearty Stew,questiedb-foreverBaseItem.lua
265105,Lady's Tear Moss,questiedb-foreverBaseItem.lua
265140,Pristine Shriekling Feather,questiedb-foreverBaseItem.lua
265141,Bloody Heirloom,questiedb-foreverBaseItem.lua
265357,Snargl's Snout,questiedb-foreverBaseItem.lua
265358,Stolen Ore,questiedb-foreverBaseItem.lua
265359,Novice's Robe,questiedb-foreverBaseItem.lua
265360,Novice's Pants,questiedb-foreverBaseItem.lua
265475,Commander Haalien's Severed Head,questiedb-foreverBaseItem.lua
265476,Ripped Missive,questiedb-foreverBaseItem.lua
265732,Unfilled Brown Waterskin,questiedb-foreverBaseItem.lua
265734,Full Brown Waterskin,questiedb-foreverBaseItem.lua
265738,Sootfur's Pelt,questiedb-foreverBaseItem.lua
265745,Twilight Missive,questiedb-foreverBaseItem.lua
265747,Unfilled Red Waterskin,questiedb-foreverBaseItem.lua
265748,Full Red Waterskin,questiedb-foreverBaseItem.lua
265750,Chogg's Head,questiedb-foreverBaseItem.lua
265751,Zac's Head,questiedb-foreverBaseItem.lua
265772,Unfilled Blue Waterskin,questiedb-foreverBaseItem.lua
265773,Full Blue Waterskin,questiedb-foreverBaseItem.lua
265782,Mysterious Orders,questiedb-foreverBaseItem.lua
265806,Riverweed,questiedb-foreverBaseItem.lua
265808,Sweetberry,questiedb-foreverBaseItem.lua
265810,Treat for Snufflesnout,questiedb-foreverBaseItem.lua
265821,Twilight Key,questiedb-foreverBaseItem.lua
265837,Kilgar's Head,questiedb-foreverBaseItem.lua
265838,Green Skeletal Horse,questiedb-foreverBaseItem.lua
265839,Dark Skeletal Horse,questiedb-foreverBaseItem.lua
265840,Purple Skeletal Horse,questiedb-foreverBaseItem.lua
265932,A Bloodsoaked Note,questiedb-foreverBaseItem.lua
266148,Farmers' Mementos,questiedb-foreverBaseItem.lua
266154,Lumber Tree Seed,questiedb-foreverBaseItem.lua
266156,Fresh Manure,questiedb-foreverBaseItem.lua
266157,Jumbo Crawfish Shell,questiedb-foreverBaseItem.lua
266158,Taming Rod,questiedb-foreverBaseItem.lua
266161,Tree Sprouting Kit,questiedb-foreverBaseItem.lua
266251,Discarded Doll,questiedb-foreverBaseItem.lua
266252,Damaged Locket,questiedb-foreverBaseItem.lua
266253,Taming Rod,questiedb-foreverBaseItem.lua
266254,Taming Rod,questiedb-foreverBaseItem.lua
266424,Twilight Page,questiedb-foreverBaseItem.lua
266425,Twilight Charm,questiedb-foreverBaseItem.lua
266426,Filled Crystal Catalyst,questiedb-foreverBaseItem.lua
266427,Field Marshal's Log,questiedb-foreverBaseItem.lua
266428,Marshal Ryan's Crest,questiedb-foreverBaseItem.lua
266433,Abandoned Belongings,questiedb-foreverBaseItem.lua
266434,Resaan's Heirloom,questiedb-foreverBaseItem.lua
266884,Robbie's Hat,questiedb-foreverBaseItem.lua
266888,Prized Lion Hide,questiedb-foreverBaseItem.lua
266889,Komuk's Warmaul,questiedb-foreverBaseItem.lua
266891,Shipment to Farholde Keep,questiedb-foreverBaseItem.lua
266895,Solomon's Plea to Farholde,questiedb-foreverBaseItem.lua
266897,Saw Blade,questiedb-foreverBaseItem.lua
266997,Fel Ash,questiedb-foreverBaseItem.lua
267001,Ketharas' Empty Vial,questiedb-foreverBaseItem.lua
267003,Ketharas' Filled Vial,questiedb-foreverBaseItem.lua
267073,Twilight Finger Bone,questiedb-foreverBaseItem.lua
267079,Concoction of Cleansing,questiedb-foreverBaseItem.lua
267086,Eye of Mugg,questiedb-foreverBaseItem.lua
267087,Head of Zarmok,questiedb-foreverBaseItem.lua
267089,Krol'dok Compound Key,questiedb-foreverBaseItem.lua
267091,Cultist Ear,questiedb-foreverBaseItem.lua
267104,Tome of Twilight,questiedb-foreverBaseItem.lua
267137,Krol'dok Moulding,questiedb-foreverBaseItem.lua
267138,Krol'dok Moulding,questiedb-foreverBaseItem.lua
267178,Wheeler's Steed Feed,questiedb-foreverBaseItem.lua
267223,Pawprint Tracing,questiedb-foreverBaseItem.lua
267224,Tuft of Bloody Fur,questiedb-foreverBaseItem.lua
267225,Gnawed Horse Skull,questiedb-foreverBaseItem.lua
267234,Twilight Bangle,questiedb-foreverBaseItem.lua
267244,Care Package,questiedb-foreverBaseItem.lua
267256,Field Marshal's Log,questiedb-foreverBaseItem.lua
267263,Bundle of Lion Pelts,questiedb-foreverBaseItem.lua
267266,Mudfin Murloc Head,questiedb-foreverBaseItem.lua
267272,Taming Rod,questiedb-foreverBaseItem.lua
267289,Scarlet Dart Tuber,questiedb-foreverBaseItem.lua
267298,Taming Rod,questiedb-foreverBaseItem.lua
267336,Fluffy Wolf Fur,questiedb-foreverBaseItem.lua
267337,Fresh Pine Needles,questiedb-foreverBaseItem.lua
267341,Sweetpaw Jam,questiedb-foreverBaseItem.lua
267361,Enchanted Silver Ingot,questiedb-foreverBaseItem.lua
267362,Pyrewood Blacksmith's Hammer,questiedb-foreverBaseItem.lua
267369,Wolfsbane,questiedb-foreverBaseItem.lua
267412,Fenris Isle Key,questiedb-foreverBaseItem.lua
267413,Gnomeregan Archival Data,questiedb-foreverBaseItem.lua
267414,Pristine Leopard Pelt,questiedb-foreverBaseItem.lua
267415,Stolen Blasting Powder,questiedb-foreverBaseItem.lua
267416,Toughened Boar Hide,questiedb-foreverBaseItem.lua
267429,Fox-Catching Net,questiedb-foreverBaseItem.lua
267454,Trevan's Weapon Notes,questiedb-foreverBaseItem.lua
267474,Galeswept Forestshroom,questiedb-foreverBaseItem.lua
267489,Stolen Tool,questiedb-foreverBaseItem.lua
267630,Tuft of Renalard's Fur,questiedb-foreverBaseItem.lua
268035,Satchel of Cursed Mementos,questiedb-foreverBaseItem.lua
268036,Satchel of Mementos,questiedb-foreverBaseItem.lua
268052,Barnacle Encrusted Blade,questiedb-foreverBaseItem.lua
268054,A Curious Blade,questiedb-foreverBaseItem.lua
268109,Musical Gustjumper,questiedb-foreverBaseItem.lua
268192,Bundle of Blacksmithing Materials,questiedb-foreverBaseItem.lua
268298,Concoction of Cleansing,questiedb-foreverBaseItem.lua
268312,"Monster - Mace1H, Basic Stone Hammer (Large)",questiedb-foreverBaseItem.lua
268336,Improved Concoction of Cleansing,questiedb-foreverBaseItem.lua
268341,Rot-Covered Harpoon,questiedb-foreverBaseItem.lua
268344,Saltwater Murloc Eye,questiedb-foreverBaseItem.lua
268345,Sand Crawler Meat,questiedb-foreverBaseItem.lua
268346,Eastsea Powder Keg,questiedb-foreverBaseItem.lua
268359,Ott's Masterwork,questiedb-foreverBaseItem.lua
268415,Commonplace Herb Seeds,questiedb-foreverBaseItem.lua
268416,Uncommon Herb Seeds,questiedb-foreverBaseItem.lua
268417,Unusual Herb Seeds,questiedb-foreverBaseItem.lua
268418,Scarce Herb Seeds,questiedb-foreverBaseItem.lua
268421,Southern Watch Gnoll Report,questiedb-foreverBaseItem.lua
268422,Velvet of Kala'th's Horn,questiedb-foreverBaseItem.lua
268423,Whisker of Shalla'kal,questiedb-foreverBaseItem.lua
268484,Moonsilver Blade,questiedb-foreverBaseItem.lua
268502,Tiny Bronze Whelpling,questiedb-foreverBaseItem.lua
268503,Tiny Azure Whelpling,questiedb-foreverBaseItem.lua
268505,Remote Explosive Charge,questiedb-foreverBaseItem.lua
268506,Lamora's Loot,questiedb-foreverBaseItem.lua
268507,Broken Staff,questiedb-foreverBaseItem.lua
268516,Twilight Scouting Report,questiedb-foreverBaseItem.lua
268518,Head of the Baron,questiedb-foreverBaseItem.lua
268520,Lamora's Key,questiedb-foreverBaseItem.lua
268521,Swineherd's Staff,questiedb-foreverBaseItem.lua
268535,Bloodied Insignia,questiedb-foreverBaseItem.lua
268536,Bundle of Hay,questiedb-foreverBaseItem.lua
268540,Bloodied Insignia,questiedb-foreverBaseItem.lua
268548,Empty Powder Keg,questiedb-foreverBaseItem.lua
268549,Bundle of Boar Meat,questiedb-foreverBaseItem.lua
268558,Trogg's Lucky Rock,questiedb-foreverBaseItem.lua
268559,Leopard's Head,questiedb-foreverBaseItem.lua
268560,Troll's Pendant,questiedb-foreverBaseItem.lua
268573,Reanimator's Amulet,questiedb-foreverBaseItem.lua
268579,Crest of Lordaeron,questiedb-foreverBaseItem.lua
268580,Intact Limbs,questiedb-foreverBaseItem.lua
268581,Scoutmaster's Eye,questiedb-foreverBaseItem.lua
268582,Corrupted Totems,questiedb-foreverBaseItem.lua
268586,Trapclaw's Pincer,questiedb-foreverBaseItem.lua
268632,Beast Entrails,questiedb-foreverBaseItem.lua
268633,Sea Monster's Head,questiedb-foreverBaseItem.lua
268646,Amberhall's Soulstone,questiedb-foreverBaseItem.lua
268647,Big Ball o' Bait,questiedb-foreverBaseItem.lua
268664,Rotflesh Mushroom,questiedb-foreverBaseItem.lua
268675,Refined Concoction of Cleansing,questiedb-foreverBaseItem.lua
268677,Barkskin Purification Tonic,questiedb-foreverBaseItem.lua
268705,Blood and Battle,questiedb-foreverBaseItem.lua
268796,Smuggled Goods,questiedb-foreverBaseItem.lua
268801,Bottle of Whispering Elixir,questiedb-foreverBaseItem.lua
268805,Tazzik's Sweaty Shirt,questiedb-foreverBaseItem.lua
268810,Ruzzgot's Shipment,questiedb-foreverBaseItem.lua
268811,Friz's Secret Stash,questiedb-foreverBaseItem.lua
268812,Whispering Horror Residue,questiedb-foreverBaseItem.lua
268813,Fel Ash Sample,questiedb-foreverBaseItem.lua
268814,Sludgy Bits,questiedb-foreverBaseItem.lua
268815,Bone Fragments,questiedb-foreverBaseItem.lua
268816,Surplus Crops,questiedb-foreverBaseItem.lua
268824,The Friz Special,questiedb-foreverBaseItem.lua
268825,Bottle of Whispers,questiedb-foreverBaseItem.lua
268829,Chef's Hat,questiedb-foreverBaseItem.lua
268873,Defender of the Barkskin,questiedb-foreverBaseItem.lua
268879,Uber Diablo Stone,questiedb-foreverBaseItem.lua
268880,"""Secret"" Bait",questiedb-foreverBaseItem.lua
268881,Perishable Minor Healing Potion,questiedb-foreverBaseItem.lua
268882,Perishable Lesser Healing Potion,questiedb-foreverBaseItem.lua
268883,Perishable Healing Potion,questiedb-foreverBaseItem.lua
268912,Expiring Crab Cake,questiedb-foreverBaseItem.lua
268913,Expiring Crocolisk Steak,questiedb-foreverBaseItem.lua
268967,Token of the Wild King,questiedb-foreverBaseItem.lua
268990,Pristine Fel-Slime Crystal,questiedb-foreverBaseItem.lua
268997,Wormwing Pinfeather,questiedb-foreverBaseItem.lua
268998,Omnuron's Spear,questiedb-foreverBaseItem.lua
269000,SI:7 Disguise Kit,questiedb-foreverBaseItem.lua
269008,Corrupted Grovewalker Sap,questiedb-foreverBaseItem.lua
269011,Ash-tainted Sap,questiedb-foreverBaseItem.lua
269013,Altered Concoction of Cleansing,questiedb-foreverBaseItem.lua
269025,Ceremonial Mastic,questiedb-foreverBaseItem.lua
269233,Ashen Infused Crystal,questiedb-foreverBaseItem.lua
269244,Calcified Excrement,questiedb-foreverBaseItem.lua
269246,Warped Metal Scrap,questiedb-foreverBaseItem.lua
269247,Inert Phylactery,questiedb-foreverBaseItem.lua
269257,Skullbasher,questiedb-foreverBaseItem.lua
269326,NOT USED,questiedb-foreverBaseItem.lua
269327,Edge of Oblivion,questiedb-foreverBaseItem.lua
269351,Executioner's Mace,questiedb-foreverBaseItem.lua
269501,Elven Chain Wristguards,questiedb-foreverBaseItem.lua
269502,Dwarven Plate,questiedb-foreverBaseItem.lua
269503,Poacher Boots,questiedb-foreverBaseItem.lua
269504,Smoking Satchel,questiedb-foreverBaseItem.lua
269671,Swift Empyrean Galestrider,questiedb-foreverBaseItem.lua
269673,Swift Regal Galestrider,questiedb-foreverBaseItem.lua
269678,Swift Stormy Galestrider,questiedb-foreverBaseItem.lua
269681,Empyrean Galestrider,questiedb-foreverBaseItem.lua
269682,Regal Galestrider,questiedb-foreverBaseItem.lua
269683,Stormy Galestrider,questiedb-foreverBaseItem.lua
269715,Savannah Lion Hide,questiedb-foreverBaseItem.lua
269716,Keen Skinning Knife,questiedb-foreverBaseItem.lua
269717,Wildgore Greatsword,questiedb-foreverBaseItem.lua
269718,Bundle of Hides,questiedb-foreverBaseItem.lua
269719,Trapped Game,questiedb-foreverBaseItem.lua
269739,Bloody Tuft of Fur,questiedb-foreverBaseItem.lua
269741,Scented Runewood Brooch,questiedb-foreverBaseItem.lua
269742,Walton's Second-Favorite Gun,questiedb-foreverBaseItem.lua
269749,Headhunter's Head,questiedb-foreverBaseItem.lua
269757,Battered Zeppelin Parcel,questiedb-foreverBaseItem.lua
269758,Quest Reward Placeholder,questiedb-foreverBaseItem.lua
269759,Quest Reward Placeholder,questiedb-foreverBaseItem.lua
269773,Twilight Missive,questiedb-foreverBaseItem.lua
269774,Unusual Ooze Vial,questiedb-foreverBaseItem.lua
269777,Quicklatch Sparker,questiedb-foreverBaseItem.lua
269810,Scrapper's Salvage,questiedb-foreverBaseItem.lua
269830,Snowy Wolf Pup,questiedb-foreverBaseItem.lua
269900,Centaur Banner Deployment Device,questiedb-foreverBaseItem.lua
269901,Schematic: Centaur Banner Deployment Device,questiedb-foreverBaseItem.lua
269902,Hoof-Shaped Foot Pedal,questiedb-foreverBaseItem.lua
269903,Schematic: Hoof-Shaped Foot Pedal,questiedb-foreverBaseItem.lua
269920,Hyjal Owl Egg,questiedb-foreverBaseItem.lua
269944,Bag of Enchanted Seeds,questiedb-foreverBaseItem.lua
269990,Crystal Catalyst,questiedb-foreverBaseItem.lua
269997,Bundle of Candles,questiedb-foreverBaseItem.lua
269998,Sacred Stag Bundle,questiedb-foreverBaseItem.lua
270000,Apprentice Wizard's Gown,questiedb-foreverBaseItem.lua
270001,Rusty Cutlass,questiedb-foreverBaseItem.lua
270002,Midshipman's Worn Boots,questiedb-foreverBaseItem.lua
270003,Garrison Cuffs,questiedb-foreverBaseItem.lua
270004,Murloc-hide Gloves,questiedb-foreverBaseItem.lua
270005,Monastic Hammer,questiedb-foreverBaseItem.lua
270006,Boots of the People's Militia,questiedb-foreverBaseItem.lua
270007,Worn Miner's Waistcord,questiedb-foreverBaseItem.lua
270008,Heat Resistant Mitts,questiedb-foreverBaseItem.lua
270009,Safety Boots,questiedb-foreverBaseItem.lua
270010,Raptorcrest Bracers,questiedb-foreverBaseItem.lua
270011,Embroidered Leggings,questiedb-foreverBaseItem.lua
270012,Miner's Workgloves,questiedb-foreverBaseItem.lua
270013,Miner's Workboots,questiedb-foreverBaseItem.lua
270014,Deerhide Pants,questiedb-foreverBaseItem.lua
270015,Bravo's Armbands,questiedb-foreverBaseItem.lua
270016,Dreamer's Leggings,questiedb-foreverBaseItem.lua
270017,Hunting Satchel,questiedb-foreverBaseItem.lua
270018,Hammerbone,questiedb-foreverBaseItem.lua
270019,Loch Walkers,questiedb-foreverBaseItem.lua
270020,Gnollhide Pants,questiedb-foreverBaseItem.lua
270021,Staghide Armguards,questiedb-foreverBaseItem.lua
270022,Archaeologist's Gown,questiedb-foreverBaseItem.lua
270023,Tanned Shoulderpads,questiedb-foreverBaseItem.lua
270024,Bronzed Shoulderguards,questiedb-foreverBaseItem.lua
270025,Silvered Gauntlets,questiedb-foreverBaseItem.lua
270027,Ursine Hammer,questiedb-foreverBaseItem.lua
270028,Harpy Bangles,questiedb-foreverBaseItem.lua
270029,Town Clerk's Mittens,questiedb-foreverBaseItem.lua
270030,Tattered Mittens,questiedb-foreverBaseItem.lua
270031,Dark Ritual Leggings,questiedb-foreverBaseItem.lua
270032,Cultist's Armguards,questiedb-foreverBaseItem.lua
270033,Demonhide Bracers,questiedb-foreverBaseItem.lua
270034,Shadow Gauntlets,questiedb-foreverBaseItem.lua
270035,Reclaimer's Robes,questiedb-foreverBaseItem.lua
270036,Magistrate's Pantaloons,questiedb-foreverBaseItem.lua
270037,Smouldering Leggings,questiedb-foreverBaseItem.lua
270038,Runed Gauntlets,questiedb-foreverBaseItem.lua
270039,Raptorclaw Shoulders,questiedb-foreverBaseItem.lua
270042,Technician's Bracers,questiedb-foreverBaseItem.lua
270044,Darkshire Shoulderguards,questiedb-foreverBaseItem.lua
270045,Operator's Gloves,questiedb-foreverBaseItem.lua
270046,Ethereal Mantle,questiedb-foreverBaseItem.lua
270048,Uthil's Cudgel,questiedb-foreverBaseItem.lua
270049,Mavoris's Warstaff,questiedb-foreverBaseItem.lua
270050,Fury Ring,questiedb-foreverBaseItem.lua
270051,Ladimore Heirloom Ring,questiedb-foreverBaseItem.lua
270052,Swamp Ring,questiedb-foreverBaseItem.lua
270053,Ring of Ruin,questiedb-foreverBaseItem.lua
270055,Charged Leather Bracers,questiedb-foreverBaseItem.lua
270056,Stromgarde Librarian Leggings,questiedb-foreverBaseItem.lua
270057,Stromgarde Operative Pants,questiedb-foreverBaseItem.lua
270065,Farseer's Forgotten Shield,questiedb-foreverBaseItem.lua
270066,Tower Boots,questiedb-foreverBaseItem.lua
270067,Wild Headdress,questiedb-foreverBaseItem.lua
270068,Stromgarde Bracers,questiedb-foreverBaseItem.lua
270069,Mindslicer,questiedb-foreverBaseItem.lua
270070,Madman's Blade,questiedb-foreverBaseItem.lua
270071,Dark Hearted Hammer,questiedb-foreverBaseItem.lua
270072,Alterac Assassin's Gloves,questiedb-foreverBaseItem.lua
270073,Stromgarde Cuffs,questiedb-foreverBaseItem.lua
270074,Doomcaller's Pants,questiedb-foreverBaseItem.lua
270075,Fists of Impending Doom,questiedb-foreverBaseItem.lua
270076,Tidal Bracers,questiedb-foreverBaseItem.lua
270077,Undertow Legguards,questiedb-foreverBaseItem.lua
270078,Guardian Staff,questiedb-foreverBaseItem.lua
270079,Witchdoctor's Dress,questiedb-foreverBaseItem.lua
270080,Arathi Armbands,questiedb-foreverBaseItem.lua
270081,Purified Ring,questiedb-foreverBaseItem.lua
270082,Ceremonial Gown,questiedb-foreverBaseItem.lua
270083,Blooded Pants,questiedb-foreverBaseItem.lua
270084,Master Hunter's Wand,questiedb-foreverBaseItem.lua
270085,Master Hunter's Spellsword,questiedb-foreverBaseItem.lua
270086,Oversized Ogre's Mittens,questiedb-foreverBaseItem.lua
270087,Thick Ogre's Belt,questiedb-foreverBaseItem.lua
270088,Thane's Hammer,questiedb-foreverBaseItem.lua
270089,Ironforge Agent's Gloves,questiedb-foreverBaseItem.lua
270090,Beggar's Leggings,questiedb-foreverBaseItem.lua
270091,Seadog's Battered Cuffs,questiedb-foreverBaseItem.lua
270092,Blackwater Scimitar,questiedb-foreverBaseItem.lua
270093,Blackwater Cap,questiedb-foreverBaseItem.lua
270094,Black Whelp Boots,questiedb-foreverBaseItem.lua
270096,Rebel Breastplate,questiedb-foreverBaseItem.lua
270097,Archer's Leggings,questiedb-foreverBaseItem.lua
270098,Dank Shoulderpads,questiedb-foreverBaseItem.lua
270099,Magister Cowl,questiedb-foreverBaseItem.lua
270100,Freebooter's Armband,questiedb-foreverBaseItem.lua
270101,Gnomish Floatation Device,questiedb-foreverBaseItem.lua
270102,Projectile Redirectors,questiedb-foreverBaseItem.lua
270103,Reloading Assist Armbands,questiedb-foreverBaseItem.lua
270104,Stonewalker's Slippers,questiedb-foreverBaseItem.lua
270105,Protector's Armguards,questiedb-foreverBaseItem.lua
270106,Vicious Throwing Stars,questiedb-foreverBaseItem.lua
270107,Bloodstained Longbow,questiedb-foreverBaseItem.lua
270108,Bloodied Longmace,questiedb-foreverBaseItem.lua
270109,Smotts' Pinky Ring,questiedb-foreverBaseItem.lua
270110,First Mate's Armguards,questiedb-foreverBaseItem.lua
270111,Forest Troll Leggings,questiedb-foreverBaseItem.lua
270112,Gryphon Rider's Crop,questiedb-foreverBaseItem.lua
270113,Singed Cloth Robe,questiedb-foreverBaseItem.lua
270114,Dragonscale Pants,questiedb-foreverBaseItem.lua
270117,Shapeshifter's Helm,questiedb-foreverBaseItem.lua
270118,Cindercloth Gown,questiedb-foreverBaseItem.lua
270122,Yesterday's Pants,questiedb-foreverBaseItem.lua
270123,Ragnar's Favorite Hat,questiedb-foreverBaseItem.lua
270151,Benedict's Orders,questiedb-foreverBaseItem.lua
270180,Horrible Rootcore,questiedb-foreverBaseItem.lua
270181,[DNT] REUSE,questiedb-foreverBaseItem.lua
270225,Jewel of the Guard Captain,questiedb-foreverBaseItem.lua
270226,Golden Banana,questiedb-foreverBaseItem.lua
270227,Ephemeral Choker,questiedb-foreverBaseItem.lua
270228,Golemheart Stave,questiedb-foreverBaseItem.lua
270229,Treads of the Protector Golem,questiedb-foreverBaseItem.lua
270230,Kindlegem Girdle,questiedb-foreverBaseItem.lua
270231,Flamefist Grips,questiedb-foreverBaseItem.lua
270256,Durgen's Crescent Axe,questiedb-foreverBaseItem.lua
270257,Captain Sander's Locker,questiedb-foreverBaseItem.lua
270260,Direhammer Leggings,questiedb-foreverBaseItem.lua
270261,Robes of the Disgraced Thane,questiedb-foreverBaseItem.lua
270270,Scale of the Tidebender,questiedb-foreverBaseItem.lua
270275,Cleansed Vilebranch Medallion,questiedb-foreverBaseItem.lua
270276,Cleansed Vilebranch Icon,questiedb-foreverBaseItem.lua
270298,Unholy Icon,questiedb-foreverBaseItem.lua
270302,Chakuyak's Pelt,questiedb-foreverBaseItem.lua
270303,"Monster - Trident, Naga (Brass)",questiedb-foreverBaseItem.lua
270304,"Monster - Trident, Silver",questiedb-foreverBaseItem.lua
270305,Brinescale Trident,questiedb-foreverBaseItem.lua
270308,The First Tablet of I'lalai,questiedb-foreverBaseItem.lua
270309,The Second Tablet of I'lalai,questiedb-foreverBaseItem.lua
270310,The Third Tablet of I'lalai,questiedb-foreverBaseItem.lua
270311,The Fourth Tablet of I'lalai,questiedb-foreverBaseItem.lua
270312,Translated Tale of I'lalai,questiedb-foreverBaseItem.lua
270313,Tale of I'lalai in Zandali,questiedb-foreverBaseItem.lua
270332,Fredd's Head,questiedb-foreverBaseItem.lua
270333,Voodoo-Infused Artifact,questiedb-foreverBaseItem.lua
270334,Sweat-Stained Shirt,questiedb-foreverBaseItem.lua
270338,Beacon of Moonlight,questiedb-foreverBaseItem.lua
270339,Bundle of I'lalai Findings,questiedb-foreverBaseItem.lua
270340,Savage Coast Report Bundle,questiedb-foreverBaseItem.lua
270343,I'lalai Fetish,questiedb-foreverBaseItem.lua
270428,Monster - Glaive - Demonhunter Illidan,questiedb-foreverBaseItem.lua
270429,Monster - Glaive - Demonhunter Illidan Offhand,questiedb-foreverBaseItem.lua
270435,Rudolph Gelhardt's Head,questiedb-foreverBaseItem.lua
270436,Rudolph Gelhardt's Head,questiedb-foreverBaseItem.lua
270865,Titan Relic,questiedb-foreverBaseItem.lua
270866,Titan Relic,questiedb-foreverBaseItem.lua
270868,Dwarven Tradeskill Signpost,questiedb-foreverBaseItem.lua
270870,Orcish Tradeskill Signpost,questiedb-foreverBaseItem.lua
270877,Alchemy Sign,questiedb-foreverBaseItem.lua
270878,Blacksmithing Sign,questiedb-foreverBaseItem.lua
270879,Cooking Sign,questiedb-foreverBaseItem.lua
270880,Enchanting Sign,questiedb-foreverBaseItem.lua
270881,Engineering Sign,questiedb-foreverBaseItem.lua
270882,Leatherworking Sign,questiedb-foreverBaseItem.lua
270883,Tailoring Sign,questiedb-foreverBaseItem.lua
270887,Advertising License Application,questiedb-foreverBaseItem.lua
270888,Advertising License Application,questiedb-foreverBaseItem.lua
270896,Massive Pile of Forms,questiedb-foreverBaseItem.lua
270897,Massive Pile of Completed Forms,questiedb-foreverBaseItem.lua
270901,Reed-woven Heart,questiedb-foreverBaseItem.lua
270931,"Monster - Mace, Thrall's Hammer (Doomhammer)",questiedb-foreverBaseItem.lua
271095,Fang of Magmatus,questiedb-foreverBaseItem.lua
271096,Aetherwisp Bracers,questiedb-foreverBaseItem.lua
271097,Spiritwraith Drape,questiedb-foreverBaseItem.lua
271098,Golemguard Chest,questiedb-foreverBaseItem.lua
271100,Thicket Raptor Meat,questiedb-foreverBaseItem.lua
271201,Atrophic Girdle,questiedb-foreverBaseItem.lua
271202,Witherbite Bracers,questiedb-foreverBaseItem.lua
271203,Segmented Spider Leg,questiedb-foreverBaseItem.lua
271204,Meathook Slicer,questiedb-foreverBaseItem.lua
271205,Abomination Bones,questiedb-foreverBaseItem.lua
271206,Leftover Abomination Skin,questiedb-foreverBaseItem.lua
271207,Rotmender's Leggings,questiedb-foreverBaseItem.lua
271208,Grip of Fear,questiedb-foreverBaseItem.lua
271209,Bonerust Leggings,questiedb-foreverBaseItem.lua
271210,Tuskwrap Belt,questiedb-foreverBaseItem.lua
271211,Vilewalkers,questiedb-foreverBaseItem.lua
271212,Bloodied Chestwraps,questiedb-foreverBaseItem.lua
271213,Mirror of Rath'mael,questiedb-foreverBaseItem.lua
271214,Rotmender's Treads,questiedb-foreverBaseItem.lua
271215,Coldspire Staff,questiedb-foreverBaseItem.lua
271216,Scepter of the Abandoned,questiedb-foreverBaseItem.lua
271217,Corpse Chopper,questiedb-foreverBaseItem.lua
271218,Vileblood Scimitar,questiedb-foreverBaseItem.lua
271220,Ephemeral Essence,questiedb-foreverBaseItem.lua
271343,Note Scrap,questiedb-foreverBaseItem.lua
271350,Tortured Soul,questiedb-foreverBaseItem.lua
271425,Blademaster's Banner,questiedb-foreverBaseItem.lua
271431,Fresh Apple,questiedb-foreverBaseItem.lua
271432,Coyote Pelt,questiedb-foreverBaseItem.lua
271611,Cubic Draconia,questiedb-foreverBaseItem.lua
271612,Head of Scaldaron,questiedb-foreverBaseItem.lua
271613,Head of Scaldaron,questiedb-foreverBaseItem.lua
271618,Rejected Roses,questiedb-foreverBaseItem.lua
271620,Foreman's Crate,questiedb-foreverBaseItem.lua
271621,Alchemy Certification,questiedb-foreverBaseItem.lua
271622,Blacksmithing Certification,questiedb-foreverBaseItem.lua
271624,Enchanting Certification,questiedb-foreverBaseItem.lua
271625,Engineering Certification,questiedb-foreverBaseItem.lua
271626,Leatherworking Certification,questiedb-foreverBaseItem.lua
271627,Tailoring Certification,questiedb-foreverBaseItem.lua
271629,Wood Bundle,questiedb-foreverBaseItem.lua
271630,Makeshift Stickin' Spear,questiedb-foreverBaseItem.lua
271639,Makeshift Stickin' Spear,questiedb-foreverBaseItem.lua
271646,How to Make Friend,questiedb-foreverBaseItem.lua
271647,Once Used Shoe,questiedb-foreverBaseItem.lua
271648,Ogre Tooth Cleaner,questiedb-foreverBaseItem.lua
271650,Crawler Spittle,questiedb-foreverBaseItem.lua
271653,Goblin Degreaser,questiedb-foreverBaseItem.lua
271654,Expired Poison,questiedb-foreverBaseItem.lua
271655,Thendal Apprentice's Shirt,questiedb-foreverBaseItem.lua
271657,Fresh Chum,questiedb-foreverBaseItem.lua
271658,Thendal Apprentice's Pants,questiedb-foreverBaseItem.lua
271659,Thendal Apprentice's Boots,questiedb-foreverBaseItem.lua
271661,Thendal Novice's Boots,questiedb-foreverBaseItem.lua
271662,Thendal Novice's Pants,questiedb-foreverBaseItem.lua
271663,Thendal Novice's Shirt,questiedb-foreverBaseItem.lua
271664,Hornbeam Heft,questiedb-foreverBaseItem.lua
271665,Thendal Survivalist's Boots,questiedb-foreverBaseItem.lua
271666,Thendal Survivalist's Pants,questiedb-foreverBaseItem.lua
271667,Ironwood Destroyer,questiedb-foreverBaseItem.lua
271668,Thendal Survivalist's Shirt,questiedb-foreverBaseItem.lua
271669,Thendal Warrior's Shirt,questiedb-foreverBaseItem.lua
271670,Curl of Life,questiedb-foreverBaseItem.lua
271671,Thendal Warrior's Boots,questiedb-foreverBaseItem.lua
271672,Thendal Warrior's Pants,questiedb-foreverBaseItem.lua
271673,Grove Scoundrel's Boots,questiedb-foreverBaseItem.lua
271674,Grove Scoundrel's Pants,questiedb-foreverBaseItem.lua
271675,Grove Scoundrel's Shirt,questiedb-foreverBaseItem.lua
271716,Explorer's League Dustcover,questiedb-foreverBaseItem.lua
271719,Furs of the Earthen Ring,questiedb-foreverBaseItem.lua
271720,Crocolisk Skin Gaiter,questiedb-foreverBaseItem.lua
271721,Krol'dok Ogre Key,questiedb-foreverBaseItem.lua
271722,Shen'dorei Magister's Belt,questiedb-foreverBaseItem.lua
271723,Shen'dorei Magister's Boots,questiedb-foreverBaseItem.lua
271724,Shen'dorei Magister's Cloak,questiedb-foreverBaseItem.lua
271725,Shen'dorei Magister's Robe,questiedb-foreverBaseItem.lua
271726,Shen'dorei Magister's Gloves,questiedb-foreverBaseItem.lua
271727,Shen'dorei Magister's Helm,questiedb-foreverBaseItem.lua
271728,Shen'dorei Magister's Leggings,questiedb-foreverBaseItem.lua
271729,Shen'dorei Magister's Vest,questiedb-foreverBaseItem.lua
271730,Shen'dorei Magister's Pauldrons,questiedb-foreverBaseItem.lua
271731,Ensemble: Shen'dorei Magister's Garb,questiedb-foreverBaseItem.lua
271732,Dirt-Heavy Bracers,questiedb-foreverBaseItem.lua
271733,Shen'dorei Peacekeeper's Belt,questiedb-foreverBaseItem.lua
271734,Shen'dorei Peacekeeper's Boots,questiedb-foreverBaseItem.lua
271735,Shen'dorei Peacekeeper's Cloak,questiedb-foreverBaseItem.lua
271736,Shen'dorei Peacekeeper's Robe,questiedb-foreverBaseItem.lua
271737,Shen'dorei Peacekeeper's Gloves,questiedb-foreverBaseItem.lua
271738,Shen'dorei Peacekeeper's Helm,questiedb-foreverBaseItem.lua
271739,Shen'dorei Peacekeeper's Leggings,questiedb-foreverBaseItem.lua
271740,Knife-Polishing Rag,questiedb-foreverBaseItem.lua
271742,Shen'dorei Peacekeeper's Vest,questiedb-foreverBaseItem.lua
271743,Shen'dorei Peacekeeper's Pauldrons,questiedb-foreverBaseItem.lua
271744,Ensemble: Shen'dorei Peacekeeper's Garb,questiedb-foreverBaseItem.lua
271745,Bloody Map,questiedb-foreverBaseItem.lua
271746,Shen'dorei Skyseer's Belt,questiedb-foreverBaseItem.lua
271747,Shen'dorei Skyseer's Boots,questiedb-foreverBaseItem.lua
271748,Shen'dorei Skyseer's Cloak,questiedb-foreverBaseItem.lua
271749,Shen'dorei Skyseer's Robe,questiedb-foreverBaseItem.lua
271750,Shen'dorei Skyseer's Gloves,questiedb-foreverBaseItem.lua
271751,Shen'dorei Skyseer's Helm,questiedb-foreverBaseItem.lua
271752,Shen'dorei Skyseer's Leggings,questiedb-foreverBaseItem.lua
271753,Shen'dorei Skyseer's Vest,questiedb-foreverBaseItem.lua
271754,Shen'dorei Skyseer's Pauldrons,questiedb-foreverBaseItem.lua
271755,Ensemble: Shen'dorei Skyseer's Garb,questiedb-foreverBaseItem.lua
271756,Al'Aketh Zealot's Belt,questiedb-foreverBaseItem.lua
271757,Al'Aketh Zealot's Boots,questiedb-foreverBaseItem.lua
271758,Al'Aketh Zealot's Cloak,questiedb-foreverBaseItem.lua
271759,Al'Aketh Zealot's Robe,questiedb-foreverBaseItem.lua
271760,Al'Aketh Zealot's Gloves,questiedb-foreverBaseItem.lua
271761,Al'Aketh Zealot's Helm,questiedb-foreverBaseItem.lua
271762,Al'Aketh Zealot's Leggings,questiedb-foreverBaseItem.lua
271763,Al'Aketh Zealot's Vest,questiedb-foreverBaseItem.lua
271764,Al'Aketh Zealot's Pauldrons,questiedb-foreverBaseItem.lua
271765,Ensemble: Al'Aketh Zealot's Garb,questiedb-foreverBaseItem.lua
271766,Heavehammer,questiedb-foreverBaseItem.lua
271767,Healer's Staff,questiedb-foreverBaseItem.lua
271768,Songblade Stabilizer,questiedb-foreverBaseItem.lua
271769,Daewyn's Girdle,questiedb-foreverBaseItem.lua
271770,Explorers' League Cartographer's Kit,questiedb-foreverBaseItem.lua
271771,Drained Crystal Fragment,questiedb-foreverBaseItem.lua
271776,Glade Viper Venom,questiedb-foreverBaseItem.lua
271777,Gnawed Skull,questiedb-foreverBaseItem.lua
271778,Intact Tallstrider Beak,questiedb-foreverBaseItem.lua
271779,Tallstrider Call,questiedb-foreverBaseItem.lua
271793,Plains Buzzard Feather,questiedb-foreverBaseItem.lua
271794,Centaur Spear,questiedb-foreverBaseItem.lua
271795,Wanderer's Broadsword,questiedb-foreverBaseItem.lua
271796,Blade of the Magram Clan,questiedb-foreverBaseItem.lua
271797,Staff of Revelations,questiedb-foreverBaseItem.lua
271798,Desperate Barrier,questiedb-foreverBaseItem.lua
271799,Desert Crawler's Claw,questiedb-foreverBaseItem.lua
271800,Scavenged Magram Armament,questiedb-foreverBaseItem.lua
271801,Abandoned Ferocity,questiedb-foreverBaseItem.lua
271802,Bludgeon of Betrayed Virtues,questiedb-foreverBaseItem.lua
271803,Greatstaff of the Necrokhans,questiedb-foreverBaseItem.lua
271804,Soulsplatter Mace,questiedb-foreverBaseItem.lua
271805,Thrice-Damned Effigy,questiedb-foreverBaseItem.lua
271806,Survivor's Amulet,questiedb-foreverBaseItem.lua
271807,Weathered Necklace,questiedb-foreverBaseItem.lua
271808,Scavenger's Ring,questiedb-foreverBaseItem.lua
271809,Desolate Band,questiedb-foreverBaseItem.lua
271810,Corpsefeeder's Shedding,questiedb-foreverBaseItem.lua
271811,Clacking Carapace Spaulders,questiedb-foreverBaseItem.lua
271812,Discarded Circlet,questiedb-foreverBaseItem.lua
271822,Frothing Mug,questiedb-foreverBaseItem.lua
271823,Wildflower,questiedb-foreverBaseItem.lua
271828,Ghostmaw's Fang,questiedb-foreverBaseItem.lua
271870,Lump of Coal,questiedb-foreverBaseItem.lua
271871,Gift of Galloping,questiedb-foreverBaseItem.lua
271872,Broken Staff of Incinerator Gar'im,questiedb-foreverBaseItem.lua
271877,Wood Bundle,questiedb-foreverBaseItem.lua
271879,Eye of Endless Influence,questiedb-foreverBaseItem.lua
271880,Activated Brimstone Carving,questiedb-foreverBaseItem.lua
271882,Pile of Pylon Parts,questiedb-foreverBaseItem.lua
271892,Good Rock,questiedb-foreverBaseItem.lua
271893,Bad Rock,questiedb-foreverBaseItem.lua
271894,Fiery Crystal,questiedb-foreverBaseItem.lua
271898,Charged Crystal,questiedb-foreverBaseItem.lua
271902,Noxious Crystal,questiedb-foreverBaseItem.lua
271903,Enriched Seal,questiedb-foreverBaseItem.lua
271904,Volunteer's Lucky Seal,questiedb-foreverBaseItem.lua
271905,Enriched Seal,questiedb-foreverBaseItem.lua
271906,Volunteer's Lucky Seal,questiedb-foreverBaseItem.lua
271907,Expeditionary's Cape,questiedb-foreverBaseItem.lua
271908,Theramore Signet,questiedb-foreverBaseItem.lua
271909,Theramore Signet,questiedb-foreverBaseItem.lua
271910,Theramore Signet,questiedb-foreverBaseItem.lua
271911,Theramore Signet,questiedb-foreverBaseItem.lua
271912,Moist Crystal,questiedb-foreverBaseItem.lua
271913,Militant's Band,questiedb-foreverBaseItem.lua
271914,Militant's Band,questiedb-foreverBaseItem.lua
271915,Militant's Band,questiedb-foreverBaseItem.lua
271916,Militant's Band,questiedb-foreverBaseItem.lua
271917,Seal of the Expedition,questiedb-foreverBaseItem.lua
271918,Seal of the Expedition,questiedb-foreverBaseItem.lua
271919,Seal of the Expedition,questiedb-foreverBaseItem.lua
271920,Seal of the Expedition,questiedb-foreverBaseItem.lua
271921,Expeditionary's Cape,questiedb-foreverBaseItem.lua
271922,Expeditionary's Cape,questiedb-foreverBaseItem.lua
271923,Expeditionary's Cape,questiedb-foreverBaseItem.lua
271924,Rebels' Rugged Reaper,questiedb-foreverBaseItem.lua
271925,Rebels' Rugged Reaper,questiedb-foreverBaseItem.lua
271926,Rebels' Rugged Reaper,questiedb-foreverBaseItem.lua
271927,Rebels' Rugged Reaper,questiedb-foreverBaseItem.lua
271928,Clever Expeditionary's Spellblade,questiedb-foreverBaseItem.lua
271929,Clever Expeditionary's Spellblade,questiedb-foreverBaseItem.lua
271930,Clever Expeditionary's Spellblade,questiedb-foreverBaseItem.lua
271931,Clever Expeditionary's Spellblade,questiedb-foreverBaseItem.lua
271932,Insurgent's Manifesto,questiedb-foreverBaseItem.lua
271933,Insurgent's Manifesto,questiedb-foreverBaseItem.lua
271934,Insurgent's Manifesto,questiedb-foreverBaseItem.lua
271935,Insurgent's Manifesto,questiedb-foreverBaseItem.lua
271936,Guerilla's Jagged Mace,questiedb-foreverBaseItem.lua
271937,Guerilla's Jagged Mace,questiedb-foreverBaseItem.lua
271938,Guerilla's Jagged Mace,questiedb-foreverBaseItem.lua
271939,Guerilla's Jagged Mace,questiedb-foreverBaseItem.lua
271940,Theramore Gauntlets,questiedb-foreverBaseItem.lua
271941,Theramore Gauntlets,questiedb-foreverBaseItem.lua
271945,Theramore Handwraps,questiedb-foreverBaseItem.lua
271946,Theramore Handwraps,questiedb-foreverBaseItem.lua
271948,Theramore Gloves,questiedb-foreverBaseItem.lua
271949,Theramore Gloves,questiedb-foreverBaseItem.lua
271950,Theramore Handguards,questiedb-foreverBaseItem.lua
271951,Theramore Handguards,questiedb-foreverBaseItem.lua
271953,Theramore Shoulderpads,questiedb-foreverBaseItem.lua
271954,Theramore Shoulders,questiedb-foreverBaseItem.lua
271955,Theramore Pauldrons,questiedb-foreverBaseItem.lua
271956,Theramore Epaulets,questiedb-foreverBaseItem.lua
271957,Theramore Mantle,questiedb-foreverBaseItem.lua
271959,Theramore Spaulders,questiedb-foreverBaseItem.lua
271965,Jewelcrafting Chisel,questiedb-foreverBaseItem.lua
271972,Partially Digested Journal Page,questiedb-foreverBaseItem.lua
271992,Phantasmal Blade,questiedb-foreverBaseItem.lua
271993,Monster Weapon,questiedb-foreverBaseItem.lua
271994,Undermine Satchel,questiedb-foreverBaseItem.lua
272000,Golden Statue,questiedb-foreverBaseItem.lua
272001,Gold Ring,questiedb-foreverBaseItem.lua
272004,Marsh Gas Vial,questiedb-foreverBaseItem.lua
272011,Activated Ogre Lightning Rod,questiedb-foreverBaseItem.lua
272014,Silver Necklace,questiedb-foreverBaseItem.lua
272015,Huge Quartz Gem,questiedb-foreverBaseItem.lua
272016,Gold Nugget,questiedb-foreverBaseItem.lua
272017,Nefarion's Remit,questiedb-foreverBaseItem.lua
272018,Overseer's License,questiedb-foreverBaseItem.lua
272019,Bronzebeard Wedding Contract,questiedb-foreverBaseItem.lua
272020,Felvine Seed,questiedb-foreverBaseItem.lua
272021,Ancient Memento,questiedb-foreverBaseItem.lua
272022,Earthstone Diamond Pinky Ring,questiedb-foreverBaseItem.lua
272023,Headmaster's Records,questiedb-foreverBaseItem.lua
272024,Grain Shipment Records,questiedb-foreverBaseItem.lua
272025,Dathrohan's Correspondance,questiedb-foreverBaseItem.lua
272026,Ysera's Tear,questiedb-foreverBaseItem.lua
272027,Mark of Xavius,questiedb-foreverBaseItem.lua
272028,Freya's Sigil,questiedb-foreverBaseItem.lua
272053,Darkspear Islands Field Ration,questiedb-foreverBaseItem.lua
272054,Darkspear Islands Iron Ration,questiedb-foreverBaseItem.lua
272055,Darkspear Islands Enriched Ration,questiedb-foreverBaseItem.lua
272056,Darkspear Islands Silk Bandage,questiedb-foreverBaseItem.lua
272057,Darkspear Islands Mageweave Bandage,questiedb-foreverBaseItem.lua
272058,Darkspear Islands Runecloth Bandage,questiedb-foreverBaseItem.lua
272059,Darkspear Voodoo Seal,questiedb-foreverBaseItem.lua
272060,Relentless Raider's Seal,questiedb-foreverBaseItem.lua
272061,Darkspear Voodoo Seal,questiedb-foreverBaseItem.lua
272062,Relentless Raider's Seal,questiedb-foreverBaseItem.lua
272063,Darkspear Raider's Cloak,questiedb-foreverBaseItem.lua
272064,Insurgent's Band,questiedb-foreverBaseItem.lua
272065,Insurgent's Band,questiedb-foreverBaseItem.lua
272066,Insurgent's Band,questiedb-foreverBaseItem.lua
272067,Insurgent's Band,questiedb-foreverBaseItem.lua
272068,Darkspear Signet,questiedb-foreverBaseItem.lua
272069,Darkspear Signet,questiedb-foreverBaseItem.lua
272070,Darkspear Signet,questiedb-foreverBaseItem.lua
272071,Darkspear Signet,questiedb-foreverBaseItem.lua
272072,Darkspear Warding Pendant,questiedb-foreverBaseItem.lua
272073,Darkspear Warding Pendant,questiedb-foreverBaseItem.lua
272074,Darkspear Warding Pendant,questiedb-foreverBaseItem.lua
272075,Darkspear Warding Pendant,questiedb-foreverBaseItem.lua
272076,Darkspear Raider's Cloak,questiedb-foreverBaseItem.lua
272077,Darkspear Raider's Cloak,questiedb-foreverBaseItem.lua
272078,Darkspear Raider's Cloak,questiedb-foreverBaseItem.lua
272079,Darkspear Raider's Reaper,questiedb-foreverBaseItem.lua
272080,Darkspear Raider's Reaper,questiedb-foreverBaseItem.lua
272081,Darkspear Raider's Reaper,questiedb-foreverBaseItem.lua
272082,Darkspear Raider's Reaper,questiedb-foreverBaseItem.lua
272083,Darkspear Insurgent's Spellblade,questiedb-foreverBaseItem.lua
272084,Darkspear Insurgent's Spellblade,questiedb-foreverBaseItem.lua
272085,Darkspear Insurgent's Spellblade,questiedb-foreverBaseItem.lua
272086,Darkspear Insurgent's Spellblade,questiedb-foreverBaseItem.lua
272087,Tome of the Darkspear Prophecy,questiedb-foreverBaseItem.lua
272088,Tome of the Darkspear Prophecy,questiedb-foreverBaseItem.lua
272089,Tome of the Darkspear Prophecy,questiedb-foreverBaseItem.lua
272090,Tome of the Darkspear Prophecy,questiedb-foreverBaseItem.lua
272091,Darkspear Skirmisher's Bludgeon,questiedb-foreverBaseItem.lua
272092,Darkspear Skirmisher's Bludgeon,questiedb-foreverBaseItem.lua
272093,Darkspear Skirmisher's Bludgeon,questiedb-foreverBaseItem.lua
272094,Darkspear Skirmisher's Bludgeon,questiedb-foreverBaseItem.lua
272095,Raider Gauntlets,questiedb-foreverBaseItem.lua
272096,Raider Gauntlets,questiedb-foreverBaseItem.lua
272097,Raider Handwraps,questiedb-foreverBaseItem.lua
272098,Raider Handwraps,questiedb-foreverBaseItem.lua
272099,Raider Gloves,questiedb-foreverBaseItem.lua
272100,Raider Gloves,questiedb-foreverBaseItem.lua
272101,Raider Handguards,questiedb-foreverBaseItem.lua
272102,Raider Handguards,questiedb-foreverBaseItem.lua
272103,Darkspear Shoulderpads,questiedb-foreverBaseItem.lua
272104,Darkspear Shoulders,questiedb-foreverBaseItem.lua
272105,Darkspear Pauldrons,questiedb-foreverBaseItem.lua
272106,Darkspear Epaulets,questiedb-foreverBaseItem.lua
272107,Darkspear Mantle,questiedb-foreverBaseItem.lua
272108,Darkspear Spaulders,questiedb-foreverBaseItem.lua
272124,Translated Tale of I'lalai,questiedb-foreverBaseItem.lua
272126,Makeshift Bandages,questiedb-foreverBaseItem.lua
272127,Drinking Water Sample,questiedb-foreverBaseItem.lua
272151,Damaged Undermine Supply Crate,questiedb-foreverBaseItem.lua
272156,"Monster - Sword1H, Skyborne (Blue)",questiedb-foreverBaseItem.lua
272157,"Monster - Sword1H, Skyborne (Green)",questiedb-foreverBaseItem.lua
272158,"Monster - Sword 2H, Skyborne (Blue)",questiedb-foreverBaseItem.lua
272159,"Monster - Sword 2H, Skyborne (White)",questiedb-foreverBaseItem.lua
272160,"Monster - Sword1H, Skyborne (Blue)",questiedb-foreverBaseItem.lua
272161,"Monster - Sword1H, Skyborne (Blue)",questiedb-foreverBaseItem.lua
272162,"Monster - Sword 2H, Skyborne (Green)",questiedb-foreverBaseItem.lua
272163,"Monster - Sword 2H, Skyborne (Gray)",questiedb-foreverBaseItem.lua
272164,"Monster - Dagger 1H, Skyborne (Blue)",questiedb-foreverBaseItem.lua
272165,"Monster - Mace1H, Skyborne (Blue)",questiedb-foreverBaseItem.lua
272166,"Monster - Mace1H, Skyborne (Gray)",questiedb-foreverBaseItem.lua
272167,"Monster - Mace1H, Skyborne (Green)",questiedb-foreverBaseItem.lua
272168,"Monster - Mace1H, Skyborne (White)",questiedb-foreverBaseItem.lua
272169,"Monster - Mace 2H, Skyborne (Blue)",questiedb-foreverBaseItem.lua
272170,"Monster - Mace 2H, Skyborne (Gray)",questiedb-foreverBaseItem.lua
272171,"Monster - Mace 2H, Skyborne (Green)",questiedb-foreverBaseItem.lua
272172,"Monster - Mace 2H, Skyborne (White)",questiedb-foreverBaseItem.lua
272179,Greatsword of Great Pasts,questiedb-foreverBaseItem.lua
272180,Spectral Magister's Commission,questiedb-foreverBaseItem.lua
272181,Phantasmal Shiv,questiedb-foreverBaseItem.lua
272184,Amulet of Vengeance,questiedb-foreverBaseItem.lua
272185,Amulet of Forgiveness,questiedb-foreverBaseItem.lua
272186,Overgrown Cuffs,questiedb-foreverBaseItem.lua
272187,Thornplated Cord,questiedb-foreverBaseItem.lua
272190,Gronok's Key,questiedb-foreverBaseItem.lua
272313,Ancient Hilt,questiedb-foreverBaseItem.lua
272314,Neutralizing Concoction,questiedb-foreverBaseItem.lua
272319,Tattered Note,questiedb-foreverBaseItem.lua
272393,Magician's Cord,questiedb-foreverBaseItem.lua
272394,Penitent's Cinch,questiedb-foreverBaseItem.lua
272395,Assassin's Waistguard,questiedb-foreverBaseItem.lua
272396,Shifter's Belt,questiedb-foreverBaseItem.lua
272397,Ranger's Belt,questiedb-foreverBaseItem.lua
272398,Caretaker's Cord,questiedb-foreverBaseItem.lua
272399,Stormseeker's Girdle,questiedb-foreverBaseItem.lua
272401,Elunite Cord,questiedb-foreverBaseItem.lua
272402,Prophet's Waistcord,questiedb-foreverBaseItem.lua
272403,Valiant's Waistguard,questiedb-foreverBaseItem.lua
272404,Vindicator's Belt,questiedb-foreverBaseItem.lua
272405,Redeemer's Waistcord,questiedb-foreverBaseItem.lua
272406,Channeler's Ring,questiedb-foreverBaseItem.lua
272407,Blessed Band of Light,questiedb-foreverBaseItem.lua
272408,Cutthroat's Signet,questiedb-foreverBaseItem.lua
272409,Ring of Awareness,questiedb-foreverBaseItem.lua
272410,Windseeker's Belt,questiedb-foreverBaseItem.lua
272411,Arcanoweave Cloak,questiedb-foreverBaseItem.lua
272413,Drape of Recovery,questiedb-foreverBaseItem.lua
272414,Howler's Furs,questiedb-foreverBaseItem.lua
272415,Stalwart Cloak,questiedb-foreverBaseItem.lua
272427,Howling Idol,questiedb-foreverBaseItem.lua
272428,Enraged Idol,questiedb-foreverBaseItem.lua
272429,Idol of Synthesis,questiedb-foreverBaseItem.lua
272430,Swarming Idol,questiedb-foreverBaseItem.lua
272431,Tidal Totem,questiedb-foreverBaseItem.lua
272432,Totem of the Storm,questiedb-foreverBaseItem.lua
272433,Burning Totem,questiedb-foreverBaseItem.lua
272434,Sentinel's Libram,questiedb-foreverBaseItem.lua
272435,Libram of Law,questiedb-foreverBaseItem.lua
272436,Libram of Economy,questiedb-foreverBaseItem.lua
272437,Adaptive Combat Assistant,questiedb-foreverBaseItem.lua
272438,Weakness Analyzer,questiedb-foreverBaseItem.lua
272439,Serenity Field,questiedb-foreverBaseItem.lua
272440,Defender's Grip Stabilizer,questiedb-foreverBaseItem.lua
272448,Purified Kor Gem,questiedb-foreverBaseItem.lua
272449,Scout's Tabard,questiedb-foreverBaseItem.lua
272450,Stone Guard's Herald,questiedb-foreverBaseItem.lua
272451,Sergeant's Cloak,questiedb-foreverBaseItem.lua
272452,Premier High Warlord's Blade,questiedb-foreverBaseItem.lua
272453,Premier Magus Footwraps,questiedb-foreverBaseItem.lua
272454,Premier Magus Cuffs,questiedb-foreverBaseItem.lua
272455,Premier Magus Gloves,questiedb-foreverBaseItem.lua
272456,Premier Magus Belt,questiedb-foreverBaseItem.lua
272457,Premier Magus Hood,questiedb-foreverBaseItem.lua
272458,Premier Magus Pants,questiedb-foreverBaseItem.lua
272459,Premier Magus Robes,questiedb-foreverBaseItem.lua
272461,Premier Kodohide Armguards,questiedb-foreverBaseItem.lua
272462,Premier Dragonhide Boots,questiedb-foreverBaseItem.lua
272463,Premier Dragonhide Waistband,questiedb-foreverBaseItem.lua
272464,Premier Kodohide Gauntlets,questiedb-foreverBaseItem.lua
272465,Premier Shadowhide Armguards,questiedb-foreverBaseItem.lua
272467,Premier Shadowhide Vices,questiedb-foreverBaseItem.lua
272468,Premier Shadowhide Girdle,questiedb-foreverBaseItem.lua
272469,Premier Dragonhide Spaulders,questiedb-foreverBaseItem.lua
272470,Premier Dragonhide Trousers,questiedb-foreverBaseItem.lua
272471,Premier Dragonhide Helm,questiedb-foreverBaseItem.lua
272472,Premier Dragonhide Breastplate,questiedb-foreverBaseItem.lua
272473,Premier Shadowhide Hauberk,questiedb-foreverBaseItem.lua
272474,Premier Shadowhide Headguard,questiedb-foreverBaseItem.lua
272475,Premier Shadowhide Mantle,questiedb-foreverBaseItem.lua
272476,Premier Shadowhide Leggings,questiedb-foreverBaseItem.lua
272477,Premier Mortarplate Boots,questiedb-foreverBaseItem.lua
272478,Premier Mortarplate Gloves,questiedb-foreverBaseItem.lua
272479,Premier Mortarplate Armor,questiedb-foreverBaseItem.lua
272480,Premier Mortarplate Headguard,questiedb-foreverBaseItem.lua
272481,Premier Mortarplate Legguards,questiedb-foreverBaseItem.lua
272483,Premier Chain Bracers,questiedb-foreverBaseItem.lua
272484,Premier Mail Walkers,questiedb-foreverBaseItem.lua
272485,Premier Linked Grips,questiedb-foreverBaseItem.lua
272486,Premier Mail Helm,questiedb-foreverBaseItem.lua
272487,Premier Mail Chestpiece,questiedb-foreverBaseItem.lua
272488,Premier Linked Leggings,questiedb-foreverBaseItem.lua
272489,Premier Linked Shoulders,questiedb-foreverBaseItem.lua
272490,Premier Chain Breastplate,questiedb-foreverBaseItem.lua
272491,Premier Chain Headguard,questiedb-foreverBaseItem.lua
272492,Premier Chain Leggings,questiedb-foreverBaseItem.lua
272494,Premier Chain Girdle,questiedb-foreverBaseItem.lua
272495,Premier Chain Gauntlets,questiedb-foreverBaseItem.lua
272496,Premier Chain Boots,questiedb-foreverBaseItem.lua
272497,Premier Linked Wristguards,questiedb-foreverBaseItem.lua
272498,Premier Warlord's Magus Cowl,questiedb-foreverBaseItem.lua
272499,Premier General's Magus Trousers,questiedb-foreverBaseItem.lua
272500,Premier Warlord's Magus Raiment,questiedb-foreverBaseItem.lua
272501,Premier General's Magus Amice,questiedb-foreverBaseItem.lua
272502,Premier Legionnaire's Magus Sash,questiedb-foreverBaseItem.lua
272503,Premier Legionnaire's Magus Cuffs,questiedb-foreverBaseItem.lua
272504,Premier Centurion's Magus Boots,questiedb-foreverBaseItem.lua
272505,Premier Champion's Magus Handguards,questiedb-foreverBaseItem.lua
272506,Premier Warlord's Mortarplate Armor,questiedb-foreverBaseItem.lua
272507,Premier Warlord's Mortarplate Headpiece,questiedb-foreverBaseItem.lua
272508,Premier General's Mortarplate Leggings,questiedb-foreverBaseItem.lua
272509,Premier General's Mortarplate Shoulders,questiedb-foreverBaseItem.lua
272510,Premier Centurion's Mortarplate Boots,questiedb-foreverBaseItem.lua
272511,Premier Legionnaire's Mortarplate Armguards,questiedb-foreverBaseItem.lua
272512,Premier Legionnaire's Mortarplate Girdle,questiedb-foreverBaseItem.lua
272513,Premier Champion's Mortarplate Gauntlets,questiedb-foreverBaseItem.lua
272514,Premier Warlord's Dragonhide Hauberk,questiedb-foreverBaseItem.lua
272515,Premier Warlord's Dragonhide Helmet,questiedb-foreverBaseItem.lua
272516,Premier General's Dragonhide Epaulets,questiedb-foreverBaseItem.lua
272517,Premier General's Dragonhide Leggings,questiedb-foreverBaseItem.lua
272518,Premier Legionnaire's Dragonhide Bracers,questiedb-foreverBaseItem.lua
272519,Premier Centurion's Dragonhide Boots,questiedb-foreverBaseItem.lua
272520,Premier Champion's Dragonhide Gloves,questiedb-foreverBaseItem.lua
272521,Premier Legionnaire's Dragonhide Belt,questiedb-foreverBaseItem.lua
272522,Premier Legionnaire's Shadowhide Girdle,questiedb-foreverBaseItem.lua
272523,Premier Centurion's Shadowhide Treads,questiedb-foreverBaseItem.lua
272524,Premier Legionnaire's Shadowhide Armsplints,questiedb-foreverBaseItem.lua
272525,Premier Champion's Shadowhide Mitts,questiedb-foreverBaseItem.lua
272526,Premier Warlord's Shadowhide Helm,questiedb-foreverBaseItem.lua
272527,Premier General's Shadowhide Spaulders,questiedb-foreverBaseItem.lua
272528,Premier Warlord's Shadowhide Breastplate,questiedb-foreverBaseItem.lua
272529,Premier General's Shadowhide Legguards,questiedb-foreverBaseItem.lua
272530,Premier Warlord's Chain Chestpiece,questiedb-foreverBaseItem.lua
272531,Premier Warlord's Chain Helmet,questiedb-foreverBaseItem.lua
272532,Premier General's Chain Legguards,questiedb-foreverBaseItem.lua
272533,Premier General's Chain Shoulders,questiedb-foreverBaseItem.lua
272534,Premier Centurion's Chain Sabatons,questiedb-foreverBaseItem.lua
272535,Premier Legionnaire's Chain Wristguards,questiedb-foreverBaseItem.lua
272536,Premier Champion's Chain Gloves,questiedb-foreverBaseItem.lua
272537,Premier Legionnaire's Chain Girdle,questiedb-foreverBaseItem.lua
272538,Premier Centurion's Linked Boots,questiedb-foreverBaseItem.lua
272539,Premier Champion's Linked Gauntlets,questiedb-foreverBaseItem.lua
272540,Premier Legionnaire's Linked Waistband,questiedb-foreverBaseItem.lua
272541,Premier Legionnaire's Linked Bracers,questiedb-foreverBaseItem.lua
272542,Premier Warlord's Linked Armor,questiedb-foreverBaseItem.lua
272543,Premier Warlord's Linked Helm,questiedb-foreverBaseItem.lua
272544,Premier General's Linked Leggings,questiedb-foreverBaseItem.lua
272545,Premier General's Linked Spaulders,questiedb-foreverBaseItem.lua
272548,Premier Felweave Robe,questiedb-foreverBaseItem.lua
272549,Premier Felweave Shoulders,questiedb-foreverBaseItem.lua
272550,Premier Felweave Belt,questiedb-foreverBaseItem.lua
272551,Premier Felweave Bracers,questiedb-foreverBaseItem.lua
272552,Premier Felweave Boots,questiedb-foreverBaseItem.lua
272553,Premier Felweave Gloves,questiedb-foreverBaseItem.lua
272554,Premier Centurion's Felweave Boots,questiedb-foreverBaseItem.lua
272555,Premier Legionnaire's Felweave Bracers,questiedb-foreverBaseItem.lua
272556,Premier Champion's Felweave Gloves,questiedb-foreverBaseItem.lua
272557,Premier Legionnaire's Felweave Belt,questiedb-foreverBaseItem.lua
272558,Premier General's Felweave Mantle,questiedb-foreverBaseItem.lua
272559,Premier Warlord's Felweave Hood,questiedb-foreverBaseItem.lua
272560,Premier Warlord's Felweave Robe,questiedb-foreverBaseItem.lua
272561,Premier General's Felweave Pants,questiedb-foreverBaseItem.lua
272562,Premier Satin Cowl,questiedb-foreverBaseItem.lua
272563,Premier Satin Trousers,questiedb-foreverBaseItem.lua
272564,Premier Satin Vestments,questiedb-foreverBaseItem.lua
272565,Premier Satin Shoulderpads,questiedb-foreverBaseItem.lua
272566,Premier Satin Sash,questiedb-foreverBaseItem.lua
272567,Premier Satin Cuffs,questiedb-foreverBaseItem.lua
272568,Premier Satin Boots,questiedb-foreverBaseItem.lua
272569,Premier Satin Gloves,questiedb-foreverBaseItem.lua
272570,Premier Centurion's Satin Boots,questiedb-foreverBaseItem.lua
272571,Premier Legionnaire's Satin Bracers,questiedb-foreverBaseItem.lua
272572,Premier Champion's Satin Gloves,questiedb-foreverBaseItem.lua
272573,Premier Legionnaire's Satin Cinch,questiedb-foreverBaseItem.lua
272574,Premier General's Satin Mantle,questiedb-foreverBaseItem.lua
272575,Premier Warlord's Satin Cowl,questiedb-foreverBaseItem.lua
272576,Premier Warlord's Satin Robes,questiedb-foreverBaseItem.lua
272577,Premier General's Satin Leggings,questiedb-foreverBaseItem.lua
272578,Premier Sergeant's Cloak,questiedb-foreverBaseItem.lua
272579,Premier Mortarplate Bracers,questiedb-foreverBaseItem.lua
272580,First Sergeant's Plate Bracers,questiedb-foreverBaseItem.lua
272581,First Sergeant's Mail Wristguards,questiedb-foreverBaseItem.lua
272582,Premier Dragonhide Armguards,questiedb-foreverBaseItem.lua
272589,Premier Sergeant's Cape,questiedb-foreverBaseItem.lua
272591,Premier High Warlord's Shield Wall,questiedb-foreverBaseItem.lua
272592,Premier High Warlord's Cleaver,questiedb-foreverBaseItem.lua
272593,Premier High Warlord's Battle Axe,questiedb-foreverBaseItem.lua
272594,Premier High Warlord's Recurve,questiedb-foreverBaseItem.lua
272595,Premier High Warlord's Crossbow,questiedb-foreverBaseItem.lua
272596,Premier High Warlord's Razor,questiedb-foreverBaseItem.lua
272597,Premier High Warlord's Right Claw,questiedb-foreverBaseItem.lua
272598,Premier High Warlord's Left Claw,questiedb-foreverBaseItem.lua
272599,Premier High Warlord's Street Sweeper,questiedb-foreverBaseItem.lua
272600,Premier High Warlord's Bludgeon,questiedb-foreverBaseItem.lua
272601,Premier High Warlord's Pulverizer,questiedb-foreverBaseItem.lua
272602,Premier High Warlord's Pig Sticker,questiedb-foreverBaseItem.lua
272603,Premier High Warlord's War Staff,questiedb-foreverBaseItem.lua
272604,Premier High Warlord's Greatsword,questiedb-foreverBaseItem.lua
272606,Premier Kodohide Treads,questiedb-foreverBaseItem.lua
272608,Premier Shadowhide Walkers,questiedb-foreverBaseItem.lua
272609,Premier Linked Greaves,questiedb-foreverBaseItem.lua
272611,Premier Silken Walkers,questiedb-foreverBaseItem.lua
272614,Premier Dragonhide Grips,questiedb-foreverBaseItem.lua
272617,Premier Mail Vices,questiedb-foreverBaseItem.lua
272619,Premier Silken Handwraps,questiedb-foreverBaseItem.lua
272625,Premier Linked Hauberk,questiedb-foreverBaseItem.lua
272626,Premier Kodohide Chestpiece,questiedb-foreverBaseItem.lua
272627,Premier Kodohide Leggings,questiedb-foreverBaseItem.lua
272630,Premier Felweave Legguards,questiedb-foreverBaseItem.lua
272634,Premier Silken Tunic,questiedb-foreverBaseItem.lua
272636,Premier Mail Legguards,questiedb-foreverBaseItem.lua
272637,Premier Mortarplate Shoulders,questiedb-foreverBaseItem.lua
272640,Premier Chain Shoulders,questiedb-foreverBaseItem.lua
272641,Premier Kodohide Headguard,questiedb-foreverBaseItem.lua
272642,Premier Kodohide Shoulders,questiedb-foreverBaseItem.lua
272643,Premier Felweave Cowl,questiedb-foreverBaseItem.lua
272647,Premier Linked Headguard,questiedb-foreverBaseItem.lua
272648,Premier Mail Pauldrons,questiedb-foreverBaseItem.lua
272649,Premier Silken Hood,questiedb-foreverBaseItem.lua
272650,Premier Silken Mantle,questiedb-foreverBaseItem.lua
272656,Premier Lunarhide Leggings,questiedb-foreverBaseItem.lua
272657,Premier Dreadweave Legguards,questiedb-foreverBaseItem.lua
272663,Premier Silken Legguards,questiedb-foreverBaseItem.lua
272669,Premier Lunarhide Headguard,questiedb-foreverBaseItem.lua
272670,Premier Lunarhide Shoulders,questiedb-foreverBaseItem.lua
272671,Premier Dreadweave Cowl,questiedb-foreverBaseItem.lua
272677,Premier Mooncloth Hood,questiedb-foreverBaseItem.lua
272678,Premier Mooncloth Mantle,questiedb-foreverBaseItem.lua
272680,Premier Magus Mantle,questiedb-foreverBaseItem.lua
272681,Premier High Warlord's Battle Mace,questiedb-foreverBaseItem.lua
272682,Premier High Warlord's Destroyer,questiedb-foreverBaseItem.lua
272683,Premier High Warlord's Spellblade,questiedb-foreverBaseItem.lua
272684,Premier High Warlord's Quickblade,questiedb-foreverBaseItem.lua
272685,Premier High Warlord's Tome of Destruction,questiedb-foreverBaseItem.lua
272686,Premier High Warlord's Tome of Mending,questiedb-foreverBaseItem.lua
272693,Premier Grand Marshal's Longsword,questiedb-foreverBaseItem.lua
272694,Private's Tabard,questiedb-foreverBaseItem.lua
272695,Knight's Colors,questiedb-foreverBaseItem.lua
272698,Premier Sergeant's Cloak,questiedb-foreverBaseItem.lua
272699,Premier Sergeant's Cape,questiedb-foreverBaseItem.lua
272700,Premier Silk Sash,questiedb-foreverBaseItem.lua
272701,Premier Silk Boots,questiedb-foreverBaseItem.lua
272702,Premier Silk Cuffs,questiedb-foreverBaseItem.lua
272703,Premier Silk Gloves,questiedb-foreverBaseItem.lua
272704,Premier Leather Boots,questiedb-foreverBaseItem.lua
272705,Premier Beasthide Footwraps,questiedb-foreverBaseItem.lua
272706,Premier Leather Bracers,questiedb-foreverBaseItem.lua
272707,Premier Beasthide Armsplints,questiedb-foreverBaseItem.lua
272708,Premier Leather Gauntlets,questiedb-foreverBaseItem.lua
272709,Premier Beasthide Gloves,questiedb-foreverBaseItem.lua
272710,Premier Leather Belt,questiedb-foreverBaseItem.lua
272711,Premier Beasthide Girdle,questiedb-foreverBaseItem.lua
272712,Premier Chainmail Girdle,questiedb-foreverBaseItem.lua
272713,Premier Chainmail Boots,questiedb-foreverBaseItem.lua
272715,Premier Chainmail Gauntlets,questiedb-foreverBaseItem.lua
272716,Premier Plate Boots,questiedb-foreverBaseItem.lua
272717,Premier Plate Gauntlets,questiedb-foreverBaseItem.lua
272718,Premier Chevalier Sabatons,questiedb-foreverBaseItem.lua
272719,Premier Chevalier Gauntlets,questiedb-foreverBaseItem.lua
272720,Premier Chevalier Cinch,questiedb-foreverBaseItem.lua
272721,Premier Chevalier Armsplints,questiedb-foreverBaseItem.lua
272722,Premier Silk Raiment,questiedb-foreverBaseItem.lua
272723,Premier Silk Leggings,questiedb-foreverBaseItem.lua
272724,Premier Silk Spaulders,questiedb-foreverBaseItem.lua
272725,Premier Silk Crown,questiedb-foreverBaseItem.lua
272726,Premier Leather Armor,questiedb-foreverBaseItem.lua
272727,Premier Leather Veil,questiedb-foreverBaseItem.lua
272728,Premier Leather Legguards,questiedb-foreverBaseItem.lua
272729,Premier Leather Spaulders,questiedb-foreverBaseItem.lua
272730,Premier Beasthide Tunic,questiedb-foreverBaseItem.lua
272731,Premier Beasthide Leggings,questiedb-foreverBaseItem.lua
272732,Premier Beasthide Epaulets,questiedb-foreverBaseItem.lua
272733,Premier Beasthide Shroud,questiedb-foreverBaseItem.lua
272734,Premier Chainmail Hauberk,questiedb-foreverBaseItem.lua
272735,Premier Chainmail Leggings,questiedb-foreverBaseItem.lua
272736,Premier Chainmail Pauldrons,questiedb-foreverBaseItem.lua
272737,Premier Chainmail Helmet,questiedb-foreverBaseItem.lua
272738,Premier Plate Helm,questiedb-foreverBaseItem.lua
272739,Premier Plate Chestguard,questiedb-foreverBaseItem.lua
272740,Premier Plate Leggings,questiedb-foreverBaseItem.lua
272741,Premier Plate Pauldrons,questiedb-foreverBaseItem.lua
272742,Premier Chevalier Breastplate,questiedb-foreverBaseItem.lua
272743,Premier Chevalier Headguard,questiedb-foreverBaseItem.lua
272744,Premier Chevalier Leggings,questiedb-foreverBaseItem.lua
272745,Premier Chevalier Shoulders,questiedb-foreverBaseItem.lua
272746,Premier Knight-Champion's Silk Footwraps,questiedb-foreverBaseItem.lua
272747,Premier Knight-Captain's Silk Bracers,questiedb-foreverBaseItem.lua
272748,Premier Knight-Captain's Silk Sash,questiedb-foreverBaseItem.lua
272749,Premier Lieutenant Commander's Silk Gloves,questiedb-foreverBaseItem.lua
272750,Premier Field Marshal's Silk Coronet,questiedb-foreverBaseItem.lua
272751,Premier Marshal's Silk Leggings,questiedb-foreverBaseItem.lua
272752,Premier Field Marshal's Silk Vestments,questiedb-foreverBaseItem.lua
272753,Premier Marshal's Silk Spaulders,questiedb-foreverBaseItem.lua
272754,Premier Knight-Captain's Beasthide Bracers,questiedb-foreverBaseItem.lua
272755,Premier Knight-Champion's Leather Footguards,questiedb-foreverBaseItem.lua
272756,Premier Knight-Captain's Beasthide Waistguard,questiedb-foreverBaseItem.lua
272757,Premier Lieutenant Commander's Beasthide Gauntlets,questiedb-foreverBaseItem.lua
272758,Premier Marshal's Beasthide Spaulders,questiedb-foreverBaseItem.lua
272759,Premier Marshal's Beasthide Legguards,questiedb-foreverBaseItem.lua
272760,Premier Field Marshal's Beasthide Helmet,questiedb-foreverBaseItem.lua
272761,Premier Field Marshal's Beasthide Breastplate,questiedb-foreverBaseItem.lua
272762,Premier Field Marshal's Leather Chestpiece,questiedb-foreverBaseItem.lua
272763,Premier Lieutenant Commander's Leather Handgrips,questiedb-foreverBaseItem.lua
272764,Premier Field Marshal's Leather Mask,questiedb-foreverBaseItem.lua
272765,Premier Marshal's Leather Leggings,questiedb-foreverBaseItem.lua
272766,Premier Marshal's Leather Epaulets,questiedb-foreverBaseItem.lua
272767,Premier Knight-Captain's Leather Cinch,questiedb-foreverBaseItem.lua
272768,Premier Knight-Champion's Beasthide Boots,questiedb-foreverBaseItem.lua
272769,Premier Knight-Captain's Leather Armsplints,questiedb-foreverBaseItem.lua
272770,Premier Knight-Captain's Chainmail Bracers,questiedb-foreverBaseItem.lua
272771,Premier Knight-Champion's Chainmail Boots,questiedb-foreverBaseItem.lua
272772,Premier Lieutenant Commander's Chainmail Grips,questiedb-foreverBaseItem.lua
272773,Premier Knight-Captain's Chainmail Girdle,questiedb-foreverBaseItem.lua
272774,Premier Field Marshal's Chainmail Helm,questiedb-foreverBaseItem.lua
272775,Premier Field Marshal's Chainmail Breastplate,questiedb-foreverBaseItem.lua
272776,Premier Marshal's Chainmail Legguards,questiedb-foreverBaseItem.lua
272777,Premier Marshal's Chainmail Spaulders,questiedb-foreverBaseItem.lua
272778,Premier Knight-Captain's Chevalier Armguards,questiedb-foreverBaseItem.lua
272779,Premier Knight-Captain's Chevalier Belt,questiedb-foreverBaseItem.lua
272780,Premier Lieutenant Commander's Chevalier Gloves,questiedb-foreverBaseItem.lua
272781,Premier Knight-Champion's Chevalier Boots,questiedb-foreverBaseItem.lua
272782,Premier Field Marshal's Chevalier Chestplate,questiedb-foreverBaseItem.lua
272783,Premier Field Marshal's Chevalier Faceguard,questiedb-foreverBaseItem.lua
272784,Premier Marshal's Chevalier Legplates,questiedb-foreverBaseItem.lua
272785,Premier Marshal's Chevalier Pauldrons,questiedb-foreverBaseItem.lua
272786,Premier Field Marshal's Plate Armor,questiedb-foreverBaseItem.lua
272787,Premier Field Marshal's Plate Helm,questiedb-foreverBaseItem.lua
272788,Premier Marshal's Plate Legguards,questiedb-foreverBaseItem.lua
272789,Premier Marshal's Plate Shoulderguards,questiedb-foreverBaseItem.lua
272790,Premier Knight-Captain's Plate Bracers,questiedb-foreverBaseItem.lua
272791,Premier Knight-Captain's Plate Girdle,questiedb-foreverBaseItem.lua
272792,Premier Knight-Champion's Plate Boots,questiedb-foreverBaseItem.lua
272793,Premier Lieutenant Commander's Plate Gauntlets,questiedb-foreverBaseItem.lua
272794,Premier Dreadweave Boots,questiedb-foreverBaseItem.lua
272795,Premier Dreadweave Bracers,questiedb-foreverBaseItem.lua
272796,Premier Dreadweave Gloves,questiedb-foreverBaseItem.lua
272797,Premier Dreadweave Belt,questiedb-foreverBaseItem.lua
272800,Premier Dreadweave Robe,questiedb-foreverBaseItem.lua
272801,Premier Dreadweave Mantle,questiedb-foreverBaseItem.lua
272802,Premier Field Marshal's Dreadweave Coronal,questiedb-foreverBaseItem.lua
272803,Premier Marshal's Dreadweave Leggings,questiedb-foreverBaseItem.lua
272804,Premier Marshal's Dreadweave Shoulders,questiedb-foreverBaseItem.lua
272805,Premier Field Marshal's Dreadweave Robe,questiedb-foreverBaseItem.lua
272806,Premier Knight-Captain's Dreadweave Cuffs,questiedb-foreverBaseItem.lua
272807,Premier Knight-Champion's Dreadweave Boots,questiedb-foreverBaseItem.lua
272808,Premier Lieutenant Commander's Dreadweave Gloves,questiedb-foreverBaseItem.lua
272809,Premier Knight-Captain's Dreadweave Sash,questiedb-foreverBaseItem.lua
272810,Premier Voidcloth Boots,questiedb-foreverBaseItem.lua
272811,Premier Voidcloth Cuffs,questiedb-foreverBaseItem.lua
272812,Premier Voidcloth Gloves,questiedb-foreverBaseItem.lua
272813,Premier Voidcloth Cord,questiedb-foreverBaseItem.lua
272814,Premier Voidcloth Diadem,questiedb-foreverBaseItem.lua
272815,Premier Voidcloth Leggings,questiedb-foreverBaseItem.lua
272816,Premier Voidcloth Robes,questiedb-foreverBaseItem.lua
272817,Premier Voidcloth Amice,questiedb-foreverBaseItem.lua
272818,Premier Field Marshal's Voidcloth Headdress,questiedb-foreverBaseItem.lua
272819,Premier Marshal's Voidcloth Pants,questiedb-foreverBaseItem.lua
272820,Premier Marshal's Voidcloth Mantle,questiedb-foreverBaseItem.lua
272821,Premier Field Marshal's Voidcloth Vestments,questiedb-foreverBaseItem.lua
272822,Premier Knight-Captain's Voidcloth Bracers,questiedb-foreverBaseItem.lua
272823,Premier Knight-Champion's Voidcloth Sandals,questiedb-foreverBaseItem.lua
272824,Premier Lieutenant Commander's Voidcloth Gloves,questiedb-foreverBaseItem.lua
272825,Premier Knight-Captain's Voidcloth Sash,questiedb-foreverBaseItem.lua
272828,Premier Plate Wristguards,questiedb-foreverBaseItem.lua
272830,Premier Chainmail Armguards,questiedb-foreverBaseItem.lua
272834,Premier Dreamhide Armsplints,questiedb-foreverBaseItem.lua
272835,Premier Lunarhide Armsplints,questiedb-foreverBaseItem.lua
272838,Premier Grand Marshal's Aegis,questiedb-foreverBaseItem.lua
272839,Premier Grand Marshal's Handaxe,questiedb-foreverBaseItem.lua
272840,Premier Grand Marshal's Sunderer,questiedb-foreverBaseItem.lua
272841,Premier Grand Marshal's Bullseye,questiedb-foreverBaseItem.lua
272842,Premier Grand Marshal's Repeater,questiedb-foreverBaseItem.lua
272843,Premier Grand Marshal's Dirk,questiedb-foreverBaseItem.lua
272844,Premier Grand Marshal's Right Hand Blade,questiedb-foreverBaseItem.lua
272845,Premier Grand Marshal's Left Hand Blade,questiedb-foreverBaseItem.lua
272846,Premier Grand Marshal's Hand Cannon,questiedb-foreverBaseItem.lua
272847,Premier Grand Marshal's Punisher,questiedb-foreverBaseItem.lua
272848,Premier Grand Marshal's Battle Hammer,questiedb-foreverBaseItem.lua
272849,Premier Grand Marshal's Glaive,questiedb-foreverBaseItem.lua
272850,Premier Grand Marshal's Stave,questiedb-foreverBaseItem.lua
272851,Premier Grand Marshal's Claymore,questiedb-foreverBaseItem.lua
272852,Premier Luminous Breastplate,questiedb-foreverBaseItem.lua
272853,Premier Luminous Leggings,questiedb-foreverBaseItem.lua
272854,Premier Luminous Headguard,questiedb-foreverBaseItem.lua
272855,Premier Luminous Shoulders,questiedb-foreverBaseItem.lua
272856,Premier Grand Marshal's Mageblade,questiedb-foreverBaseItem.lua
272857,Premier Grand Marshal's Warhammer,questiedb-foreverBaseItem.lua
272858,Premier Grand Marshal's Demolisher,questiedb-foreverBaseItem.lua
272859,Premier Grand Marshal's Swiftblade,questiedb-foreverBaseItem.lua
272925,Ketharas' Note,questiedb-foreverBaseItem.lua
272932,Parcel of Supplies,questiedb-foreverBaseItem.lua
272936,Deadwood Key,questiedb-foreverBaseItem.lua
272941,Thick Logs,questiedb-foreverBaseItem.lua
272957,Theramore Shoulderguards,questiedb-foreverBaseItem.lua
272958,Darkspear Shoulderguards,questiedb-foreverBaseItem.lua
272973,Drop of Stolen Life,questiedb-foreverBaseItem.lua
272974,The Jewel of the Horizon,questiedb-foreverBaseItem.lua
272976,Bent Wire,questiedb-foreverBaseItem.lua
272977,Spare Part,questiedb-foreverBaseItem.lua
272996,Trogg Scepter,questiedb-foreverBaseItem.lua
272998,Bone Knuckles,questiedb-foreverBaseItem.lua
272999,Barbaric Crossbow,questiedb-foreverBaseItem.lua
273001,Gloomrise Toxin Sample,questiedb-foreverBaseItem.lua
273002,Slime Ward - Fel Ash Experimentation Notes,questiedb-foreverBaseItem.lua
273003,Searing Dagger,questiedb-foreverBaseItem.lua
273005,Satyrskin Cloak,questiedb-foreverBaseItem.lua
273007,Chasm Walkers,questiedb-foreverBaseItem.lua
273008,Fel-Slime Ooze,questiedb-foreverBaseItem.lua
273015,Toxin Extractor,questiedb-foreverBaseItem.lua
273022,Supple Bellyskin Leggings,questiedb-foreverBaseItem.lua
273025,Raptorclaw Greaves,questiedb-foreverBaseItem.lua
273027,Raptor's Gaze,questiedb-foreverBaseItem.lua
273028,Reliquary Mantle,questiedb-foreverBaseItem.lua
273036,Graveweave Bindings,questiedb-foreverBaseItem.lua
273038,Garb of Fallen Felbark,questiedb-foreverBaseItem.lua
273039,Blightleaf Rope,questiedb-foreverBaseItem.lua
273041,Slitherwrap Girdle,questiedb-foreverBaseItem.lua
273042,Manascale Treads,questiedb-foreverBaseItem.lua
273044,Arcanowisp Robes,questiedb-foreverBaseItem.lua
273045,Drape of Shifting Energy,questiedb-foreverBaseItem.lua
273046,Guardian's Dualblade,questiedb-foreverBaseItem.lua
273047,Unstable Crystalline Shoulderpads,questiedb-foreverBaseItem.lua
273050,Blackmaw Pouch,questiedb-foreverBaseItem.lua
273052,Ponderous Orb,questiedb-foreverBaseItem.lua
273084,Cloak of Hermitic Bliss,questiedb-foreverBaseItem.lua
273085,Blueprint: Fermenter,questiedb-foreverBaseItem.lua
273086,Blueprint: Anvil,questiedb-foreverBaseItem.lua
273087,Blueprint: Journeyman Campfire,questiedb-foreverBaseItem.lua
273088,Snake Eye Kaleidoscope,questiedb-foreverBaseItem.lua
273089,Slither Cord,questiedb-foreverBaseItem.lua
273092,Blueprint: Repair Bot,questiedb-foreverBaseItem.lua
273096,Blueprint: Tanning Rack,questiedb-foreverBaseItem.lua
273097,Blueprint: Rock Garden,questiedb-foreverBaseItem.lua
273098,Blueprint: Field Guide,questiedb-foreverBaseItem.lua
273099,Blueprint: Spinning Wheel,questiedb-foreverBaseItem.lua
273101,Blueprint: Expert Campfire,questiedb-foreverBaseItem.lua
273102,Blueprint: Cookie's Feast,questiedb-foreverBaseItem.lua
273103,Blueprint: Arcane Salvager,questiedb-foreverBaseItem.lua
273105,Blueprint: Toxin Study,questiedb-foreverBaseItem.lua
273106,Blueprint: Greenhouse,questiedb-foreverBaseItem.lua
273109,Blueprint: Trapper's Workbench,questiedb-foreverBaseItem.lua
273112,Blueprint: Alchemy Laboratory,questiedb-foreverBaseItem.lua
273113,Blueprint: Master Forge,questiedb-foreverBaseItem.lua
273115,Blueprint: Baker's Oven,questiedb-foreverBaseItem.lua
273116,Blueprint: Arcane Forge,questiedb-foreverBaseItem.lua
273117,Blueprint: Anarchist's Workbench,questiedb-foreverBaseItem.lua
273118,Blueprint: Plague Doctor's Laboratory,questiedb-foreverBaseItem.lua
273119,Blueprint: Fishing Hut,questiedb-foreverBaseItem.lua
273120,Blueprint: Seed Hybridizer,questiedb-foreverBaseItem.lua
273121,Blueprint: Sewing Machine,questiedb-foreverBaseItem.lua
273122,Blueprint: Molten Foundry,questiedb-foreverBaseItem.lua
273124,Blueprint: Loom,questiedb-foreverBaseItem.lua
273125,Lich's Index Finger,questiedb-foreverBaseItem.lua
273127,Golem Heart,questiedb-foreverBaseItem.lua
273128,Maker's Spark,questiedb-foreverBaseItem.lua
273129,Essence of Anarchy,questiedb-foreverBaseItem.lua
273130,Undeath Engine,questiedb-foreverBaseItem.lua
273131,Bottled Screams,questiedb-foreverBaseItem.lua
273137,Skum's Bucket,questiedb-foreverBaseItem.lua
273141,Blueprint: Fishing Rack,questiedb-foreverBaseItem.lua
273164,Tarnished Highfeather Bangle,questiedb-foreverBaseItem.lua
273166,"Monster - Sword1H, Skyborne (Blue - Glowing)",questiedb-foreverBaseItem.lua
273167,"Monster - Staff, Skyborne (White - Glow)",questiedb-foreverBaseItem.lua
273168,"Olvek's Guide to Tinctures, Tonics, and Toxins",questiedb-foreverBaseItem.lua
273169,The Lost Magic of the Runemasters,questiedb-foreverBaseItem.lua
273181,Crystalline Silk,questiedb-foreverBaseItem.lua
273289,Ogre Loincloth,questiedb-foreverBaseItem.lua
273290,Bones of Frezzlie Popwhiz,questiedb-foreverBaseItem.lua
273291,Bones of Tyaeha Darkoath,questiedb-foreverBaseItem.lua
273292,Bones of Dazka Shadowsleep,questiedb-foreverBaseItem.lua
273293,Bandsaw Wristbands,questiedb-foreverBaseItem.lua
273294,Sutara's Lasso,questiedb-foreverBaseItem.lua
273295,Seasonal Fish Steaks,questiedb-foreverBaseItem.lua
273296,Bag of Ashen Warlock Bones,questiedb-foreverBaseItem.lua
273297,Goblin Hammer,questiedb-foreverBaseItem.lua
273298,Lookie's Spyglass,questiedb-foreverBaseItem.lua
273304,Prickly Pinecone,questiedb-foreverBaseItem.lua
273308,Disease Ward - Fel Ash Experimentation Notes,questiedb-foreverBaseItem.lua
273309,Vessel Ward - Fel Ash Experimentation Notes,questiedb-foreverBaseItem.lua
273310,Alchemey Ward - Fel Ash Experimentation Notes,questiedb-foreverBaseItem.lua
273318,Pack of Journeyman Supplies,questiedb-foreverBaseItem.lua
273319,Pack of Apprentice Supplies,questiedb-foreverBaseItem.lua
273320,Pack of Expert Supplies,questiedb-foreverBaseItem.lua
273321,Pack of Artisan Supplies,questiedb-foreverBaseItem.lua
273322,Watcher's Eye,questiedb-foreverBaseItem.lua
273323,Slimy Pinecone,questiedb-foreverBaseItem.lua
273324,Premier Mortarplate Girdle,questiedb-foreverBaseItem.lua
273325,Premier Plate Girdle,questiedb-foreverBaseItem.lua
273327,Premier Knight-Captain's Luminous Armguards,questiedb-foreverBaseItem.lua
273328,Premier Knight-Captain's Luminous Belt,questiedb-foreverBaseItem.lua
273329,Premier Lieutenant Commander's Luminous Gloves,questiedb-foreverBaseItem.lua
273330,Premier Knight-Champion's Luminous Boots,questiedb-foreverBaseItem.lua
273331,Premier Field Marshal's Luminous Chestplate,questiedb-foreverBaseItem.lua
273332,Premier Field Marshal's Luminous Faceguard,questiedb-foreverBaseItem.lua
273333,Premier Marshal's Luminous Legplates,questiedb-foreverBaseItem.lua
273334,Premier Marshal's Luminous Pauldrons,questiedb-foreverBaseItem.lua
273336,Premier Centurion's Mail Boots,questiedb-foreverBaseItem.lua
273337,Premier Champion's Mail Gauntlets,questiedb-foreverBaseItem.lua
273338,Premier Legionnaire's Mail Waistband,questiedb-foreverBaseItem.lua
273339,Premier Legionnaire's Mail Bracers,questiedb-foreverBaseItem.lua
273340,Premier Warlord's Mail Armor,questiedb-foreverBaseItem.lua
273341,Premier Warlord's Mail Helm,questiedb-foreverBaseItem.lua
273342,Premier General's Mail Leggings,questiedb-foreverBaseItem.lua
273343,Premier General's Mail Spaulders,questiedb-foreverBaseItem.lua
273344,Premier Centurion's Ringmail Boots,questiedb-foreverBaseItem.lua
273345,Premier Champion's Ringmail Gauntlets,questiedb-foreverBaseItem.lua
273346,Premier Legionnaire's Ringmail Waistband,questiedb-foreverBaseItem.lua
273347,Premier Legionnaire's Ringmail Bracers,questiedb-foreverBaseItem.lua
273348,Premier Warlord's Ringmail Armor,questiedb-foreverBaseItem.lua
273349,Premier Warlord's Ringmail Helm,questiedb-foreverBaseItem.lua
273350,Premier General's Ringmail Leggings,questiedb-foreverBaseItem.lua
273351,Premier General's Ringmail Spaulders,questiedb-foreverBaseItem.lua
273352,Premier Linked Girdle,questiedb-foreverBaseItem.lua
273353,Premier Mail Wristguards,questiedb-foreverBaseItem.lua
273355,Premier Ringmail Walkers,questiedb-foreverBaseItem.lua
273356,Premier Ringmail Helm,questiedb-foreverBaseItem.lua
273357,Premier Ringmail Chestpiece,questiedb-foreverBaseItem.lua
273358,Premier Ringmail Vices,questiedb-foreverBaseItem.lua
273359,Premier Ringmail Legguards,questiedb-foreverBaseItem.lua
273360,Premier Ringmail Pauldrons,questiedb-foreverBaseItem.lua
273361,Premier Ringmail Wristguards,questiedb-foreverBaseItem.lua
273362,Premier Ringmail Girdle,questiedb-foreverBaseItem.lua
273363,Premier Luminous Gauntlets,questiedb-foreverBaseItem.lua
273364,Premier Luminous Armsplints,questiedb-foreverBaseItem.lua
273365,Premier Luminous Sabatons,questiedb-foreverBaseItem.lua
273366,Premier Luminous Cinch,questiedb-foreverBaseItem.lua
273367,Premier Kodohide Waistband,questiedb-foreverBaseItem.lua
273368,Premier Lunarhide Gloves,questiedb-foreverBaseItem.lua
273369,Premier Lunarhide Girdle,questiedb-foreverBaseItem.lua
273370,Premier Lunarhide Footwraps,questiedb-foreverBaseItem.lua
273371,Premier Lunarhide Tunic,questiedb-foreverBaseItem.lua
273372,Premier Mail Girdle,questiedb-foreverBaseItem.lua
273373,Premier Dreamhide Leggings,questiedb-foreverBaseItem.lua
273374,Premier Dreamhide Headguard,questiedb-foreverBaseItem.lua
273375,Premier Dreamhide Shoulders,questiedb-foreverBaseItem.lua
273377,Premier Dreamhide Gloves,questiedb-foreverBaseItem.lua
273378,Premier Dreamhide Girdle,questiedb-foreverBaseItem.lua
273379,Premier Dreamhide Footwraps,questiedb-foreverBaseItem.lua
273380,Premier Dreamhide Tunic,questiedb-foreverBaseItem.lua
273381,Premier Wyrmhide Armguards,questiedb-foreverBaseItem.lua
273382,Premier Wyrmhide Gauntlets,questiedb-foreverBaseItem.lua
273383,Premier Wyrmhide Treads,questiedb-foreverBaseItem.lua
273384,Premier Wyrmhide Chestpiece,questiedb-foreverBaseItem.lua
273385,Premier Wyrmhide Leggings,questiedb-foreverBaseItem.lua
273386,Premier Wyrmhide Headguard,questiedb-foreverBaseItem.lua
273387,Premier Wyrmhide Shoulders,questiedb-foreverBaseItem.lua
273388,Premier Wyrmhide Waistband,questiedb-foreverBaseItem.lua
273389,Premier Knight-Captain's Lunarhide Bracers,questiedb-foreverBaseItem.lua
273390,Premier Knight-Captain's Lunarhide Waistguard,questiedb-foreverBaseItem.lua
273391,Premier Lieutenant Commander's Lunarhide Gauntlets,questiedb-foreverBaseItem.lua
273392,Premier Marshal's Lunarhide Spaulders,questiedb-foreverBaseItem.lua
273393,Premier Marshal's Lunarhide Legguards,questiedb-foreverBaseItem.lua
273394,Premier Field Marshal's Lunarhide Helmet,questiedb-foreverBaseItem.lua
273395,Premier Field Marshal's Lunarhide Breastplate,questiedb-foreverBaseItem.lua
273396,Premier Knight-Champion's Lunarhide Boots,questiedb-foreverBaseItem.lua
273397,Premier Knight-Captain's Dreamhide Bracers,questiedb-foreverBaseItem.lua
273398,Premier Knight-Captain's Dreamhide Waistguard,questiedb-foreverBaseItem.lua
273399,Premier Lieutenant Commander's Dreamhide Gauntlets,questiedb-foreverBaseItem.lua
273400,Premier Marshal's Dreamhide Spaulders,questiedb-foreverBaseItem.lua
273401,Premier Marshal's Dreamhide Legguards,questiedb-foreverBaseItem.lua
273402,Premier Field Marshal's Dreamhide Helmet,questiedb-foreverBaseItem.lua
273403,Premier Field Marshal's Dreamhide Breastplate,questiedb-foreverBaseItem.lua
273404,Premier Knight-Champion's Dreamhide Boots,questiedb-foreverBaseItem.lua
273405,Premier Warlord's Wyrmhide Hauberk,questiedb-foreverBaseItem.lua
273406,Premier Warlord's Wyrmhide Helmet,questiedb-foreverBaseItem.lua
273407,Premier General's Wyrmhide Epaulets,questiedb-foreverBaseItem.lua
273408,Premier General's Wyrmhide Leggings,questiedb-foreverBaseItem.lua
273409,Premier Legionnaire's Wyrmhide Bracers,questiedb-foreverBaseItem.lua
273410,Premier Centurion's Wyrmhide Boots,questiedb-foreverBaseItem.lua
273411,Premier Champion's Wyrmhide Gloves,questiedb-foreverBaseItem.lua
273412,Premier Legionnaire's Wyrmhide Belt,questiedb-foreverBaseItem.lua
273413,Premier Warlord's Kodohide Hauberk,questiedb-foreverBaseItem.lua
273414,Premier Warlord's Kodohide Helmet,questiedb-foreverBaseItem.lua
273415,Premier General's Kodohide Epaulets,questiedb-foreverBaseItem.lua
273416,Premier General's Kodohide Leggings,questiedb-foreverBaseItem.lua
273417,Premier Legionnaire's Kodohide Bracers,questiedb-foreverBaseItem.lua
273418,Premier Centurion's Kodohide Boots,questiedb-foreverBaseItem.lua
273419,Premier Champion's Kodohide Gloves,questiedb-foreverBaseItem.lua
273420,Premier Legionnaire's Kodohide Belt,questiedb-foreverBaseItem.lua
273421,Premier Field Marshal's Mooncloth Headdress,questiedb-foreverBaseItem.lua
273422,Premier Marshal's Mooncloth Pants,questiedb-foreverBaseItem.lua
273423,Premier Marshal's Mooncloth Mantle,questiedb-foreverBaseItem.lua
273424,Premier Field Marshal's Mooncloth Vestments,questiedb-foreverBaseItem.lua
273425,Premier Knight-Captain's Mooncloth Bracers,questiedb-foreverBaseItem.lua
273426,Premier Knight-Champion's Mooncloth Sandals,questiedb-foreverBaseItem.lua
273427,Premier Lieutenant Commander's Mooncloth Gloves,questiedb-foreverBaseItem.lua
273428,Premier Knight-Captain's Mooncloth Sash,questiedb-foreverBaseItem.lua
273429,Premier Centurion's Silken Boots,questiedb-foreverBaseItem.lua
273430,Premier Legionnaire's Silken Bracers,questiedb-foreverBaseItem.lua
273431,Premier Champion's Silken Gloves,questiedb-foreverBaseItem.lua
273432,Premier Legionnaire's Silken Cinch,questiedb-foreverBaseItem.lua
273433,Premier General's Silken Mantle,questiedb-foreverBaseItem.lua
273434,Premier Warlord's Silken Cowl,questiedb-foreverBaseItem.lua
273435,Premier Warlord's Silken Robes,questiedb-foreverBaseItem.lua
273436,Premier General's Silken Leggings,questiedb-foreverBaseItem.lua
273443,Premier Mooncloth Boots,questiedb-foreverBaseItem.lua
273444,Premier Mooncloth Cuffs,questiedb-foreverBaseItem.lua
273445,Premier Mooncloth Gloves,questiedb-foreverBaseItem.lua
273447,Premier Mooncloth Leggings,questiedb-foreverBaseItem.lua
273448,Premier Mooncloth Robes,questiedb-foreverBaseItem.lua
273449,Premier Mooncloth Cord,questiedb-foreverBaseItem.lua
273450,Premier Silken Cuffs,questiedb-foreverBaseItem.lua
273455,Template Vellum [DNT],questiedb-foreverBaseItem.lua
273456,Cell Keeper's Claws,questiedb-foreverBaseItem.lua
273457,Sorcerer Collar,questiedb-foreverBaseItem.lua
273458,Enchant Bracer - Inferior Stamina,questiedb-foreverBaseItem.lua
273459,Enchant Chest - Inferior Stamina,questiedb-foreverBaseItem.lua
273460,Enchant Chest - Minor Absorption,questiedb-foreverBaseItem.lua
273461,Enchant Bracer - Minor Deflect,questiedb-foreverBaseItem.lua
273462,Enchant Chest - Minor Intellect,questiedb-foreverBaseItem.lua
273463,Enchant Cloak - Minor Resistance,questiedb-foreverBaseItem.lua
273464,Enchant Bracer - Minor Stamina,questiedb-foreverBaseItem.lua
273465,Enchant 2H Weapon - Minor Impact,questiedb-foreverBaseItem.lua
273466,Enchant Chest - Lesser Stamina,questiedb-foreverBaseItem.lua
273467,Enchant Bracer - Minor Spirit,questiedb-foreverBaseItem.lua
273468,Enchant Cloak - Minor Protection,questiedb-foreverBaseItem.lua
273469,Enchant Chest - Lesser Intellect,questiedb-foreverBaseItem.lua
273470,Enchant Bracer - Minor Agility,questiedb-foreverBaseItem.lua
273471,Enchant Bracer - Minor Strength,questiedb-foreverBaseItem.lua
273472,Enchant Weapon - Minor Beastslayer,questiedb-foreverBaseItem.lua
273473,Enchant Weapon - Minor Striking,questiedb-foreverBaseItem.lua
273474,Enchant 2H Weapon - Lesser Intellect,questiedb-foreverBaseItem.lua
273475,Enchant Chest - Stamina,questiedb-foreverBaseItem.lua
273476,Enchant Bracer - Lesser Spirit,questiedb-foreverBaseItem.lua
273477,Enchant Cloak - Lesser Fire Resistance,questiedb-foreverBaseItem.lua
273478,Enchant Boots - Minor Stamina,questiedb-foreverBaseItem.lua
273479,Enchant Boots - Minor Agility,questiedb-foreverBaseItem.lua
273480,Enchant Shield - Minor Stamina,questiedb-foreverBaseItem.lua
273481,Enchant 2H Weapon - Lesser Spirit,questiedb-foreverBaseItem.lua
273482,Enchant Cloak - Minor Agility,questiedb-foreverBaseItem.lua
273483,Enchant Cloak - Lesser Protection,questiedb-foreverBaseItem.lua
273484,Enchant Shield - Lesser Protection,questiedb-foreverBaseItem.lua
273485,Enchant Shield - Lesser Spirit,questiedb-foreverBaseItem.lua
273486,Enchant Bracer - Lesser Stamina,questiedb-foreverBaseItem.lua
273487,Enchant Weapon - Lesser Striking,questiedb-foreverBaseItem.lua
273488,Enchant Cloak - Lesser Shadow Resistance,questiedb-foreverBaseItem.lua
273489,Enchant 2H Weapon - Lesser Impact,questiedb-foreverBaseItem.lua
273490,Enchant Bracer - Lesser Strength,questiedb-foreverBaseItem.lua
273491,Enchant Chest - Lesser Absorption,questiedb-foreverBaseItem.lua
273492,Enchant Chest - Intellect,questiedb-foreverBaseItem.lua
273493,Enchant Gloves - Mining,questiedb-foreverBaseItem.lua
273494,Enchant Gloves - Herbalism,questiedb-foreverBaseItem.lua
273495,Enchant Gloves - Fishing,questiedb-foreverBaseItem.lua
273496,Enchant Bracer - Lesser Intellect,questiedb-foreverBaseItem.lua
273497,Enchant Chest - Minor Stats,questiedb-foreverBaseItem.lua
273498,Enchant Shield - Lesser Stamina,questiedb-foreverBaseItem.lua
273499,Enchant Cloak - Defense,questiedb-foreverBaseItem.lua
273500,Enchant Boots - Lesser Agility,questiedb-foreverBaseItem.lua
273501,Enchant Chest - Greater Stamina,questiedb-foreverBaseItem.lua
273502,Enchant Bracer - Spirit,questiedb-foreverBaseItem.lua
273503,Enchant Boots - Lesser Stamina,questiedb-foreverBaseItem.lua
273504,Enchant Bracer - Lesser Deflection,questiedb-foreverBaseItem.lua
273505,Enchant Bracer - Stamina,questiedb-foreverBaseItem.lua
273506,Enchant Weapon - Lesser Beastslayer,questiedb-foreverBaseItem.lua
273507,Enchant Weapon - Lesser Elemental Slayer,questiedb-foreverBaseItem.lua
273508,Enchant Cloak - Fire Resistance,questiedb-foreverBaseItem.lua
273509,Enchant Shield - Spirit,questiedb-foreverBaseItem.lua
273510,Enchant Bracer - Strength,questiedb-foreverBaseItem.lua
273511,Enchant Chest - Greater Intellect,questiedb-foreverBaseItem.lua
273512,Enchant Boots - Lesser Spirit,questiedb-foreverBaseItem.lua
273513,Enchant Shield - Lesser Block,questiedb-foreverBaseItem.lua
273514,Enchant Weapon - Striking,questiedb-foreverBaseItem.lua
273515,Enchant 2H Weapon - Impact,questiedb-foreverBaseItem.lua
273516,Enchant Gloves - Skinning,questiedb-foreverBaseItem.lua
273517,Enchant Chest - Lesser Stats,questiedb-foreverBaseItem.lua
273518,Enchant Cloak - Greater Defense,questiedb-foreverBaseItem.lua
273519,Enchant Cloak - Resistance,questiedb-foreverBaseItem.lua
273520,Enchant Gloves - Agility,questiedb-foreverBaseItem.lua
273521,Enchant Shield - Stamina,questiedb-foreverBaseItem.lua
273522,Enchant Bracer - Intellect,questiedb-foreverBaseItem.lua
273523,Enchant Boots - Stamina,questiedb-foreverBaseItem.lua
273524,Enchant Gloves - Advanced Mining,questiedb-foreverBaseItem.lua
273525,Enchant Bracer - Greater Spirit,questiedb-foreverBaseItem.lua
273526,Enchant Chest - Superior Stamina,questiedb-foreverBaseItem.lua
273527,Enchant Gloves - Advanced Herbalism,questiedb-foreverBaseItem.lua
273528,Enchant Cloak - Lesser Agility,questiedb-foreverBaseItem.lua
273529,Enchant Gloves - Strength,questiedb-foreverBaseItem.lua
273530,Enchant Boots - Minor Speed,questiedb-foreverBaseItem.lua
273531,Enchant Weapon - Fiery Weapon,questiedb-foreverBaseItem.lua
273532,Enchant Shield - Greater Spirit,questiedb-foreverBaseItem.lua
273533,Enchant Weapon - Demonslaying,questiedb-foreverBaseItem.lua
273534,Enchant Chest - Superior Intellect,questiedb-foreverBaseItem.lua
273535,Enchant Bracer - Deflection,questiedb-foreverBaseItem.lua
273536,Enchant Shield - Frost Resistance,questiedb-foreverBaseItem.lua
273537,Enchant Boots - Agility,questiedb-foreverBaseItem.lua
273538,Enchant 2H Weapon - Greater Impact,questiedb-foreverBaseItem.lua
273539,Enchant Bracer - Greater Strength,questiedb-foreverBaseItem.lua
273540,Enchant Chest - Stats,questiedb-foreverBaseItem.lua
273541,Enchant Weapon - Greater Striking,questiedb-foreverBaseItem.lua
273542,Enchant Bracer - Greater Stamina,questiedb-foreverBaseItem.lua
273543,Enchant Gloves - Riding Skill,questiedb-foreverBaseItem.lua
273544,Enchant Gloves - Minor Haste,questiedb-foreverBaseItem.lua
273545,Enchant Bracer - Greater Intellect,questiedb-foreverBaseItem.lua
273546,Enchant Bracer - Superior Spirit,questiedb-foreverBaseItem.lua
273547,Enchant Bracer - Superior Strength,questiedb-foreverBaseItem.lua
273548,Enchant Bracer - Superior Stamina,questiedb-foreverBaseItem.lua
273549,Enchant Gloves - Greater Agility,questiedb-foreverBaseItem.lua
273550,Enchant Gloves - Greater Strength,questiedb-foreverBaseItem.lua
273551,Enchant Cloak - Greater Resistance,questiedb-foreverBaseItem.lua
273552,Enchant Cloak - Superior Defense,questiedb-foreverBaseItem.lua
273553,Enchant Shield - Superior Spirit,questiedb-foreverBaseItem.lua
273554,Enchant Shield - Greater Stamina,questiedb-foreverBaseItem.lua
273555,Enchant Boots - Greater Stamina,questiedb-foreverBaseItem.lua
273556,Enchant Boots - Greater Agility,questiedb-foreverBaseItem.lua
273557,Enchant Boots - Spirit,questiedb-foreverBaseItem.lua
273558,Enchant Chest - Greater Stats,questiedb-foreverBaseItem.lua
273559,Enchant Chest - Major Stamina,questiedb-foreverBaseItem.lua
273560,Enchant Chest - Major Intellect,questiedb-foreverBaseItem.lua
273561,Enchant Weapon - Icy Chill,questiedb-foreverBaseItem.lua
273562,Enchant 2H Weapon - Superior Impact,questiedb-foreverBaseItem.lua
273563,Enchant Weapon - Superior Striking,questiedb-foreverBaseItem.lua
273564,Enchant Weapon - Lifestealing,questiedb-foreverBaseItem.lua
273565,Enchant Weapon - Unholy Weapon,questiedb-foreverBaseItem.lua
273566,Enchant Weapon - Crusader,questiedb-foreverBaseItem.lua
273567,Enchant 2H Weapon - Major Spirit,questiedb-foreverBaseItem.lua
273568,Enchant 2H Weapon - Major Intellect,questiedb-foreverBaseItem.lua
273569,Enchant Weapon - Winter's Might,questiedb-foreverBaseItem.lua
273570,Enchant Weapon - Spell Power,questiedb-foreverBaseItem.lua
273571,Enchant Weapon - Healing Power,questiedb-foreverBaseItem.lua
273572,Enchant Weapon - Strength,questiedb-foreverBaseItem.lua
273573,Enchant Weapon - Agility,questiedb-foreverBaseItem.lua
273574,Enchant Bracer - Mana Regeneration,questiedb-foreverBaseItem.lua
273575,Enchant Bracer - Healing Power,questiedb-foreverBaseItem.lua
273576,Enchant Weapon - Mighty Spirit,questiedb-foreverBaseItem.lua
273577,Enchant Weapon - Mighty Intellect,questiedb-foreverBaseItem.lua
273578,Enchant Gloves - Threat,questiedb-foreverBaseItem.lua
273579,Enchant Gloves - Shadow Power,questiedb-foreverBaseItem.lua
273580,Enchant Gloves - Frost Power,questiedb-foreverBaseItem.lua
273581,Enchant Gloves - Fire Power,questiedb-foreverBaseItem.lua
273582,Enchant Gloves - Healing Power,questiedb-foreverBaseItem.lua
273583,Enchant Gloves - Superior Agility,questiedb-foreverBaseItem.lua
273584,Enchant Cloak - Greater Fire Resistance,questiedb-foreverBaseItem.lua
273585,Enchant Cloak - Greater Nature Resistance,questiedb-foreverBaseItem.lua
273586,Enchant Cloak - Stealth,questiedb-foreverBaseItem.lua
273587,Enchant Cloak - Subtlety,questiedb-foreverBaseItem.lua
273588,Enchant Cloak - Dodge,questiedb-foreverBaseItem.lua
273589,Enchant 2H Weapon - Agility,questiedb-foreverBaseItem.lua
273590,Enchant Weapon - Dismantle,questiedb-foreverBaseItem.lua
273591,Enchant Chest - Retricutioner,questiedb-foreverBaseItem.lua
273592,Enchant Shield - Law of Nature,questiedb-foreverBaseItem.lua
273593,Enchant Chest - Living Stats,questiedb-foreverBaseItem.lua
273594,Enchant Gloves - Holy Power,questiedb-foreverBaseItem.lua
273595,Enchant Gloves - Arcane Power,questiedb-foreverBaseItem.lua
273596,Enchant Bracer - Spell Power,questiedb-foreverBaseItem.lua
273597,Enchant Bracer - Agility,questiedb-foreverBaseItem.lua
273598,Enchant Off-Hand - Superior Intellect,questiedb-foreverBaseItem.lua
273599,Enchant Off-Hand - Excellent Spirit,questiedb-foreverBaseItem.lua
273600,Enchant Off-Hand - Wisdom,questiedb-foreverBaseItem.lua
273601,Enchant 2H Weapon - Spellblasting,questiedb-foreverBaseItem.lua
273602,Enchant Shield - Excellent Stamina,questiedb-foreverBaseItem.lua
273604,Enchant Cloak - Agility,questiedb-foreverBaseItem.lua
273605,Enchant Shield - Critical Strike,questiedb-foreverBaseItem.lua
273606,Enchant Bracer - Greater Spellpower,questiedb-foreverBaseItem.lua
273607,Enchant Weapon - Grand Crusader,questiedb-foreverBaseItem.lua
273608,Enchant 2H Weapon - Grand Arcanist,questiedb-foreverBaseItem.lua
273609,Enchant Weapon - Grand Sorcerer,questiedb-foreverBaseItem.lua
273610,Enchant 2H Weapon - Grand Inquisitor,questiedb-foreverBaseItem.lua
273611,Enchant Bracer - Minor Intellect,questiedb-foreverBaseItem.lua
273612,Enchant Bracer - Minor Healing Power,questiedb-foreverBaseItem.lua
273613,Enchant Bracer - Lesser Agility,questiedb-foreverBaseItem.lua
273614,Enchant Bracer - Agility,questiedb-foreverBaseItem.lua
273615,Enchant Bracer - Lesser Healing Power,questiedb-foreverBaseItem.lua
273616,Enchant Bracer - Greater Agility,questiedb-foreverBaseItem.lua
273617,Enchant 2H Weapon - Lesser Agility,questiedb-foreverBaseItem.lua
273618,Enchant 2H Weapon - Lesser Strength,questiedb-foreverBaseItem.lua
273619,Enchant Gloves - Advanced Skinning,questiedb-foreverBaseItem.lua
273620,Enchant Bracer - Superior Agility,questiedb-foreverBaseItem.lua
273621,Enchant 2H Weapon - Mighty Spell Power,questiedb-foreverBaseItem.lua
273622,Enchant 2H Weapon - Mighty Healing Power,questiedb-foreverBaseItem.lua
273623,Enchant Gloves - Superior Strength,questiedb-foreverBaseItem.lua
273624,Enchant Gloves - Natural Power,questiedb-foreverBaseItem.lua
273625,Enchant Bracer - Superior Intellect,questiedb-foreverBaseItem.lua
273626,Enchant Bracer - Superior Deflection,questiedb-foreverBaseItem.lua
273627,Enchant Weapon - Insight,questiedb-foreverBaseItem.lua
273628,Enchant Weapon - Recovery,questiedb-foreverBaseItem.lua
273629,Enchant Weapon - Revelation,questiedb-foreverBaseItem.lua
273630,Enchant Necklace - Strength,questiedb-foreverBaseItem.lua
273631,Enchant Necklace - Spell Power,questiedb-foreverBaseItem.lua
273632,Enchant Necklace - Healing Power,questiedb-foreverBaseItem.lua
273633,Enchant Necklace - Agility,questiedb-foreverBaseItem.lua
273634,Enchant Necklace - Deflection,questiedb-foreverBaseItem.lua
273635,Enchant Chest - Absorption,questiedb-foreverBaseItem.lua
273636,Chef's Knife,questiedb-foreverBaseItem.lua
273637,Blade of Silverlaine,questiedb-foreverBaseItem.lua
273642,Ring of the Fallen Soldier,questiedb-foreverBaseItem.lua
273643,Worgenbane Talisman,questiedb-foreverBaseItem.lua
273645,Blindwatcher's Sight,questiedb-foreverBaseItem.lua
273646,Half-Eaten Boots,questiedb-foreverBaseItem.lua
273647,Worgpelt Leggings,questiedb-foreverBaseItem.lua
273654,Crystal Thread Cloak,questiedb-foreverBaseItem.lua
273658,Bloody Parchment,questiedb-foreverBaseItem.lua
273659,Bloody Parchment,questiedb-foreverBaseItem.lua
273771,Sentinel's Sight,questiedb-foreverBaseItem.lua
273772,Blackthorne Intelligence,questiedb-foreverBaseItem.lua
273798,Ring of the Fallen Soldier,questiedb-foreverBaseItem.lua
273799,Thomas's Ring,questiedb-foreverBaseItem.lua
273800,Thomas's Ring,questiedb-foreverBaseItem.lua
273801,Marn's Warding Incense,questiedb-foreverBaseItem.lua
273804,Executioner Mantle,questiedb-foreverBaseItem.lua
273805,Blackrock Harness,questiedb-foreverBaseItem.lua
273806,Dark Horde Band,questiedb-foreverBaseItem.lua
273807,Demolition Girdle,questiedb-foreverBaseItem.lua
273808,Bridgebreaker Bindings,questiedb-foreverBaseItem.lua
273809,Hamhock's Cleaver,questiedb-foreverBaseItem.lua
273810,Ogre Grips,questiedb-foreverBaseItem.lua
273811,Repurposed Rack,questiedb-foreverBaseItem.lua
273812,Airy Magister's Shirt,questiedb-foreverBaseItem.lua
273813,Airy Peacekeeper's Shirt,questiedb-foreverBaseItem.lua
273814,Airy Skyseer's Shirt,questiedb-foreverBaseItem.lua
273815,Airy Windseeker's Shirt,questiedb-foreverBaseItem.lua
273816,Apprentice's Blouse,questiedb-foreverBaseItem.lua
273817,Graverobber's Shovel,questiedb-foreverBaseItem.lua
273819,Boneslicer,questiedb-foreverBaseItem.lua
273820,Nightskulker Ring,questiedb-foreverBaseItem.lua
273822,Vengeance,questiedb-foreverBaseItem.lua
273824,Defias Jailbreakers,questiedb-foreverBaseItem.lua
273825,Red Wool Cloak,questiedb-foreverBaseItem.lua
273827,Debt Collector,questiedb-foreverBaseItem.lua
273828,Recoiling Gnarlybark Staff,questiedb-foreverBaseItem.lua
273829,Concealed Hand Crossbow,questiedb-foreverBaseItem.lua
273832,Wicked Ritualist's Kris,questiedb-foreverBaseItem.lua
273839,Spiked Shell Band,questiedb-foreverBaseItem.lua
273840,Cursed Murloc Eye,questiedb-foreverBaseItem.lua
273841,Twilight Maul,questiedb-foreverBaseItem.lua
273842,Treacherous Treads,questiedb-foreverBaseItem.lua
273843,Fallenroot Longbow,questiedb-foreverBaseItem.lua
273845,Ashen Crystal Vial,questiedb-foreverBaseItem.lua
273846,Twilight Lord Girdle,questiedb-foreverBaseItem.lua
273852,Glowing Crystal,questiedb-foreverBaseItem.lua
273857,Enchanted Branch,questiedb-foreverBaseItem.lua
273875,Empyrean Treads,questiedb-foreverBaseItem.lua
273876,Broken Cultist Gloves,questiedb-foreverBaseItem.lua
273877,Windswept Shortbow,questiedb-foreverBaseItem.lua
273878,[DNT] Crafted Tier Piece Placeholder,questiedb-foreverBaseItem.lua
273879,Refined Shortbow,questiedb-foreverBaseItem.lua
273883,Ca'zass's Head,questiedb-foreverBaseItem.lua
273884,Grovekeeper Trousers,questiedb-foreverBaseItem.lua
273885,Grovekeeper Grips,questiedb-foreverBaseItem.lua
273886,Grovekeeper Shoulderpads,questiedb-foreverBaseItem.lua
273887,Grovekeeper Stompers,questiedb-foreverBaseItem.lua
273888,Grovekeeper Kilt,questiedb-foreverBaseItem.lua
273889,Grovekeeper Mitts,questiedb-foreverBaseItem.lua
273890,Grovekeeper Mantle,questiedb-foreverBaseItem.lua
273891,Grovekeeper Sandals,questiedb-foreverBaseItem.lua
273892,Grovekeeper Legguards,questiedb-foreverBaseItem.lua
273893,Grovekeeper Handguards,questiedb-foreverBaseItem.lua
273894,Grovekeeper Pauldrons,questiedb-foreverBaseItem.lua
273895,Grovekeeper Boots,questiedb-foreverBaseItem.lua
273896,Grovekeeper Leggings,questiedb-foreverBaseItem.lua
273897,Grovekeeper Gauntlets,questiedb-foreverBaseItem.lua
273898,Grovekeeper Spaulders,questiedb-foreverBaseItem.lua
273899,Grovekeeper Treads,questiedb-foreverBaseItem.lua
273900,Wildstalker's Legguards,questiedb-foreverBaseItem.lua
273901,Wildstalker's Gauntlets,questiedb-foreverBaseItem.lua
273902,Wildstalker's Spaulders,questiedb-foreverBaseItem.lua
273903,Wildstalker's Greaves,questiedb-foreverBaseItem.lua
273904,Manaflare Pants,questiedb-foreverBaseItem.lua
273905,Manaflare Gloves,questiedb-foreverBaseItem.lua
273906,Manaflare Mantle,questiedb-foreverBaseItem.lua
273907,Manaflare Boots,questiedb-foreverBaseItem.lua
273908,Justice Leggings,questiedb-foreverBaseItem.lua
273909,Justice Gauntlets,questiedb-foreverBaseItem.lua
273910,Justice Spaulders,questiedb-foreverBaseItem.lua
273911,Justice Greaves,questiedb-foreverBaseItem.lua
273912,Justice Legplates,questiedb-foreverBaseItem.lua
273913,Justice Gloves,questiedb-foreverBaseItem.lua
273914,Justice Epaulets,questiedb-foreverBaseItem.lua
273915,Justice Treads,questiedb-foreverBaseItem.lua
273916,Justice Legguards,questiedb-foreverBaseItem.lua
273917,Justice Handguards,questiedb-foreverBaseItem.lua
273918,Justice Pauldrons,questiedb-foreverBaseItem.lua
273919,Justice Sabatons,questiedb-foreverBaseItem.lua
273920,Pants of Conviction,questiedb-foreverBaseItem.lua
273921,Gloves of Conviction,questiedb-foreverBaseItem.lua
273922,Mantle of Conviction,questiedb-foreverBaseItem.lua
273923,Treads of Conviction,questiedb-foreverBaseItem.lua
273924,Leggings of Conviction,questiedb-foreverBaseItem.lua
273925,Handguards of Conviction,questiedb-foreverBaseItem.lua
273926,Pauldrons of Conviction,questiedb-foreverBaseItem.lua
273927,Boots of Conviction,questiedb-foreverBaseItem.lua
273928,Grimstitch Pants,questiedb-foreverBaseItem.lua
273929,Grimstitch Gloves,questiedb-foreverBaseItem.lua
273930,Grimstitch Spaulders,questiedb-foreverBaseItem.lua
273931,Grimstitch Boots,questiedb-foreverBaseItem.lua
273932,Spiritcaller Leggings,questiedb-foreverBaseItem.lua
273933,Spiritcaller Grips,questiedb-foreverBaseItem.lua
273934,Spiritcaller Spaulders,questiedb-foreverBaseItem.lua
273935,Spiritcaller Treads,questiedb-foreverBaseItem.lua
273936,Spiritcaller Pants,questiedb-foreverBaseItem.lua
273937,Spiritcaller Gauntlets,questiedb-foreverBaseItem.lua
273938,Spiritcaller Epaulets,questiedb-foreverBaseItem.lua
273939,Spiritcaller Greaves,questiedb-foreverBaseItem.lua
273940,Demonheart Leggings,questiedb-foreverBaseItem.lua
273941,Demonheart Gloves,questiedb-foreverBaseItem.lua
273942,Demonheart Spaulders,questiedb-foreverBaseItem.lua
273943,Demonheart Boots,questiedb-foreverBaseItem.lua
273944,Legplates of Glory,questiedb-foreverBaseItem.lua
273945,Gauntlets of Glory,questiedb-foreverBaseItem.lua
273946,Shoulders of Glory,questiedb-foreverBaseItem.lua
273947,Greaves of Glory,questiedb-foreverBaseItem.lua
273948,Legguards of Glory,questiedb-foreverBaseItem.lua
273949,Handguards of Glory,questiedb-foreverBaseItem.lua
273950,Pauldrons of Glory,questiedb-foreverBaseItem.lua
273951,Sabatons of Glory,questiedb-foreverBaseItem.lua
273952,Pattern: Grovekeeper Trousers,questiedb-foreverBaseItem.lua
273953,Pattern: Grovekeeper Grips,questiedb-foreverBaseItem.lua
273954,Pattern: Grovekeeper Shoulderpads,questiedb-foreverBaseItem.lua
273955,Pattern: Grovekeeper Stompers,questiedb-foreverBaseItem.lua
273956,Pattern: Grovekeeper Kilt,questiedb-foreverBaseItem.lua
273957,Pattern: Grovekeeper Mitts,questiedb-foreverBaseItem.lua
273958,Pattern: Grovekeeper Mantle,questiedb-foreverBaseItem.lua
273959,Pattern: Grovekeeper Sandals,questiedb-foreverBaseItem.lua
273960,Pattern: Grovekeeper Legguards,questiedb-foreverBaseItem.lua
273961,Pattern: Grovekeeper Handguards,questiedb-foreverBaseItem.lua
273962,Pattern: Grovekeeper Pauldrons,questiedb-foreverBaseItem.lua
273963,Pattern: Grovekeeper Boots,questiedb-foreverBaseItem.lua
273964,Pattern: Grovekeeper Leggings,questiedb-foreverBaseItem.lua
273965,Pattern: Grovekeeper Gauntlets,questiedb-foreverBaseItem.lua
273966,Pattern: Grovekeeper Spaulders,questiedb-foreverBaseItem.lua
273967,Pattern: Grovekeeper Treads,questiedb-foreverBaseItem.lua
273968,Pattern: Wildstalker's Legguards,questiedb-foreverBaseItem.lua
273969,Pattern: Wildstalker's Gauntlets,questiedb-foreverBaseItem.lua
273970,Pattern: Wildstalker's Spaulders,questiedb-foreverBaseItem.lua
273971,Pattern: Wildstalker's Greaves,questiedb-foreverBaseItem.lua
273972,Pattern: Manaflare Pants,questiedb-foreverBaseItem.lua
273973,Pattern: Manaflare Gloves,questiedb-foreverBaseItem.lua
273974,Pattern: Manaflare Mantle,questiedb-foreverBaseItem.lua
273975,Pattern: Manaflare Boots,questiedb-foreverBaseItem.lua
273976,Plans: Justice Leggings,questiedb-foreverBaseItem.lua
273977,Plans: Justice Gauntlets,questiedb-foreverBaseItem.lua
273978,Plans: Justice Spaulders,questiedb-foreverBaseItem.lua
273979,Plans: Justice Greaves,questiedb-foreverBaseItem.lua
273980,Plans: Justice Legplates,questiedb-foreverBaseItem.lua
273981,Plans: Justice Gloves,questiedb-foreverBaseItem.lua
273982,Plans: Justice Epaulets,questiedb-foreverBaseItem.lua
273983,Plans: Justice Treads,questiedb-foreverBaseItem.lua
273984,Plans: Justice Legguards,questiedb-foreverBaseItem.lua
273985,Plans: Justice Handguards,questiedb-foreverBaseItem.lua
273986,Plans: Justice Pauldrons,questiedb-foreverBaseItem.lua
273987,Plans: Justice Sabatons,questiedb-foreverBaseItem.lua
273988,Pattern: Pants of Conviction,questiedb-foreverBaseItem.lua
273989,Pattern: Gloves of Conviction,questiedb-foreverBaseItem.lua
273990,Pattern: Mantle of Conviction,questiedb-foreverBaseItem.lua
273991,Pattern: Treads of Conviction,questiedb-foreverBaseItem.lua
273992,Pattern: Leggings of Conviction,questiedb-foreverBaseItem.lua
273993,Pattern: Handguards of Conviction,questiedb-foreverBaseItem.lua
273994,Pattern: Pauldrons of Conviction,questiedb-foreverBaseItem.lua
273995,Pattern: Boots of Conviction,questiedb-foreverBaseItem.lua
273996,Pattern: Grimstitch Pants,questiedb-foreverBaseItem.lua
273997,Pattern: Grimstitch Gloves,questiedb-foreverBaseItem.lua
273998,Pattern: Grimstitch Spaulders,questiedb-foreverBaseItem.lua
273999,Pattern: Grimstitch Boots,questiedb-foreverBaseItem.lua
274000,Pattern: Spiritcaller Leggings,questiedb-foreverBaseItem.lua
274001,Pattern: Spiritcaller Grips,questiedb-foreverBaseItem.lua
274002,Pattern: Spiritcaller Spaulders,questiedb-foreverBaseItem.lua
274003,Pattern: Spiritcaller Treads,questiedb-foreverBaseItem.lua
274004,Pattern: Spiritcaller Pants,questiedb-foreverBaseItem.lua
274005,Pattern: Spiritcaller Gauntlets,questiedb-foreverBaseItem.lua
274006,Pattern: Spiritcaller Epaulets,questiedb-foreverBaseItem.lua
274007,Pattern: Spiritcaller Greaves,questiedb-foreverBaseItem.lua
274008,Pattern: Demonheart Leggings,questiedb-foreverBaseItem.lua
274009,Pattern: Demonheart Gloves,questiedb-foreverBaseItem.lua
274010,Pattern: Demonheart Spaulders,questiedb-foreverBaseItem.lua
274011,Pattern: Demonheart Boots,questiedb-foreverBaseItem.lua
274012,Plans: Legplates of Glory,questiedb-foreverBaseItem.lua
274013,Plans: Gauntlets of Glory,questiedb-foreverBaseItem.lua
274014,Plans: Shoulders of Glory,questiedb-foreverBaseItem.lua
274015,Plans: Greaves of Glory,questiedb-foreverBaseItem.lua
274016,Plans: Legguards of Glory,questiedb-foreverBaseItem.lua
274017,Plans: Handguards of Glory,questiedb-foreverBaseItem.lua
274018,Plans: Pauldrons of Glory,questiedb-foreverBaseItem.lua
274019,Plans: Sabatons of Glory,questiedb-foreverBaseItem.lua
274020,Seal of Armorcrafting,questiedb-foreverBaseItem.lua
274021,Barrens Headband,questiedb-foreverBaseItem.lua
274022,Tough Guy's Eyepatch,questiedb-foreverBaseItem.lua
274023,Stolen Wastewander Cowl,questiedb-foreverBaseItem.lua
274024,Fizzbolt's Fashionable Fedora,questiedb-foreverBaseItem.lua
274025,Guardians of Hyjal Tabard,questiedb-foreverBaseItem.lua
274026,Extravagant Extravaganza Coin,questiedb-foreverBaseItem.lua
274027,Placeholder,questiedb-foreverBaseItem.lua
274028,Blood Red Bandana,questiedb-foreverBaseItem.lua
274029,Ornate Shackle Key,questiedb-foreverBaseItem.lua
274030,Malleable Essence of Nature,questiedb-foreverBaseItem.lua
274035,Staghide Drape,questiedb-foreverBaseItem.lua
274041,Document Box,questiedb-foreverBaseItem.lua
274042,Skullduggery Belt,questiedb-foreverBaseItem.lua
274043,Irradiated Shield,questiedb-foreverBaseItem.lua
274044,Twisted Fire Totem,questiedb-foreverBaseItem.lua
274045,Twisted Earth Totem,questiedb-foreverBaseItem.lua
274046,Twisted Water Totem,questiedb-foreverBaseItem.lua
274047,Twisted Air Totem,questiedb-foreverBaseItem.lua
274048,9-60 Battery Pack,questiedb-foreverBaseItem.lua
274049,Schematic: 9-60 Battery Pack,questiedb-foreverBaseItem.lua
274068,Thermaplugg Medal of Honor,questiedb-foreverBaseItem.lua
274077,Mason's Note,questiedb-foreverBaseItem.lua
274084,Quilboar Blaster,questiedb-foreverBaseItem.lua
274092,Sharpened Cutlery,questiedb-foreverBaseItem.lua
274093,Glowing Kaleidoscope,questiedb-foreverBaseItem.lua
274149,Thornweaver Drape,questiedb-foreverBaseItem.lua
274151,Tender Nightsaber Haunch,questiedb-foreverBaseItem.lua
274152,Roogug's Severed Head,questiedb-foreverBaseItem.lua
274155,Geomancer Headdress,questiedb-foreverBaseItem.lua
274158,Death Prophet Spine,questiedb-foreverBaseItem.lua
274159,Thorncursed Grips,questiedb-foreverBaseItem.lua
274160,Quilrager Throwing Axe,wowhead_forever_gearplanner.txt
274161,Quillord Mail Leggings,questiedb-foreverBaseItem.lua
274162,Venom-dripping Heart,questiedb-foreverBaseItem.lua
274163,Vacant Heart,questiedb-foreverBaseItem.lua
274165,Eternity Cloth,questiedb-foreverBaseItem.lua
274176,Premier Scalemail Walkers,questiedb-foreverBaseItem.lua
274177,Premier Flatmail Grips,questiedb-foreverBaseItem.lua
274178,Premier Scalemail Helm,questiedb-foreverBaseItem.lua
274179,Premier Scalemail Chestpiece,questiedb-foreverBaseItem.lua
274180,Premier Flatmail Leggings,questiedb-foreverBaseItem.lua
274181,Premier Flatmail Shoulders,questiedb-foreverBaseItem.lua
274182,Premier Flatmail Wristguards,questiedb-foreverBaseItem.lua
274183,Premier Knight-Champion's Flatmail Boots,questiedb-foreverBaseItem.lua
274184,Premier Lieutenant Commander's Flatmail Gauntlets,questiedb-foreverBaseItem.lua
274185,Premier Knight-Captain's Flatmail Waistband,questiedb-foreverBaseItem.lua
274186,Premier Knight-Captain's Flatmail Bracers,questiedb-foreverBaseItem.lua
274187,Premier Field Marshal's Flatmail Armor,questiedb-foreverBaseItem.lua
274188,Premier Field Marshal's Flatmail Helm,questiedb-foreverBaseItem.lua
274189,Premier Marshal's Flatmail Leggings,questiedb-foreverBaseItem.lua
274190,Premier Marshal's Flatmail Spaulders,questiedb-foreverBaseItem.lua
274192,Premier Flatmail Greaves,questiedb-foreverBaseItem.lua
274193,Premier Scalemail Vices,questiedb-foreverBaseItem.lua
274194,Premier Flatmail Hauberk,questiedb-foreverBaseItem.lua
274195,Premier Scalemail Legguards,questiedb-foreverBaseItem.lua
274196,Premier Flatmail Headguard,questiedb-foreverBaseItem.lua
274197,Premier Scalemail Pauldrons,questiedb-foreverBaseItem.lua
274198,Premier Knight-Champion's Scalemail Boots,questiedb-foreverBaseItem.lua
274199,Premier Lieutenant Commander's Scalemail Gauntlets,questiedb-foreverBaseItem.lua
274200,Premier Knight-Captain's Scalemail Waistband,questiedb-foreverBaseItem.lua
274201,Premier Knight-Captain's Scalemail Bracers,questiedb-foreverBaseItem.lua
274202,Premier Field Marshal's Scalemail Armor,questiedb-foreverBaseItem.lua
274203,Premier Field Marshal's Scalemail Helm,questiedb-foreverBaseItem.lua
274204,Premier Marshal's Scalemail Leggings,questiedb-foreverBaseItem.lua
274205,Premier Marshal's Scalemail Spaulders,questiedb-foreverBaseItem.lua
274206,Premier Knight-Champion's Linkmail Boots,questiedb-foreverBaseItem.lua
274207,Premier Lieutenant Commander's Linkmail Gauntlets,questiedb-foreverBaseItem.lua
274208,Premier Knight-Captain's Linkmail Waistband,questiedb-foreverBaseItem.lua
274209,Premier Knight-Captain's Linkmail Bracers,questiedb-foreverBaseItem.lua
274210,Premier Field Marshal's Linkmail Armor,questiedb-foreverBaseItem.lua
274211,Premier Field Marshal's Linkmail Helm,questiedb-foreverBaseItem.lua
274212,Premier Marshal's Linkmail Leggings,questiedb-foreverBaseItem.lua
274213,Premier Marshal's Linkmail Spaulders,questiedb-foreverBaseItem.lua
274214,Premier Flatmail Girdle,questiedb-foreverBaseItem.lua
274215,Premier Scalemail Wristguards,questiedb-foreverBaseItem.lua
274217,Premier Linkmail Walkers,questiedb-foreverBaseItem.lua
274218,Premier Linkmail Helm,questiedb-foreverBaseItem.lua
274219,Premier Linkmail Chestpiece,questiedb-foreverBaseItem.lua
274220,Premier Linkmail Vices,questiedb-foreverBaseItem.lua
274221,Premier Linkmail Legguards,questiedb-foreverBaseItem.lua
274222,Premier Linkmail Pauldrons,questiedb-foreverBaseItem.lua
274223,Premier Linkmail Wristguards,questiedb-foreverBaseItem.lua
274224,Premier Linkmail Girdle,questiedb-foreverBaseItem.lua
274225,Premier Scalemail Girdle,questiedb-foreverBaseItem.lua
274226,Premier Scaled Sabatons,questiedb-foreverBaseItem.lua
274227,Premier Scaled Gauntlets,questiedb-foreverBaseItem.lua
274228,Premier Scaled Cinch,questiedb-foreverBaseItem.lua
274229,Premier Scaled Armsplints,questiedb-foreverBaseItem.lua
274230,Premier Scaled Breastplate,questiedb-foreverBaseItem.lua
274231,Premier Scaled Headguard,questiedb-foreverBaseItem.lua
274232,Premier Scaled Leggings,questiedb-foreverBaseItem.lua
274233,Premier Scaled Shoulders,questiedb-foreverBaseItem.lua
274234,Premier Legionnaire's Scaled Armguards,questiedb-foreverBaseItem.lua
274235,Premier Legionnaire's Scaled Belt,questiedb-foreverBaseItem.lua
274236,Premier Champion's Scaled Gloves,questiedb-foreverBaseItem.lua
274237,Premier Centurion's Scaled Boots,questiedb-foreverBaseItem.lua
274238,Premier Warlord's Scaled Chestplate,questiedb-foreverBaseItem.lua
274239,Premier Warlord's Scaled Faceguard,questiedb-foreverBaseItem.lua
274240,Premier General's Scaled Legplates,questiedb-foreverBaseItem.lua
274241,Premier General's Scaled Pauldrons,questiedb-foreverBaseItem.lua
274244,Premier Lamellar Breastplate,questiedb-foreverBaseItem.lua
274245,Premier Lamellar Leggings,questiedb-foreverBaseItem.lua
274246,Premier Lamellar Headguard,questiedb-foreverBaseItem.lua
274247,Premier Lamellar Shoulders,questiedb-foreverBaseItem.lua
274248,Premier Legionnaire's Lamellar Armguards,questiedb-foreverBaseItem.lua
274249,Premier Legionnaire's Lamellar Belt,questiedb-foreverBaseItem.lua
274250,Premier Champion's Lamellar Gloves,questiedb-foreverBaseItem.lua
274251,Premier Centurion's Lamellar Boots,questiedb-foreverBaseItem.lua
274252,Premier Warlord's Lamellar Chestplate,questiedb-foreverBaseItem.lua
274253,Premier Warlord's Lamellar Faceguard,questiedb-foreverBaseItem.lua
274254,Premier General's Lamellar Legplates,questiedb-foreverBaseItem.lua
274255,Premier General's Lamellar Pauldrons,questiedb-foreverBaseItem.lua
274256,Premier Lamellar Gauntlets,questiedb-foreverBaseItem.lua
274257,Premier Lamellar Armsplints,questiedb-foreverBaseItem.lua
274258,Premier Lamellar Sabatons,questiedb-foreverBaseItem.lua
274259,Premier Lamellar Cinch,questiedb-foreverBaseItem.lua
274265,Brush Cutter,questiedb-foreverBaseItem.lua
274268,Dark Iron Map,questiedb-foreverBaseItem.lua
274270,Weed Whacker,questiedb-foreverBaseItem.lua
274271,Deadhead Blade,questiedb-foreverBaseItem.lua
274273,Flask of Natural Accuracy,questiedb-foreverBaseItem.lua
274274,Flask of Natural Aggression,questiedb-foreverBaseItem.lua
274275,Flask of Natural Precision,questiedb-foreverBaseItem.lua
274276,Flask of Natural Swiftness,questiedb-foreverBaseItem.lua
274277,Recipe: Flask of Natural Accuracy,questiedb-foreverBaseItem.lua
274278,Recipe: Flask of Natural Aggression,questiedb-foreverBaseItem.lua
274279,Recipe: Flask of Natural Precision,questiedb-foreverBaseItem.lua
274280,Recipe: Flask of Natural Swiftness,questiedb-foreverBaseItem.lua
274286,Durgen Dirgehammer's Head,questiedb-foreverBaseItem.lua
274287,Grand Hippogryph Feather,questiedb-foreverBaseItem.lua
274288,Oily Chimaera Hair,questiedb-foreverBaseItem.lua
274289,Dwarven Heirloom,questiedb-foreverBaseItem.lua
274290,Painwalker Buckler,questiedb-foreverBaseItem.lua
274291,Polished Skullcap,questiedb-foreverBaseItem.lua
274292,Houndmaster Boomerang,questiedb-foreverBaseItem.lua
274293,Spellsever Crossbow,questiedb-foreverBaseItem.lua
274294,Library Walkers,questiedb-foreverBaseItem.lua
274295,Band of Crimson Light,questiedb-foreverBaseItem.lua
274373,Leather-bound Flask,questiedb-foreverBaseItem.lua
274379,Rousing Seed Pod,questiedb-foreverBaseItem.lua
274380,Decaying Flesh Bands,questiedb-foreverBaseItem.lua
274381,Coldbringer Spine,questiedb-foreverBaseItem.lua
274383,Kanai's Knife,questiedb-foreverBaseItem.lua
274384,Illegible Dogtags,questiedb-foreverBaseItem.lua
274386,Toy Soldier,questiedb-foreverBaseItem.lua
274387,Swiftfeather Arrow,questiedb-foreverBaseItem.lua
274388,Swiftstrike Shot,questiedb-foreverBaseItem.lua
274389,Schematic: Swiftfeather Arrow,questiedb-foreverBaseItem.lua
274390,Schematic: Swiftstrike Shot,questiedb-foreverBaseItem.lua
274391,Formula: Enchant Off-Hand - Superior Intellect,questiedb-foreverBaseItem.lua
274392,Formula: Enchant Off-Hand - Excellent Spirit,questiedb-foreverBaseItem.lua
274393,Formula: Enchant Off-Hand - Wisdom,questiedb-foreverBaseItem.lua
274394,Formula: Enchant 2H Weapon - Spellblasting,questiedb-foreverBaseItem.lua
274395,Formula: Enchant Shield - Excellent Stamina,questiedb-foreverBaseItem.lua
274396,Fel Ash Experimentation Notes,questiedb-foreverBaseItem.lua
274398,Formula: Enchant Gloves - Superior Strength,questiedb-foreverBaseItem.lua
274399,Formula: Enchant Cloak - Agility,questiedb-foreverBaseItem.lua
274400,Formula: Enchant Shield - Critical Strike,questiedb-foreverBaseItem.lua
274401,Formula: Enchant Bracer - Greater Spellpower,questiedb-foreverBaseItem.lua
274408,Ashen Crystal Vial,questiedb-foreverBaseItem.lua
274411,Survivor's Torch,questiedb-foreverBaseItem.lua
274412,Fel-Slime Crystal,questiedb-foreverBaseItem.lua
274413,Bag of Ashen Warlock Bones,questiedb-foreverBaseItem.lua
274414,Pristine Fel-Slime Crystal,questiedb-foreverBaseItem.lua
274415,Recipe: Sweetpaw Jam,questiedb-foreverBaseItem.lua
274417,Barkskin Baubles,questiedb-foreverBaseItem.lua
274418,Burrow Barricade,questiedb-foreverBaseItem.lua
274419,Bear Poking Stick,questiedb-foreverBaseItem.lua
274420,Wisepaw Totem,questiedb-foreverBaseItem.lua
274424,Formula: Enchant Gloves - Lotus Claw,questiedb-foreverBaseItem.lua
274426,Enchant Gloves - Lotus Claw,questiedb-foreverBaseItem.lua
274429,Monster Weapon,questiedb-foreverBaseItem.lua
274444,Greater Insignia of the Horde,questiedb-foreverBaseItem.lua
274445,Greater Insignia of the Alliance,questiedb-foreverBaseItem.lua
274460,"Monster - Shield, Night Elf Huntress",questiedb-foreverBaseItem.lua
274461,"Monster - Glaive, Night Elf Huntress",questiedb-foreverBaseItem.lua
274463,Tattered Note,questiedb-foreverBaseItem.lua
274466,"Monster - Polearm, 2H NightElf",questiedb-foreverBaseItem.lua
274480,"Monster - Staff, Druid of the Talon",questiedb-foreverBaseItem.lua
274483,The Walks of Shaman,questiedb-foreverBaseItem.lua
274485,Axe of Lingering Dread,questiedb-foreverBaseItem.lua
274490,Centaur Hoofwarmers,questiedb-foreverBaseItem.lua
274491,Pattern: Centaur Hoofwarmers,questiedb-foreverBaseItem.lua
274501,"Monster - Sword, Golden Long",questiedb-foreverBaseItem.lua
274517,Unerring Purpose,questiedb-foreverBaseItem.lua
274559,Level 23 Cloth Gear,questiedb-foreverBaseItem.lua
274560,Hyjal Summit Trash Weapon,questiedb-foreverBaseItem.lua
274561,Level 23 Leather Gear,questiedb-foreverBaseItem.lua
274562,Level 23 Mail Gear,questiedb-foreverBaseItem.lua
274563,Level 38 Cloth Gear,questiedb-foreverBaseItem.lua
274564,Level 38 Leather Gear,questiedb-foreverBaseItem.lua
274565,Level 38 Mail Gear,questiedb-foreverBaseItem.lua
274566,Level 57 Cloth Gear,questiedb-foreverBaseItem.lua
274567,Level 57 Leather Gear,questiedb-foreverBaseItem.lua
274568,Level 57 Mail Gear,questiedb-foreverBaseItem.lua
274569,Level 57 Plate Gear,questiedb-foreverBaseItem.lua
274570,Level 60 Cloth Gear,questiedb-foreverBaseItem.lua
274571,Level 60 Leather Gear,questiedb-foreverBaseItem.lua
274572,Level 60 Mail Gear,questiedb-foreverBaseItem.lua
274573,Level 60 Plate Gear,questiedb-foreverBaseItem.lua
274586,Rustleaf Fox Tail,questiedb-foreverBaseItem.lua
274605,Briny Sash,questiedb-foreverBaseItem.lua
274616,Aetherstill Spirits,questiedb-foreverBaseItem.lua
274617,Sturdy Tree Branch,questiedb-foreverBaseItem.lua
274638,Sandfury Pauldrons,questiedb-foreverBaseItem.lua
274639,Sacrificial Chain Vest,questiedb-foreverBaseItem.lua
274641,Theka's Last Breath,questiedb-foreverBaseItem.lua
274642,Blood Ritual Ring,questiedb-foreverBaseItem.lua
274643,Gutcutter Hatchet,questiedb-foreverBaseItem.lua
274644,Undying Headdress,questiedb-foreverBaseItem.lua
274645,Desert Ziggurat Drape,questiedb-foreverBaseItem.lua
274647,Farraki Kris,questiedb-foreverBaseItem.lua
274648,The Desert Rose,questiedb-foreverBaseItem.lua
274651,Zealot Plate,questiedb-foreverBaseItem.lua
274652,Wall of Water,questiedb-foreverBaseItem.lua
274653,Deep Ritual Girdle,questiedb-foreverBaseItem.lua
274655,Peacekeeper Wand,questiedb-foreverBaseItem.lua
274657,Hydra Leather Legs,questiedb-foreverBaseItem.lua
274658,Dune Hacker,questiedb-foreverBaseItem.lua
274683,QA Tabard of Weighted Dice,wowhead_forever_gearplanner.txt
274684,Level 23 Mining Supplies,questiedb-foreverBaseItem.lua
274686,Level 38 Mining Supplies,questiedb-foreverBaseItem.lua
274687,Level 57 Mining Supplies,questiedb-foreverBaseItem.lua
274688,Level 60 Mining Supplies,questiedb-foreverBaseItem.lua
274689,Level 23 Herbalism Supplies,questiedb-foreverBaseItem.lua
274690,Level 38 Herbalism Supplies,questiedb-foreverBaseItem.lua
274691,Level 57 Herbalism Supplies,questiedb-foreverBaseItem.lua
274692,Level 60 Herbalism Supplies,questiedb-foreverBaseItem.lua
274693,Level 23 Skinning Supplies,questiedb-foreverBaseItem.lua
274694,Level 38 Skinning Supplies,questiedb-foreverBaseItem.lua
274695,Level 57 Skinning Supplies,questiedb-foreverBaseItem.lua
274696,Level 60 Skinning Supplies,questiedb-foreverBaseItem.lua
274697,Level 23 Cloth Supplies,questiedb-foreverBaseItem.lua
274698,Level 38 Cloth Supplies,questiedb-foreverBaseItem.lua
274699,Level 57 Cloth Supplies,questiedb-foreverBaseItem.lua
274700,Level 60 Cloth Supplies,questiedb-foreverBaseItem.lua
274701,Level 23 Enchanting Supplies,questiedb-foreverBaseItem.lua
274702,Level 38 Enchanting Supplies,questiedb-foreverBaseItem.lua
274703,Level 57 Enchanting Supplies,questiedb-foreverBaseItem.lua
274704,Level 60 Enchanting Supplies,questiedb-foreverBaseItem.lua
274706,Reins of the Striped Dawnsaber,questiedb-foreverBaseItem.lua
274709,Potion of Experience - Level 23,questiedb-foreverBaseItem.lua
274710,Potion of Experience - Level 38,questiedb-foreverBaseItem.lua
274711,Potion of Experience - Level 57,questiedb-foreverBaseItem.lua
274712,Potion of Experience - Level 60,questiedb-foreverBaseItem.lua
274718,Lost Veteran's Sabatons,questiedb-foreverBaseItem.lua
274719,Forgotten Trompers,questiedb-foreverBaseItem.lua
274720,Abandoned Boots,questiedb-foreverBaseItem.lua
274721,Tattered Sandals,questiedb-foreverBaseItem.lua
274725,Blackthorne Documents,questiedb-foreverBaseItem.lua
274740,Quilted Cloak,questiedb-foreverBaseItem.lua
274741,Rumpled Kilt,questiedb-foreverBaseItem.lua
274742,Ratchet Wristwraps,questiedb-foreverBaseItem.lua
274743,Defective Samophlange,questiedb-foreverBaseItem.lua
274744,Barrens Basher,questiedb-foreverBaseItem.lua
274745,Deckswabber's Mitts,questiedb-foreverBaseItem.lua
274746,Sea Giant's Toe Ring,questiedb-foreverBaseItem.lua
274747,Soggy Boots,questiedb-foreverBaseItem.lua
274748,Booty Bay Bruiser's Buckshot,questiedb-foreverBaseItem.lua
274749,Souvenier Sea Shell,questiedb-foreverBaseItem.lua
274750,Reflective Wristguards,questiedb-foreverBaseItem.lua
274751,Sunburn Spaulders,questiedb-foreverBaseItem.lua
274752,Sandstorm Cover,questiedb-foreverBaseItem.lua
274753,Jhordy's Misplaced Screwdriver,questiedb-foreverBaseItem.lua
274754,Suspicious Spare Part,questiedb-foreverBaseItem.lua
274755,Steamwheedle Grips,questiedb-foreverBaseItem.lua
274756,Impractical Headwarmer,questiedb-foreverBaseItem.lua
274757,Substandard Belt Chain,questiedb-foreverBaseItem.lua
274758,Coldmetal Guard,questiedb-foreverBaseItem.lua
274759,Everlook Pathcarver,questiedb-foreverBaseItem.lua
274760,Everlook Delivery Bot,questiedb-foreverBaseItem.lua
274761,Parachute-Priest Pager,questiedb-foreverBaseItem.lua
274776,Uninfected Root Sample,questiedb-foreverBaseItem.lua
274795,Embroidered Scabbard,questiedb-foreverBaseItem.lua
274799,Ochre Skeletal Warhorse,questiedb-foreverBaseItem.lua
274800,Fishing Trip,questiedb-foreverBaseItem.lua
274895,Darkspear Islands Mark of Honor,questiedb-foreverBaseItem.lua
274915,Sacristan Band,questiedb-foreverBaseItem.lua
274916,Verger Greaves,questiedb-foreverBaseItem.lua
274917,Brittle Trap,questiedb-foreverBaseItem.lua
274918,Warding Candle,questiedb-foreverBaseItem.lua
274919,Neophyte's Wand,questiedb-foreverBaseItem.lua
274920,Twilight Carver,questiedb-foreverBaseItem.lua
274922,Riverglades Marsh Gas,questiedb-foreverBaseItem.lua
274926,Matriarch Quiver,questiedb-foreverBaseItem.lua
274928,Curly's Chopper,questiedb-foreverBaseItem.lua
274929,Hurley's Felling Axe,questiedb-foreverBaseItem.lua
274930,Umber Galestrider,questiedb-foreverBaseItem.lua
274931,Fur-Lined Bracers,questiedb-foreverBaseItem.lua
274932,Coyote Hide Wraps,questiedb-foreverBaseItem.lua
274933,Swift Umber Galestrider,questiedb-foreverBaseItem.lua
274935,Tessa's Tonic,questiedb-foreverBaseItem.lua
274938,Gnollhide Tunic,questiedb-foreverBaseItem.lua
274939,Southern Watch Leggings,questiedb-foreverBaseItem.lua
274940,Unbalanced Fighting Stick,questiedb-foreverBaseItem.lua
274941,Bristle Hills Mystic Robe,questiedb-foreverBaseItem.lua
274942,Bristlepelt Vest,questiedb-foreverBaseItem.lua
274943,Gnoll Crusher Leggings,questiedb-foreverBaseItem.lua
274944,Bloodsnout Striker,questiedb-foreverBaseItem.lua
274946,Gnollblood Robe,questiedb-foreverBaseItem.lua
274947,Scroll of Imbue Lesser Flame,questiedb-foreverBaseItem.lua
274948,Bottle of Powderfuse Port,questiedb-foreverBaseItem.lua
274949,Scrap of Horde Heraldry,questiedb-foreverBaseItem.lua
274952,Jom-jom's Gabbar,questiedb-foreverBaseItem.lua
274955,Clobrok's Block Rock,questiedb-foreverBaseItem.lua
274956,Wild Chicken Egg,questiedb-foreverBaseItem.lua
274957,Lumber Luggers,questiedb-foreverBaseItem.lua
274958,Especially Delicious Berries,questiedb-foreverBaseItem.lua
274959,Farholde Horns,questiedb-foreverBaseItem.lua
274961,Brute Slayer Band,questiedb-foreverBaseItem.lua
274962,Crocskin Waders,questiedb-foreverBaseItem.lua
274963,Rot-Covered Harpoon,questiedb-foreverBaseItem.lua
274964,Mote of Unstable Magic,questiedb-foreverBaseItem.lua
274966,Silvermoon Shimmerwine,questiedb-foreverBaseItem.lua
274968,Premier Senior Sergeant's Insignia,questiedb-foreverBaseItem.lua
274969,Premier Master Sergeant's Insignia,questiedb-foreverBaseItem.lua
274971,Briny Seafood Stew,questiedb-foreverBaseItem.lua
274972,Recipe: Briny Seafood Stew,questiedb-foreverBaseItem.lua
274974,Message in a Bottle,questiedb-foreverBaseItem.lua
274975,Rog'mar Supply Crate,questiedb-foreverBaseItem.lua
274976,Plain Ol' Paletusk,questiedb-foreverBaseItem.lua
274977,Recipe: Plain Ol' Paletusk,questiedb-foreverBaseItem.lua
274978,Leafre's Ring of Great Resistance,questiedb-foreverBaseItem.lua
274979,Hyjal Silphium,questiedb-foreverBaseItem.lua
274981,Rog'mar Report,questiedb-foreverBaseItem.lua
275011,Thud Hammer,questiedb-foreverBaseItem.lua
275019,Supply Bundle,questiedb-foreverBaseItem.lua
275021,Prisoner Handwraps,questiedb-foreverBaseItem.lua
275022,Lost Journal,questiedb-foreverBaseItem.lua
275023,Bolder'ok Loincloth,questiedb-foreverBaseItem.lua
275025,Dunston's Ogre Duster,questiedb-foreverBaseItem.lua
275028,Twilight Mine Light,questiedb-foreverBaseItem.lua
275042,Farholde Keep Tabard,questiedb-foreverBaseItem.lua
275043,Bloodmaster's Ring,questiedb-foreverBaseItem.lua
275044,Bloodsport Band,questiedb-foreverBaseItem.lua
275045,Ogre Horn Ring,questiedb-foreverBaseItem.lua
275046,Twilight Overlord Drape,questiedb-foreverBaseItem.lua
275049,Farholde Bastion,questiedb-foreverBaseItem.lua
275050,Cloak of the Cult,questiedb-foreverBaseItem.lua
275051,Twilight Barrier,questiedb-foreverBaseItem.lua
275052,Orc Bone Bow,questiedb-foreverBaseItem.lua
275067,Scroll of Imbue Chillknife,questiedb-foreverBaseItem.lua
275069,Scroll of Rat Familiar,questiedb-foreverBaseItem.lua
275229,Premier Emboldened Shoulder Seal,questiedb-foreverBaseItem.lua
275238,Premier Emboldened Chest Seal,questiedb-foreverBaseItem.lua
275239,Premier Emboldened Hands Seal,questiedb-foreverBaseItem.lua
275240,Premier Emboldened Wrist Seal,questiedb-foreverBaseItem.lua
275241,Premier Emboldened Head Seal,questiedb-foreverBaseItem.lua
275242,Premier Emboldened Legs Seal,questiedb-foreverBaseItem.lua
275243,Premier Emboldened Feet Seal,questiedb-foreverBaseItem.lua
275244,Premier Emboldened Belt Seal,questiedb-foreverBaseItem.lua
275290,Stormforged Protector,questiedb-foreverBaseItem.lua
275291,Staff of the Deeproar,questiedb-foreverBaseItem.lua
275293,Barkskin Scepter,questiedb-foreverBaseItem.lua
275296,Deadwood Boomstick,questiedb-foreverBaseItem.lua
275347,Lichbane,questiedb-foreverBaseItem.lua
275390,Shallow Bindings,questiedb-foreverBaseItem.lua
275434,Murkborn Girdle,questiedb-foreverBaseItem.lua
275437,Premier Silken Sash,questiedb-foreverBaseItem.lua
275438,Greaves of Mourning,questiedb-foreverBaseItem.lua
275439,Blunderflame Bone Bow,questiedb-foreverBaseItem.lua
275441,Cremation Longbow,questiedb-foreverBaseItem.lua
275443,Highly Toxic Strain,questiedb-foreverBaseItem.lua
275478,"Monster - Mace, Barrow Deeps",questiedb-foreverBaseItem.lua
275482,Barton's Scouting Report,questiedb-foreverBaseItem.lua
275521,Crest of Lordaeron,questiedb-foreverBaseItem.lua
275580,Pattern: Venomspew Gloves,questiedb-foreverBaseItem.lua
275581,Pattern: Venomspew Cord,questiedb-foreverBaseItem.lua
275582,Pattern: Venomspew Footpads,questiedb-foreverBaseItem.lua
275583,Pattern: Swarmtender's Gloves,questiedb-foreverBaseItem.lua
275584,Pattern: Swarmtender's Cord,questiedb-foreverBaseItem.lua
275585,Pattern: Swarmtender's Footpads,questiedb-foreverBaseItem.lua
275586,Pattern: Bileblister Claws,questiedb-foreverBaseItem.lua
275587,Pattern: Bileblister Girdle,questiedb-foreverBaseItem.lua
275588,Pattern: Bileblister Boots,questiedb-foreverBaseItem.lua
275589,Pattern: Hivethrasher's Claws,questiedb-foreverBaseItem.lua
275590,Pattern: Hivethrasher's Girdle,questiedb-foreverBaseItem.lua
275591,Pattern: Hivethrasher's Boots,questiedb-foreverBaseItem.lua
275592,Pattern: Scalegut Clenchers,questiedb-foreverBaseItem.lua
275593,Pattern: Scalegut Belt,questiedb-foreverBaseItem.lua
275594,Pattern: Scalegut Treaders,questiedb-foreverBaseItem.lua
275595,Pattern: Broodwatcher's Clenchers,questiedb-foreverBaseItem.lua
275596,Pattern: Broodwatcher's Belt,questiedb-foreverBaseItem.lua
275597,Pattern: Broodwatcher's Treaders,questiedb-foreverBaseItem.lua
275598,Plans: Goregasher Grips,questiedb-foreverBaseItem.lua
275599,Plans: Goregasher Support,questiedb-foreverBaseItem.lua
275600,Plans: Goregasher Stompers,questiedb-foreverBaseItem.lua
275601,Plans: Clutchlord's Grips,questiedb-foreverBaseItem.lua
275602,Plans: Clutchlord's Support,questiedb-foreverBaseItem.lua
275603,Plans: Clutchlord's Stompers,questiedb-foreverBaseItem.lua
275604,Venomspew Gloves,questiedb-foreverBaseItem.lua
275605,Venomspew Cord,questiedb-foreverBaseItem.lua
275606,Venomspew Footpads,questiedb-foreverBaseItem.lua
275607,Swarmtender's Gloves,questiedb-foreverBaseItem.lua
275608,Swarmtender's Cord,questiedb-foreverBaseItem.lua
275609,Swarmtender's Footpads,questiedb-foreverBaseItem.lua
275610,Bileblister Claws,questiedb-foreverBaseItem.lua
275611,Bileblister Girdle,questiedb-foreverBaseItem.lua
275612,Bileblister Boots,questiedb-foreverBaseItem.lua
275613,Hivethrasher's Claws,questiedb-foreverBaseItem.lua
275614,Hivethrasher's Girdle,questiedb-foreverBaseItem.lua
275615,Hivethrasher's Boots,questiedb-foreverBaseItem.lua
275616,Scalegut Clenchers,questiedb-foreverBaseItem.lua
275617,Scalegut Belt,questiedb-foreverBaseItem.lua
275618,Scalegut Treaders,questiedb-foreverBaseItem.lua
275619,Broodwatcher's Clenchers,questiedb-foreverBaseItem.lua
275620,Broodwatcher's Belt,questiedb-foreverBaseItem.lua
275621,Broodwatcher's Treaders,questiedb-foreverBaseItem.lua
275622,Goregasher Grips,questiedb-foreverBaseItem.lua
275623,Goregasher Support,questiedb-foreverBaseItem.lua
275624,Goregasher Stompers,questiedb-foreverBaseItem.lua
275625,Clutchlord's Grips,questiedb-foreverBaseItem.lua
275626,Clutchlord's Support,questiedb-foreverBaseItem.lua
275627,Clutchlord's Stompers,questiedb-foreverBaseItem.lua
275630,Depleted Eye of Influence,questiedb-foreverBaseItem.lua
275633,Foxtail Ward,questiedb-foreverBaseItem.lua
275635,Blade of House Perenolde,questiedb-foreverBaseItem.lua
275636,Royal Aegis of Perenolde,questiedb-foreverBaseItem.lua
275642,Waylaid Herbs,questiedb-foreverBaseItem.lua
275645,Reforged Spear,questiedb-foreverBaseItem.lua
275646,Alliance Equipment,questiedb-foreverBaseItem.lua
275647,Cleansed Ritual Kris,questiedb-foreverBaseItem.lua
275648,Purified Gnarlybark Staff,questiedb-foreverBaseItem.lua
275649,Bramblebark Barrier,questiedb-foreverBaseItem.lua
275666,Whitemane's Plateau,questiedb-foreverBaseItem.lua
275668,Summit Drape,questiedb-foreverBaseItem.lua
275669,Punchy's Punchers,questiedb-foreverBaseItem.lua
275671,Field Agent Beverage,questiedb-foreverBaseItem.lua
275682,Excitable Slime,questiedb-foreverBaseItem.lua
275685,Stormwind Intelligence Seal,questiedb-foreverBaseItem.lua
275688,Power Recycler,questiedb-foreverBaseItem.lua
275698,Yaely's Mending Tool,questiedb-foreverBaseItem.lua
275700,Glaive Thrower Muffler,questiedb-foreverBaseItem.lua
275701,Copper Plated Pipe,questiedb-foreverBaseItem.lua
275706,Syndicate Uniform,questiedb-foreverBaseItem.lua
275708,Ghansurok Hide Tunic,questiedb-foreverBaseItem.lua
275709,Stolen Funds,questiedb-foreverBaseItem.lua
275711,Chimaera Wing Cape,questiedb-foreverBaseItem.lua
275713,Raider's Bow,questiedb-foreverBaseItem.lua
275715,Rocket Pilot Gloves,questiedb-foreverBaseItem.lua
275716,Raider's Battleaxe,questiedb-foreverBaseItem.lua
275717,Raider's Shield,questiedb-foreverBaseItem.lua
275718,Prickly Pear Fruit,questiedb-foreverBaseItem.lua
275719,Weathered Spine,questiedb-foreverBaseItem.lua
275720,Rough Lizard Hide,questiedb-foreverBaseItem.lua
275721,Rocketeer Leggings,questiedb-foreverBaseItem.lua
275722,Ukor's Lost Pack,questiedb-foreverBaseItem.lua
275723,Halikor's Hoof,questiedb-foreverBaseItem.lua
275724,Hexed Pendant,questiedb-foreverBaseItem.lua
275729,Rusty Propeller Blade,questiedb-foreverBaseItem.lua
275730,Arcane Censer,questiedb-foreverBaseItem.lua
275736,Horn of Ve'ho,questiedb-foreverBaseItem.lua
275737,Horned Pauldron,questiedb-foreverBaseItem.lua
275738,Jereman Band,questiedb-foreverBaseItem.lua
275739,Wild Wristguards,questiedb-foreverBaseItem.lua
275740,Ring of Nature's Cycles,questiedb-foreverBaseItem.lua
275741,Ketharas' Linked Belt,questiedb-foreverBaseItem.lua
275742,Demonbane Blade,questiedb-foreverBaseItem.lua
275824,Wardcleaver,questiedb-foreverBaseItem.lua
275827,Wool-Stitched Waistband,questiedb-foreverBaseItem.lua
275831,Highfeather Bangle,questiedb-foreverBaseItem.lua
275832,Crowfeather Tunic,questiedb-foreverBaseItem.lua
275833,Bristlecone Cloak,questiedb-foreverBaseItem.lua
275836,Acolyte Blade,questiedb-foreverBaseItem.lua
275837,Felflick's Fire Flicker,questiedb-foreverBaseItem.lua
275838,Dirtwalker Pendant,questiedb-foreverBaseItem.lua
275842,Fossilized Insect,questiedb-foreverBaseItem.lua
275843,Tuft of Hair,questiedb-foreverBaseItem.lua
275851,Necrotic Crystal Fragment,questiedb-foreverBaseItem.lua
275864,Putridus Wall,questiedb-foreverBaseItem.lua
275882,Intercepted Shipment,questiedb-foreverBaseItem.lua
275891,Dwarven Skull,questiedb-foreverBaseItem.lua
275892,Short Stout,questiedb-foreverBaseItem.lua
275893,Searing Gourd,questiedb-foreverBaseItem.lua
275894,Ghastly Cloth,questiedb-foreverBaseItem.lua
275895,Fading Echo,questiedb-foreverBaseItem.lua
275903,Hol'anyee's Big Book of Big Lizards,questiedb-foreverBaseItem.lua
275916,Glaive,questiedb-foreverBaseItem.lua
275927,Sun-Bleached Bone,questiedb-foreverBaseItem.lua
275929,Acid-Etched Blade,questiedb-foreverBaseItem.lua
275939,Arcane Fragment,questiedb-foreverBaseItem.lua
275940,Solidified Mana Shard,questiedb-foreverBaseItem.lua
275957,Tuft of Fox Fur,questiedb-foreverBaseItem.lua
275958,Abandoned Supplies,questiedb-foreverBaseItem.lua
275968,Ferocious Watcher's Signet,questiedb-foreverBaseItem.lua
275969,Brilliant Watcher's Signet,questiedb-foreverBaseItem.lua
275970,Vigilant Watcher's Signet,questiedb-foreverBaseItem.lua
275971,Stalwart Watcher's Signet,questiedb-foreverBaseItem.lua
275972,Ferocious Watcher's Signet,questiedb-foreverBaseItem.lua
275973,Brilliant Watcher's Signet,questiedb-foreverBaseItem.lua
275974,Vigilant Watcher's Signet,questiedb-foreverBaseItem.lua
275975,Stalwart Watcher's Signet,questiedb-foreverBaseItem.lua
275976,Ferocious Watcher's Signet,questiedb-foreverBaseItem.lua
275977,Brilliant Watcher's Signet,questiedb-foreverBaseItem.lua
275979,Vigilant Watcher's Signet,questiedb-foreverBaseItem.lua
275980,Stalwart Watcher's Signet,questiedb-foreverBaseItem.lua
275981,Ferocious Watcher's Signet,questiedb-foreverBaseItem.lua
275982,Brilliant Watcher's Signet,questiedb-foreverBaseItem.lua
275983,Vigilant Watcher's Signet,questiedb-foreverBaseItem.lua
275984,Stalwart Watcher's Signet,questiedb-foreverBaseItem.lua
275985,Unsullied Owl Statuette,questiedb-foreverBaseItem.lua
275989,Tome of Dalaran,questiedb-foreverBaseItem.lua
275991,Galvinquam's Drinking Gourd,questiedb-foreverBaseItem.lua
275993,White Kodo,questiedb-foreverBaseItem.lua
275994,Captain Nials' Correspondence,questiedb-foreverBaseItem.lua
275996,The Founding of Dalaran,questiedb-foreverBaseItem.lua
275997,Cracked Sentry Core,questiedb-foreverBaseItem.lua
275998,Galvinquam's Belongings,questiedb-foreverBaseItem.lua
276063,Black Skeletal Horse,questiedb-foreverBaseItem.lua
276064,War Paint Wrap,questiedb-foreverBaseItem.lua
276065,Fizzgrimble's Mysterious Crate,questiedb-foreverBaseItem.lua
276066,Frazzlespark's Crate,questiedb-foreverBaseItem.lua
276067,Lost Shipping Crate,questiedb-foreverBaseItem.lua
276068,Cask of Powderfuse Port,questiedb-foreverBaseItem.lua
276070,Chol'aruk's Head,questiedb-foreverBaseItem.lua
276087,Nail,questiedb-foreverBaseItem.lua
276088,Bracket,questiedb-foreverBaseItem.lua
276099,Sawyer Family Ledger,questiedb-foreverBaseItem.lua
276100,Felhound Spike,questiedb-foreverBaseItem.lua
276101,Zizplink's Grocery List,questiedb-foreverBaseItem.lua
276102,Bladewind,questiedb-foreverBaseItem.lua
276105,Scoutmaster's Eyepatch,questiedb-foreverBaseItem.lua
276145,Explosive Runeshard,questiedb-foreverBaseItem.lua
276158,Crystalized Shard,questiedb-foreverBaseItem.lua
276160,Mana Fragment,questiedb-foreverBaseItem.lua
276199,Haughty Fellow's Monocle,questiedb-foreverBaseItem.lua
276200,Crawler's Clackers,questiedb-foreverBaseItem.lua
276201,Misplaced Pantaloons,questiedb-foreverBaseItem.lua
276202,Disengagement Ring,questiedb-foreverBaseItem.lua
276203,Primitive Fishing Pole,questiedb-foreverBaseItem.lua
276204,Thrash's Trash,questiedb-foreverBaseItem.lua
276235,Seeping Slime Essence,questiedb-foreverBaseItem.lua
276236,Holstered Replica Ironforge Air Rifle,questiedb-foreverBaseItem.lua
276242,Replica Dartol's Rod of Transformation,questiedb-foreverBaseItem.lua
276271,"Monster - Staff, Skyborne (White)",questiedb-foreverBaseItem.lua
276272,Master Angler's Fishing Hat,questiedb-foreverBaseItem.lua
276273,Empty Fish Bucket,questiedb-foreverBaseItem.lua
276274,Surfer Shoes,questiedb-foreverBaseItem.lua
276275,Bitter Baitling,questiedb-foreverBaseItem.lua
276278,Handful of Coins,questiedb-foreverBaseItem.lua
276279,Small Bag of Coins,questiedb-foreverBaseItem.lua
276280,Hefty Sack of Coins,questiedb-foreverBaseItem.lua
276332,Abigail's Hope,questiedb-foreverBaseItem.lua
276333,Sawyer Family Seal,questiedb-foreverBaseItem.lua
276334,Hand-Hewn Buckler,questiedb-foreverBaseItem.lua
276335,Polished Doomguard Edge,questiedb-foreverBaseItem.lua
276336,Yashiro's Spirit Bead,questiedb-foreverBaseItem.lua
276337,Thaelemaches' Talisman,questiedb-foreverBaseItem.lua
276338,Claw of Shalla'kal,questiedb-foreverBaseItem.lua
276339,Cured Staghide Leggings,questiedb-foreverBaseItem.lua
276340,Blademaster Hakama,questiedb-foreverBaseItem.lua
276341,Plaguecrusher Greaves,questiedb-foreverBaseItem.lua
276399,Plate of the Scarlet Bastion,questiedb-foreverBaseItem.lua
276419,Lightcrest Hammer,questiedb-foreverBaseItem.lua
276423,Unstable Elemental Core,questiedb-foreverBaseItem.lua
276467,Jorin's List,questiedb-foreverBaseItem.lua
276468,Consecrated Holy Salts,questiedb-foreverBaseItem.lua
276469,"Monster - 2H Mace, Barrow Deeps - Dark",questiedb-foreverBaseItem.lua
276471,Level 23 Hunter Supplies,questiedb-foreverBaseItem.lua
276472,Level 38 Hunter Supplies,questiedb-foreverBaseItem.lua
276473,Level 57 Hunter Supplies,questiedb-foreverBaseItem.lua
276474,Level 60 Hunter Supplies,questiedb-foreverBaseItem.lua
276502,Darkspear Battle Tabard,questiedb-foreverBaseItem.lua
276504,Theramore Battle Tabard,questiedb-foreverBaseItem.lua
276538,Spiritcaller Kilt,questiedb-foreverBaseItem.lua
276539,Spiritcaller Gloves,questiedb-foreverBaseItem.lua
276540,Spiritcaller Mantle,questiedb-foreverBaseItem.lua
276541,Spiritcaller Boots,questiedb-foreverBaseItem.lua
276542,Pattern: Spiritcaller Kilt,questiedb-foreverBaseItem.lua
276543,Pattern: Spiritcaller Gloves,questiedb-foreverBaseItem.lua
276544,Pattern: Spiritcaller Mantle,questiedb-foreverBaseItem.lua
276545,Pattern: Spiritcaller Boots,questiedb-foreverBaseItem.lua
276561,Black Tome,questiedb-foreverBaseItem.lua
276614,Zayus's Exorcism Censer,questiedb-foreverBaseItem.lua
276631,Coldflame Saber,questiedb-foreverBaseItem.lua
276637,Currency Wallet,questiedb-foreverBaseItem.lua
276685,Militia Bow,questiedb-foreverBaseItem.lua
276686,Junior's Hunting Bow,questiedb-foreverBaseItem.lua
276694,Captain Sander's Lucky Shooter,questiedb-foreverBaseItem.lua
276695,Harvester's Pestslayer,questiedb-foreverBaseItem.lua
276719,DNT HEAD,questiedb-foreverBaseItem.lua
276720,Criminal's Pauldrons,questiedb-foreverBaseItem.lua
276721,DNT CHEST,questiedb-foreverBaseItem.lua
276722,Gnoll Shackles,questiedb-foreverBaseItem.lua
276723,Wise Gauntlets,questiedb-foreverBaseItem.lua
276724,Trophy Belt,questiedb-foreverBaseItem.lua
276725,DNT LEGS,questiedb-foreverBaseItem.lua
276727,Glistening Stompers,questiedb-foreverBaseItem.lua
276754,Sunderbark Vigil,questiedb-foreverBaseItem.lua
276765,Leafre's Ring of Precise Spell Power,questiedb-foreverBaseItem.lua
276782,Distant Communication Device,questiedb-foreverBaseItem.lua
276783,Spirit of Retribution,questiedb-foreverBaseItem.lua
276784,Charger's Lost Soul,questiedb-foreverBaseItem.lua
276785,Danitha's Satchel,questiedb-foreverBaseItem.lua
276886,Chol'aruk's Trophy Sword,questiedb-foreverBaseItem.lua
276887,Big Bad Basher,questiedb-foreverBaseItem.lua
276888,Quilboar Toothpick,questiedb-foreverBaseItem.lua
276889,Thornwoven Shield,questiedb-foreverBaseItem.lua
276890,Zarla's Journal,questiedb-foreverBaseItem.lua
276891,Spidersilk Pouch,questiedb-foreverBaseItem.lua
276892,Spidersilk Sack,questiedb-foreverBaseItem.lua
276893,Blackmaw Ritual Totem,questiedb-foreverBaseItem.lua
276894,Ancient Gurubashi Idol,questiedb-foreverBaseItem.lua
276895,Transformative Cocoon,questiedb-foreverBaseItem.lua
276896,Everlasting Silvermoon Shimmerwine,questiedb-foreverBaseItem.lua
276897,A Lesson in Destruction,questiedb-foreverBaseItem.lua
276898,Salve and Salvation,questiedb-foreverBaseItem.lua
276899,Knucklebound Thimble,questiedb-foreverBaseItem.lua
276900,Denric's Dog Tags,questiedb-foreverBaseItem.lua
276901,Uncle's Heroism,questiedb-foreverBaseItem.lua
276902,Youngster's First Bow,questiedb-foreverBaseItem.lua
276903,Shimmerwine Shanker,questiedb-foreverBaseItem.lua
276904,Shimmerwine Spirits,questiedb-foreverBaseItem.lua
276909,Corrupted Cat Figurine,questiedb-foreverBaseItem.lua
276916,The Coldbringer's Eye,questiedb-foreverBaseItem.lua
276928,Plans: Cloudy Skyforged Chainmail,questiedb-foreverBaseItem.lua
276929,Plans: Cloudy Skyforged Wristguards,questiedb-foreverBaseItem.lua
276930,Plans: Cloudy Skyforged Gauntlets,questiedb-foreverBaseItem.lua
276931,Plans: Cloudy Skyforged Chain,questiedb-foreverBaseItem.lua
276932,Plans: Cloudy Skyforged Legguards,questiedb-foreverBaseItem.lua
276933,Plans: Cloudy Skyforged Greaves,questiedb-foreverBaseItem.lua
276934,Pattern: Cloudy Gustwoven Harness,questiedb-foreverBaseItem.lua
276935,Pattern: Cloudy Gustwoven Bracers,questiedb-foreverBaseItem.lua
276936,Pattern: Cloudy Gustwoven Gloves,questiedb-foreverBaseItem.lua
276937,Pattern: Cloudy Gustwoven Belt,questiedb-foreverBaseItem.lua
276938,Pattern: Cloudy Gustwoven Trousers,questiedb-foreverBaseItem.lua
276939,Pattern: Cloudy Gustwoven Boots,questiedb-foreverBaseItem.lua
276940,Pattern: Cloudy Windraveled Jerkin,questiedb-foreverBaseItem.lua
276941,Pattern: Cloudy Windraveled Armguards,questiedb-foreverBaseItem.lua
276942,Pattern: Cloudy Windraveled Mitts,questiedb-foreverBaseItem.lua
276943,Pattern: Cloudy Windraveled Strap,questiedb-foreverBaseItem.lua
276944,Pattern: Cloudy Windraveled Pants,questiedb-foreverBaseItem.lua
276945,Pattern: Cloudy Windraveled Footwraps,questiedb-foreverBaseItem.lua
276946,Pattern: Cloudy Stormsewn Vest,questiedb-foreverBaseItem.lua
276947,Pattern: Cloudy Stormsewn Cuffs,questiedb-foreverBaseItem.lua
276948,Pattern: Cloudy Stormsewn Handwraps,questiedb-foreverBaseItem.lua
276949,Pattern: Cloudy Stormsewn Cord,questiedb-foreverBaseItem.lua
276950,Pattern: Cloudy Stormsewn Leggings,questiedb-foreverBaseItem.lua
276951,Pattern: Cloudy Stormsewn Shoes,questiedb-foreverBaseItem.lua
276952,Plans: Azure Skyforged Chainmail,questiedb-foreverBaseItem.lua
276953,Plans: Azure Skyforged Wristguards,questiedb-foreverBaseItem.lua
276954,Plans: Azure Skyforged Gauntlets,questiedb-foreverBaseItem.lua
276955,Plans: Azure Skyforged Chain,questiedb-foreverBaseItem.lua
276956,Plans: Azure Skyforged Legguards,questiedb-foreverBaseItem.lua
276957,Plans: Azure Skyforged Greaves,questiedb-foreverBaseItem.lua
276958,Pattern: Azure Gustwoven Harness,questiedb-foreverBaseItem.lua
276959,Pattern: Azure Gustwoven Bracers,questiedb-foreverBaseItem.lua
276960,Pattern: Azure Gustwoven Gloves,questiedb-foreverBaseItem.lua
276961,Pattern: Azure Gustwoven Belt,questiedb-foreverBaseItem.lua
276962,Pattern: Azure Gustwoven Trousers,questiedb-foreverBaseItem.lua
276963,Pattern: Azure Gustwoven Boots,questiedb-foreverBaseItem.lua
276964,Pattern: Azure Windraveled Jerkin,questiedb-foreverBaseItem.lua
276965,Pattern: Azure Windraveled Armguards,questiedb-foreverBaseItem.lua
276966,Pattern: Azure Windraveled Mitts,questiedb-foreverBaseItem.lua
276967,Pattern: Azure Windraveled Strap,questiedb-foreverBaseItem.lua
276968,Pattern: Azure Windraveled Pants,questiedb-foreverBaseItem.lua
276969,Pattern: Azure Windraveled Footwraps,questiedb-foreverBaseItem.lua
276970,Pattern: Azure Stormsewn Vest,questiedb-foreverBaseItem.lua
276971,Pattern: Azure Stormsewn Cuffs,questiedb-foreverBaseItem.lua
276972,Pattern: Azure Stormsewn Handwraps,questiedb-foreverBaseItem.lua
276973,Pattern: Azure Stormsewn Cord,questiedb-foreverBaseItem.lua
276974,Pattern: Azure Stormsewn Leggings,questiedb-foreverBaseItem.lua
276975,Pattern: Azure Stormsewn Shoes,questiedb-foreverBaseItem.lua
276976,Plans: Cloudy Skyforged Helm,questiedb-foreverBaseItem.lua
276977,Plans: Cloudy Skyforged Pauldrons,questiedb-foreverBaseItem.lua
276978,Pattern: Cloudy Gustwoven Hood,questiedb-foreverBaseItem.lua
276979,Pattern: Cloudy Gustwoven Spaulders,questiedb-foreverBaseItem.lua
276980,Pattern: Cloudy Windraveled Cover,questiedb-foreverBaseItem.lua
276981,Pattern: Cloudy Windraveled Drapes,questiedb-foreverBaseItem.lua
276982,Pattern: Cloudy Stormsewn Cowl,questiedb-foreverBaseItem.lua
276983,Pattern: Cloudy Stormsewn Epaulets,questiedb-foreverBaseItem.lua
276984,Plans: Azure Skyforged Helm,questiedb-foreverBaseItem.lua
276985,Plans: Azure Skyforged Pauldrons,questiedb-foreverBaseItem.lua
276986,Pattern: Azure Gustwoven Hood,questiedb-foreverBaseItem.lua
276987,Pattern: Azure Gustwoven Spaulders,questiedb-foreverBaseItem.lua
276988,Pattern: Azure Windraveled Cover,questiedb-foreverBaseItem.lua
276989,Pattern: Azure Windraveled Drapes,questiedb-foreverBaseItem.lua
276990,Pattern: Azure Stormsewn Cowl,questiedb-foreverBaseItem.lua
276991,Pattern: Azure Stormsewn Epaulets,questiedb-foreverBaseItem.lua
276992,Cloudy Skyforged Chainmail,questiedb-foreverBaseItem.lua
276993,Cloudy Skyforged Wristguards,questiedb-foreverBaseItem.lua
276994,Cloudy Skyforged Gauntlets,questiedb-foreverBaseItem.lua
276995,Cloudy Skyforged Chain,questiedb-foreverBaseItem.lua
276996,Cloudy Skyforged Legguards,questiedb-foreverBaseItem.lua
276997,Cloudy Skyforged Greaves,questiedb-foreverBaseItem.lua
276998,Cloudy Gustwoven Harness,questiedb-foreverBaseItem.lua
276999,Cloudy Gustwoven Bracers,questiedb-foreverBaseItem.lua
277000,Cloudy Gustwoven Gloves,questiedb-foreverBaseItem.lua
277001,Cloudy Gustwoven Belt,questiedb-foreverBaseItem.lua
277002,Cloudy Gustwoven Trousers,questiedb-foreverBaseItem.lua
277003,Cloudy Gustwoven Boots,questiedb-foreverBaseItem.lua
277004,Cloudy Windraveled Jerkin,questiedb-foreverBaseItem.lua
277005,Cloudy Windraveled Armguards,questiedb-foreverBaseItem.lua
277006,Cloudy Windraveled Mitts,questiedb-foreverBaseItem.lua
277007,Cloudy Windraveled Strap,questiedb-foreverBaseItem.lua
277008,Cloudy Windraveled Pants,questiedb-foreverBaseItem.lua
277009,Cloudy Windraveled Footwraps,questiedb-foreverBaseItem.lua
277010,Cloudy Stormsewn Vest,questiedb-foreverBaseItem.lua
277011,Cloudy Stormsewn Cuffs,questiedb-foreverBaseItem.lua
277012,Cloudy Stormsewn Handwraps,questiedb-foreverBaseItem.lua
277013,Cloudy Stormsewn Cord,questiedb-foreverBaseItem.lua
277014,Cloudy Stormsewn Leggings,questiedb-foreverBaseItem.lua
277015,Cloudy Stormsewn Shoes,questiedb-foreverBaseItem.lua
277016,Azure Skyforged Chainmail,questiedb-foreverBaseItem.lua
277017,Azure Skyforged Wristguards,questiedb-foreverBaseItem.lua
277018,Azure Skyforged Gauntlets,questiedb-foreverBaseItem.lua
277019,Azure Skyforged Chain,questiedb-foreverBaseItem.lua
277020,Azure Skyforged Legguards,questiedb-foreverBaseItem.lua
277021,Azure Skyforged Greaves,questiedb-foreverBaseItem.lua
277022,Azure Gustwoven Harness,questiedb-foreverBaseItem.lua
277023,Azure Gustwoven Bracers,questiedb-foreverBaseItem.lua
277024,Azure Gustwoven Gloves,questiedb-foreverBaseItem.lua
277025,Azure Gustwoven Belt,questiedb-foreverBaseItem.lua
277026,Azure Gustwoven Trousers,questiedb-foreverBaseItem.lua
277027,Azure Gustwoven Boots,questiedb-foreverBaseItem.lua
277028,Azure Windraveled Jerkin,questiedb-foreverBaseItem.lua
277029,Azure Windraveled Armguards,questiedb-foreverBaseItem.lua
277030,Azure Windraveled Mitts,questiedb-foreverBaseItem.lua
277031,Azure Windraveled Strap,questiedb-foreverBaseItem.lua
277032,Azure Windraveled Pants,questiedb-foreverBaseItem.lua
277033,Azure Windraveled Footwraps,questiedb-foreverBaseItem.lua
277034,Azure Stormsewn Vest,questiedb-foreverBaseItem.lua
277035,Azure Stormsewn Cuffs,questiedb-foreverBaseItem.lua
277036,Azure Stormsewn Handwraps,questiedb-foreverBaseItem.lua
277037,Azure Stormsewn Cord,questiedb-foreverBaseItem.lua
277038,Azure Stormsewn Leggings,questiedb-foreverBaseItem.lua
277039,Azure Stormsewn Shoes,questiedb-foreverBaseItem.lua
277040,Cloudy Skyforged Helm,questiedb-foreverBaseItem.lua
277041,Cloudy Skyforged Pauldrons,questiedb-foreverBaseItem.lua
277042,Cloudy Gustwoven Hood,questiedb-foreverBaseItem.lua
277043,Cloudy Gustwoven Spaulders,questiedb-foreverBaseItem.lua
277044,Cloudy Windraveled Cover,questiedb-foreverBaseItem.lua
277045,Cloudy Windraveled Drapes,questiedb-foreverBaseItem.lua
277046,Cloudy Stormsewn Cowl,questiedb-foreverBaseItem.lua
277047,Cloudy Stormsewn Epaulets,questiedb-foreverBaseItem.lua
277048,Azure Skyforged Helm,questiedb-foreverBaseItem.lua
277049,Azure Skyforged Pauldrons,questiedb-foreverBaseItem.lua
277050,Azure Gustwoven Hood,questiedb-foreverBaseItem.lua
277051,Azure Gustwoven Spaulders,questiedb-foreverBaseItem.lua
277052,Azure Windraveled Cover,questiedb-foreverBaseItem.lua
277053,Azure Windraveled Drapes,questiedb-foreverBaseItem.lua
277054,Azure Stormsewn Cowl,questiedb-foreverBaseItem.lua
277055,Azure Stormsewn Epaulets,questiedb-foreverBaseItem.lua
277056,Al'aketh Chainmail,questiedb-foreverBaseItem.lua
277057,Al'aketh Wristguards,questiedb-foreverBaseItem.lua
277058,Al'aketh Gauntlets,questiedb-foreverBaseItem.lua
277059,Al'aketh Chain,questiedb-foreverBaseItem.lua
277060,Al'aketh Legguards,questiedb-foreverBaseItem.lua
277061,Al'aketh Greaves,questiedb-foreverBaseItem.lua
277062,Al'aketh Harness,questiedb-foreverBaseItem.lua
277063,Al'aketh Bracers,questiedb-foreverBaseItem.lua
277064,Al'aketh Gloves,questiedb-foreverBaseItem.lua
277065,Al'aketh Belt,questiedb-foreverBaseItem.lua
277066,Al'aketh Trousers,questiedb-foreverBaseItem.lua
277067,Al'aketh Boots,questiedb-foreverBaseItem.lua
277068,Al'aketh Jerkin,questiedb-foreverBaseItem.lua
277069,Al'aketh Armguards,questiedb-foreverBaseItem.lua
277070,Al'aketh Mitts,questiedb-foreverBaseItem.lua
277071,Al'aketh Strap,questiedb-foreverBaseItem.lua
277072,Al'aketh Pants,questiedb-foreverBaseItem.lua
277073,Al'aketh Footwraps,questiedb-foreverBaseItem.lua
277074,Al'aketh Vestments,questiedb-foreverBaseItem.lua
277075,Al'aketh Cuffs,questiedb-foreverBaseItem.lua
277076,Al'aketh Handwraps,questiedb-foreverBaseItem.lua
277077,Al'aketh Cord,questiedb-foreverBaseItem.lua
277078,Al'aketh Leggings,questiedb-foreverBaseItem.lua
277079,Al'aketh Shoes,questiedb-foreverBaseItem.lua
277080,Zephrali Chainmail,questiedb-foreverBaseItem.lua
277081,Zephrali Wristguards,questiedb-foreverBaseItem.lua
277082,Zephrali Gauntlets,questiedb-foreverBaseItem.lua
277083,Zephrali Chain,questiedb-foreverBaseItem.lua
277084,Zephrali Legguards,questiedb-foreverBaseItem.lua
277085,Zephrali Greaves,questiedb-foreverBaseItem.lua
277086,Zephrali Harness,questiedb-foreverBaseItem.lua
277087,Zephrali Bracers,questiedb-foreverBaseItem.lua
277088,Zephrali Gloves,questiedb-foreverBaseItem.lua
277089,Zephrali Belt,questiedb-foreverBaseItem.lua
277090,Zephrali Trousers,questiedb-foreverBaseItem.lua
277091,Zephrali Boots,questiedb-foreverBaseItem.lua
277092,Zephrali Jerkin,questiedb-foreverBaseItem.lua
277093,Zephrali Armguards,questiedb-foreverBaseItem.lua
277094,Zephrali Mitts,questiedb-foreverBaseItem.lua
277095,Zephrali Strap,questiedb-foreverBaseItem.lua
277096,Zephrali Pants,questiedb-foreverBaseItem.lua
277097,Zephrali Footwraps,questiedb-foreverBaseItem.lua
277098,Zephrali Vest,questiedb-foreverBaseItem.lua
277099,Zephrali Cuffs,questiedb-foreverBaseItem.lua
277100,Zephrali Handwraps,questiedb-foreverBaseItem.lua
277101,Zephrali Cord,questiedb-foreverBaseItem.lua
277102,Zephrali Leggings,questiedb-foreverBaseItem.lua
277103,Zephrali Shoes,questiedb-foreverBaseItem.lua
277104,Zephrali Greatsword,questiedb-foreverBaseItem.lua
277105,Zephrali Blade,questiedb-foreverBaseItem.lua
277106,Zephrali Smasher,questiedb-foreverBaseItem.lua
277107,Zephrali Bludgeon,questiedb-foreverBaseItem.lua
277108,Zephrali Knife,questiedb-foreverBaseItem.lua
277109,Zephrali Greatstaff,questiedb-foreverBaseItem.lua
277110,Zephrali Bow,questiedb-foreverBaseItem.lua
277111,Zephrali Crossbow,questiedb-foreverBaseItem.lua
277112,Zum'rah's Head,questiedb-foreverBaseItem.lua
277113,Apprentice's Herb Pouch,questiedb-foreverBaseItem.lua
277114,Apprentice's Skinning Satchel,questiedb-foreverBaseItem.lua
277115,Apprentice's Mining Pack,questiedb-foreverBaseItem.lua
277117,Savage Gladiator Shoulders,questiedb-foreverBaseItem.lua
277119,Gatehouse Shipment,questiedb-foreverBaseItem.lua
277128,Bloodtalon Martriarch Eggs,questiedb-foreverBaseItem.lua
277129,Fragment of the Firelands,questiedb-foreverBaseItem.lua
277132,Harvester Override Signalcaster,questiedb-foreverBaseItem.lua
277135,Forgotten Loa Idol,questiedb-foreverBaseItem.lua
277136,Brooch of the Wardens,questiedb-foreverBaseItem.lua
277140,An'she's Radiance,questiedb-foreverBaseItem.lua
277153,Intricate Filigree,questiedb-foreverBaseItem.lua
277154,Corrupted Gemstone,questiedb-foreverBaseItem.lua
277158,Wrapped Reading Material,questiedb-foreverBaseItem.lua
277172,Corrupted Chillhowl Shard,questiedb-foreverBaseItem.lua
277174,Corrupted Dreadspinner Shard,questiedb-foreverBaseItem.lua
277175,Corrupted Tangleclaw Shard,questiedb-foreverBaseItem.lua
277178,Corrupted Sorrowful Shard,questiedb-foreverBaseItem.lua
277179,Corrupted Amethrax Shard,questiedb-foreverBaseItem.lua
277190,Fang of Githyiss,questiedb-foreverBaseItem.lua
277194,Trollbane Conquests,questiedb-foreverBaseItem.lua
277195,The Forsaken Ally,questiedb-foreverBaseItem.lua
277196,Field Accounts of Horde Razings,questiedb-foreverBaseItem.lua
277197,Cycles of Morality,questiedb-foreverBaseItem.lua
277198,Gatehouse Shipment,questiedb-foreverBaseItem.lua
277199,Pouch of Smoldering Incense,questiedb-foreverBaseItem.lua
277200,Scorched Leather Pouch,questiedb-foreverBaseItem.lua
277202,Artifact Seeker's Pendant,questiedb-foreverBaseItem.lua
277203,Scholarly Pendant,questiedb-foreverBaseItem.lua
277204,Erudite's Amulet,questiedb-foreverBaseItem.lua
277205,Cloak of the Divine Storm,questiedb-foreverBaseItem.lua
277206,Brilliant Cloak,questiedb-foreverBaseItem.lua
277207,Well-Weathered Cloak,questiedb-foreverBaseItem.lua
277208,Determined Band,questiedb-foreverBaseItem.lua
277209,Ponderous Loop,questiedb-foreverBaseItem.lua
277210,Pyrewood Signet Ring,questiedb-foreverBaseItem.lua
277211,Dudd's Thinkin' Cap,questiedb-foreverBaseItem.lua
277212,Soulwoven Epaulets,questiedb-foreverBaseItem.lua
277213,Dro'zem's Tunic,questiedb-foreverBaseItem.lua
277214,Crusty Cuffs,questiedb-foreverBaseItem.lua
277215,Nimble Gloves,questiedb-foreverBaseItem.lua
277216,Cross-Stitched Cord,questiedb-foreverBaseItem.lua
277217,Patchy Pants,questiedb-foreverBaseItem.lua
277218,Incinerator's Boots,questiedb-foreverBaseItem.lua
277219,Solomon's Comfortable Hat,questiedb-foreverBaseItem.lua
277220,Shabby Spaulders,questiedb-foreverBaseItem.lua
277221,Grimtotem Naturalist's Tunic,questiedb-foreverBaseItem.lua
277222,Feathered Cuffs,questiedb-foreverBaseItem.lua
277223,Traveled Gloves,questiedb-foreverBaseItem.lua
277224,Kurzen Headshrinker's Cinch,questiedb-foreverBaseItem.lua
277225,Feathered Leggings,questiedb-foreverBaseItem.lua
277226,Disjointed Shoes,questiedb-foreverBaseItem.lua
277227,Magistrate's Chain Hood,questiedb-foreverBaseItem.lua
277228,Snakescale Pauldrons,questiedb-foreverBaseItem.lua
277229,Enduring Chain Vest,questiedb-foreverBaseItem.lua
277230,Grayscale Bracers,questiedb-foreverBaseItem.lua
277231,Conductive Gauntlets,questiedb-foreverBaseItem.lua
277232,Jailer's Discarded Chain,questiedb-foreverBaseItem.lua
277233,Clinking Mail Legguards,questiedb-foreverBaseItem.lua
277234,Alacritous Treads,questiedb-foreverBaseItem.lua
277235,Soldier's Visor,questiedb-foreverBaseItem.lua
277236,Pauldrons of Vindication,questiedb-foreverBaseItem.lua
277237,Inspiring Chestplate,questiedb-foreverBaseItem.lua
277238,Shimmering Bracers,questiedb-foreverBaseItem.lua
277239,Bejeweled Punchers,questiedb-foreverBaseItem.lua
277240,Gilded Plate Belt,questiedb-foreverBaseItem.lua
277241,Double-Plated Legplates,questiedb-foreverBaseItem.lua
277242,Silverrune Greaves,questiedb-foreverBaseItem.lua
277243,Silverbane Slicer,questiedb-foreverBaseItem.lua
277244,Guardian's Maulers,questiedb-foreverBaseItem.lua
277245,Swampspine Crusher,questiedb-foreverBaseItem.lua
277246,Ruby-Adorned Blade,questiedb-foreverBaseItem.lua
277247,Mug of Muddled Memories,questiedb-foreverBaseItem.lua
277248,Notched Ritual Rib,questiedb-foreverBaseItem.lua
277250,The Skullcracker,questiedb-foreverBaseItem.lua
277253,Staff of Brutal Cunning,questiedb-foreverBaseItem.lua
277254,Truthseeker's Bow,questiedb-foreverBaseItem.lua
277255,Misplaced Shooter,questiedb-foreverBaseItem.lua
277256,Dudd's Second-Favorite Wand,questiedb-foreverBaseItem.lua
277257,Raven Hill Crest,questiedb-foreverBaseItem.lua
277258,Crest of Elucidation,questiedb-foreverBaseItem.lua
277259,Fermented Restoration Potion,questiedb-foreverBaseItem.lua
277260,Researcher's Night Light,questiedb-foreverBaseItem.lua
277267,Faladiel's Heart,questiedb-foreverBaseItem.lua
277269,Kuramaa's Mask,questiedb-foreverBaseItem.lua
277277,Olgra's Adornments,questiedb-foreverBaseItem.lua
277278,Handful of Cattails,questiedb-foreverBaseItem.lua
277279,Speargrass Cuttings,questiedb-foreverBaseItem.lua
277284,Migi's Lunch,questiedb-foreverBaseItem.lua
277286,Encroacher's Claim,questiedb-foreverBaseItem.lua
277288,Pathfinder's Clearway,questiedb-foreverBaseItem.lua
277289,Traveler's Shawl,questiedb-foreverBaseItem.lua
277329,Torch of Eternal Flame,questiedb-foreverBaseItem.lua
277331,Handful of Complicated Parts,questiedb-foreverBaseItem.lua
277332,Scuffed Shipping Crate,questiedb-foreverBaseItem.lua
277470,Schematic: Harvester Override Signalcaster,questiedb-foreverBaseItem.lua
277483,Scroll of Frog Familiar,questiedb-foreverBaseItem.lua
277484,Scroll of Confuse Beast,questiedb-foreverBaseItem.lua
277485,Scroll of Imbue Frost,questiedb-foreverBaseItem.lua
277486,Scroll of Imbue Striking,questiedb-foreverBaseItem.lua
277487,Scroll of Imbue Baleflame,questiedb-foreverBaseItem.lua
277488,Scroll of Imbue Iceknife,questiedb-foreverBaseItem.lua
277489,Scroll of Imbue Spark,questiedb-foreverBaseItem.lua
277490,Scroll of the Saber,questiedb-foreverBaseItem.lua
277491,Scroll of Rebuke Elemental,questiedb-foreverBaseItem.lua
277492,Scroll of Khadgar's Unlocking,questiedb-foreverBaseItem.lua
277493,Scroll of Cat Familiar,questiedb-foreverBaseItem.lua
277494,Scroll of Imbue Accuracy,questiedb-foreverBaseItem.lua
277495,Scroll of Imbue Quickening,questiedb-foreverBaseItem.lua
277496,Scroll of Imbue Balefrost,questiedb-foreverBaseItem.lua
277497,Scroll of Imbue Flame,questiedb-foreverBaseItem.lua
277498,Scroll of Imbue Manablade,questiedb-foreverBaseItem.lua
277499,Scroll of Greater Cryoblast,questiedb-foreverBaseItem.lua
277500,Scroll of Imbue Greater Flame,questiedb-foreverBaseItem.lua
277501,Scroll of Imbue Greater Frost,questiedb-foreverBaseItem.lua
277502,Scroll of Imbue Precision,questiedb-foreverBaseItem.lua
277503,Scroll of Imbue Spellbreak,questiedb-foreverBaseItem.lua
277504,Scroll of Wit,questiedb-foreverBaseItem.lua
277505,Misplaced Package,questiedb-foreverBaseItem.lua
277507,Dalaran Sewer Key,questiedb-foreverBaseItem.lua
277508,Prairie Wolf Pup Carrier,questiedb-foreverBaseItem.lua
277514,Aka'rai's Tattered Vestments,questiedb-foreverBaseItem.lua
277515,Dagger of Deals,questiedb-foreverBaseItem.lua
277518,Last Week's Ration,questiedb-foreverBaseItem.lua
277519,Nelanna's Enchanted Jewel,questiedb-foreverBaseItem.lua
277533,Fel Tained Journal,questiedb-foreverBaseItem.lua
277534,Arena Spoils,questiedb-foreverBaseItem.lua
277555,"Monster - Shield, Skyborne (Gray)",questiedb-foreverBaseItem.lua
277566,Yelmak's Potion,questiedb-foreverBaseItem.lua
277648,Stormwind Library Card,questiedb-foreverBaseItem.lua
277649,Undercity Library Card,questiedb-foreverBaseItem.lua
277651,Bundle of Scrolls,questiedb-foreverBaseItem.lua
277653,Abandoned Training Weapon,questiedb-foreverBaseItem.lua
277661,Dull Storm Orb,questiedb-foreverBaseItem.lua
277665,Charged Thunder Lizard Organ,questiedb-foreverBaseItem.lua
277672,Rough Copper Chain Boots,questiedb-foreverBaseItem.lua
277673,Plans: Rough Copper Chain Boots,questiedb-foreverBaseItem.lua
277714,Spectral Bear Cub,questiedb-foreverBaseItem.lua
277715,Light Leather Reagent Bag,questiedb-foreverBaseItem.lua
277716,Pattern: Light Leather Reagent Bag,questiedb-foreverBaseItem.lua
277717,Spectral Bear Tabard,questiedb-foreverBaseItem.lua
277718,Reins of the Spectral Bear,questiedb-foreverBaseItem.lua
277844,Mirage Mirror,questiedb-foreverBaseItem.lua
277845,A Reasonably Large Bag,questiedb-foreverBaseItem.lua
277910,Mysticbloom Seed,questiedb-foreverBaseItem.lua
277915,Stonetalon Supply Satchel,questiedb-foreverBaseItem.lua
277917,Stonetalon Supply Bundle,questiedb-foreverBaseItem.lua
277936,Glittering Sunstone,questiedb-foreverBaseItem.lua
277950,Wastewanderer Rations,questiedb-foreverBaseItem.lua
277952,Smooth Boulder,questiedb-foreverBaseItem.lua
277953,Stolen Shipment,questiedb-foreverBaseItem.lua
277957,Primitive Key,questiedb-foreverBaseItem.lua
277958,Putrescent Bear Organs,questiedb-foreverBaseItem.lua
277959,Putrescent Wolf Organs,questiedb-foreverBaseItem.lua
277960,Lavender Kodo,questiedb-foreverBaseItem.lua
277972,Mirrorscale's Wing,questiedb-foreverBaseItem.lua
277973,Stag Lord's Bauble,questiedb-foreverBaseItem.lua
277974,Twice Reordered Package,questiedb-foreverBaseItem.lua
277976,Gozwin's Mechanic's Log,questiedb-foreverBaseItem.lua
277977,Canvas Latchbag,questiedb-foreverBaseItem.lua
277979,Mauler's Mutton,questiedb-foreverBaseItem.lua
277980,Ogre Bone,questiedb-foreverBaseItem.lua
277981,Souvenir Ogre Tooth,questiedb-foreverBaseItem.lua
277986,Drum of Crude Oil,questiedb-foreverBaseItem.lua
277988,Hoof-Holstered Blade,questiedb-foreverBaseItem.lua
278002,Valley Cosh,questiedb-foreverBaseItem.lua
278017,Refunded Ring,questiedb-foreverBaseItem.lua
278018,Renegotiated Ring,questiedb-foreverBaseItem.lua
278019,Apology Ring,questiedb-foreverBaseItem.lua
278029,Dark Purple Berries,questiedb-foreverBaseItem.lua
278030,Scarlet Banner,questiedb-foreverBaseItem.lua
278049,Excavation Tools,questiedb-foreverBaseItem.lua
278051,Monogrammed Silver Hair Clip,questiedb-foreverBaseItem.lua
278066,Level 60 Tradeskill Supplies,questiedb-foreverBaseItem.lua
278069,Potion of Tradeskill Testing - Level 60,questiedb-foreverBaseItem.lua
278078,Prepared Incense,questiedb-foreverBaseItem.lua
278079,Bundle of Herbs,questiedb-foreverBaseItem.lua
278080,Bundle of Dried Cedar Twigs,questiedb-foreverBaseItem.lua
278081,Sinew Thread,questiedb-foreverBaseItem.lua
278083,Ceremonial Flint and Tinder,questiedb-foreverBaseItem.lua
278091,Hailspite Frostmoss,questiedb-foreverBaseItem.lua
278097,Kuroma's Head,questiedb-foreverBaseItem.lua
278098,Kamuro's Head,questiedb-foreverBaseItem.lua
278117,Hard Boiled Eggs,questiedb-foreverBaseItem.lua
278118,Rich Broth,questiedb-foreverBaseItem.lua
278119,Bread with Butter,questiedb-foreverBaseItem.lua
278120,Fruit Platter,questiedb-foreverBaseItem.lua
278121,Smoked Sausage,questiedb-foreverBaseItem.lua
278122,Carrot Salad,questiedb-foreverBaseItem.lua
278157,Premier Grand Marshal's Tome of Restoration,questiedb-foreverBaseItem.lua
278158,Premier Grand Marshal's Tome of Power,questiedb-foreverBaseItem.lua
278159,Lean Worg Flank,questiedb-foreverBaseItem.lua
278160,Twitching Spider Carcass,questiedb-foreverBaseItem.lua
278161,Dark Iron Delight,questiedb-foreverBaseItem.lua
278162,Pouch of Chipped Hearthstones,questiedb-foreverBaseItem.lua
278186,Brilliantly Polished Bangle,questiedb-foreverBaseItem.lua
278191,Desert Debris,questiedb-foreverBaseItem.lua
278194,Crate of Radioactive Refuse,questiedb-foreverBaseItem.lua
278201,Mirkweed Pods,questiedb-foreverBaseItem.lua
278225,Surgical Spidersilk,questiedb-foreverBaseItem.lua
278242,Duskbat Wing Membrane,questiedb-foreverBaseItem.lua
278243,Darkhound Hide,questiedb-foreverBaseItem.lua
278244,Vile Fin Murloc Skin,questiedb-foreverBaseItem.lua
278265,Nutritious Slime Sludge,questiedb-foreverBaseItem.lua
278398,Excavation Tools,questiedb-foreverBaseItem.lua
278402,Unstudied Artifact,questiedb-foreverBaseItem.lua
278403,Explorers' League Mining Helmet,questiedb-foreverBaseItem.lua
278404,Pristine Mattock,questiedb-foreverBaseItem.lua
278423,Monster - Mining Pick,questiedb-foreverBaseItem.lua
278462,Packaged Tonics,questiedb-foreverBaseItem.lua
278468,Premier Grand Marshal's Barricade,questiedb-foreverBaseItem.lua
278469,Premier High Warlord's Barricade,questiedb-foreverBaseItem.lua
278515,Mus'hale's Stolen Supplies,questiedb-foreverBaseItem.lua
278543,Pouch of Tomb Dust,questiedb-foreverBaseItem.lua
278567,Stromgarde Hood,questiedb-foreverBaseItem.lua
278569,Yesterday's Leftovers,questiedb-foreverBaseItem.lua
278744,Mirage Mirror,questiedb-foreverBaseItem.lua
278796,Condensed Elemental Fragment,questiedb-foreverBaseItem.lua
278797,Crystallized Elemental Shard,questiedb-foreverBaseItem.lua
278836,Head of Rend Blackhand,questiedb-foreverBaseItem.lua
278868,Tremayne Family Blacksmithing Techniques,questiedb-foreverBaseItem.lua
279020,Unstable Potion,questiedb-foreverBaseItem.lua
279023,Inert Potion,questiedb-foreverBaseItem.lua
279024,Corrupted Chestguard of the Warden,questiedb-foreverBaseItem.lua
279025,Corrupted Chestguard of the Sentinel,questiedb-foreverBaseItem.lua
279026,Corrupted Chestguard of the Harbinger,questiedb-foreverBaseItem.lua
279028,Corrupted Pauldrons of the Warden,questiedb-foreverBaseItem.lua
279029,Corrupted Pauldrons of the Sentinel,questiedb-foreverBaseItem.lua
279030,Corrupted Pauldrons of the Harbinger,questiedb-foreverBaseItem.lua
279031,Corrupted Helm of the Warden,questiedb-foreverBaseItem.lua
279032,Corrupted Helm of the Sentinel,questiedb-foreverBaseItem.lua
279033,Corrupted Helm of the Harbinger,questiedb-foreverBaseItem.lua
279034,Corrupted Gloves of the Warden,questiedb-foreverBaseItem.lua
279035,Corrupted Gloves of the Sentinel,questiedb-foreverBaseItem.lua
279036,Corrupted Gloves of the Harbinger,questiedb-foreverBaseItem.lua
279037,Corrupted Leggings of the Warden,questiedb-foreverBaseItem.lua
279038,Corrupted Leggings of the Sentinel,questiedb-foreverBaseItem.lua
279039,Corrupted Leggings of the Harbinger,questiedb-foreverBaseItem.lua
279040,Corrupted Boots of the Warden,questiedb-foreverBaseItem.lua
279041,Corrupted Boots of the Sentinel,questiedb-foreverBaseItem.lua
279042,Corrupted Boots of the Harbinger,questiedb-foreverBaseItem.lua
279045,Thundris' Letter,questiedb-foreverBaseItem.lua
279046,Cracked Crab Pincer,questiedb-foreverBaseItem.lua
279048,Alexston's Reply,questiedb-foreverBaseItem.lua
279082,Gnarlpine Totem,questiedb-foreverBaseItem.lua
279171,Diplomatic Satchel,questiedb-foreverBaseItem.lua
279173,Veteran Adventurer's Chestpiece,questiedb-foreverBaseItem.lua
279174,Veteran Adventurer's Belt,questiedb-foreverBaseItem.lua
279175,Veteran Adventurer's Legguards,questiedb-foreverBaseItem.lua
279176,Veteran Adventurer's Boots,questiedb-foreverBaseItem.lua
279177,Veteran Adventurer's Bracer,questiedb-foreverBaseItem.lua
279178,Veteran Adventurer's Gloves,questiedb-foreverBaseItem.lua
279179,Veteran Adventurer's Cloak,questiedb-foreverBaseItem.lua
279180,Veteran Adventurer's Hood,questiedb-foreverBaseItem.lua
279181,Veteran Adventurer's Shoulderpads,questiedb-foreverBaseItem.lua
279182,Ensemble: Veteran Adventurer's Outdoor Wear,questiedb-foreverBaseItem.lua
279186,Stormheart's Still-beating Heart,questiedb-foreverBaseItem.lua
279215,"Monster - Bow, Skyborne",questiedb-foreverBaseItem.lua
279225,Vilebranch Totem,questiedb-foreverBaseItem.lua
279229,Lost Gryphon Egg,questiedb-foreverBaseItem.lua
279246,Torch of Light,questiedb-foreverBaseItem.lua
279247,Steadfast Libram,questiedb-foreverBaseItem.lua
279248,Libram of Infusion,questiedb-foreverBaseItem.lua
279249,Totem of Urgency,questiedb-foreverBaseItem.lua
279250,Idol of Swiftness,questiedb-foreverBaseItem.lua
279251,Idol of the Ursine Twins,questiedb-foreverBaseItem.lua
279252,Elderwild Waistcord,questiedb-foreverBaseItem.lua
279253,Outlaw's Collar,questiedb-foreverBaseItem.lua
279254,Elderwild Pants,questiedb-foreverBaseItem.lua
279255,Eternity Pauldrons,questiedb-foreverBaseItem.lua
279256,Tranquil Wristguards,questiedb-foreverBaseItem.lua
279257,Mourning Handguards,questiedb-foreverBaseItem.lua
279258,Wild Leather Armor Kit,questiedb-foreverBaseItem.lua
279259,Ironwood Blade,questiedb-foreverBaseItem.lua
279260,Forest Defender's Axe,questiedb-foreverBaseItem.lua
279261,Greenhammer,questiedb-foreverBaseItem.lua
279262,Evergreen Shield,questiedb-foreverBaseItem.lua
279263,Depleted Thorium Sabatons,questiedb-foreverBaseItem.lua
279264,Heavy Thorium Gauntlets,questiedb-foreverBaseItem.lua
279265,Azerothium Legplates,questiedb-foreverBaseItem.lua
279266,Robes of Fiery Devastation,questiedb-foreverBaseItem.lua
279267,Mana-infused Cord,questiedb-foreverBaseItem.lua
279268,Rime-encrusted Boots,questiedb-foreverBaseItem.lua
279269,Fel Cape,questiedb-foreverBaseItem.lua
279270,Cloak of Earth and Sky,questiedb-foreverBaseItem.lua
279271,Felblood Soul Bag,questiedb-foreverBaseItem.lua
279272,SAF-T Ultra Precision Scope,questiedb-foreverBaseItem.lua
279273,Hyper Deluxe Sniper Rifle Mk XVII,questiedb-foreverBaseItem.lua
279274,Gleaming Crescent Necklace,questiedb-foreverBaseItem.lua
279275,Clouded Water Globe,questiedb-foreverBaseItem.lua
279276,Mathystral Amulet Fragment,questiedb-foreverBaseItem.lua
279277,Mathystral Amulet,questiedb-foreverBaseItem.lua
279279,Peerless Eye,questiedb-foreverBaseItem.lua
279291,Drained Vessel,questiedb-foreverBaseItem.lua
279295,Formula: Torch of Light,questiedb-foreverBaseItem.lua
279296,Formula: Steadfast Libram,questiedb-foreverBaseItem.lua
279297,Formula: Libram of Infusion,questiedb-foreverBaseItem.lua
279298,Formula: Totem of Urgency,questiedb-foreverBaseItem.lua
279299,Formula: Idol of Swiftness,questiedb-foreverBaseItem.lua
279300,Formula: Idol of the Ursine Twins,questiedb-foreverBaseItem.lua
279301,Pattern: Elderwild Waistcord,questiedb-foreverBaseItem.lua
279302,Pattern: Outlaw's Collar,questiedb-foreverBaseItem.lua
279303,Pattern: Elderwild Pants,questiedb-foreverBaseItem.lua
279304,Pattern: Eternity Pauldrons,questiedb-foreverBaseItem.lua
279305,Pattern: Tranquil Wristguards,questiedb-foreverBaseItem.lua
279306,Pattern: Mourning Handguards,questiedb-foreverBaseItem.lua
279307,Pattern: Wild Leather Armor Kit,questiedb-foreverBaseItem.lua
279308,Plans: Ironwood Blade,questiedb-foreverBaseItem.lua
279309,Plans: Forest Defender's Axe,questiedb-foreverBaseItem.lua
279310,Plans: Greenhammer,questiedb-foreverBaseItem.lua
279311,Plans: Evergreen Shield,questiedb-foreverBaseItem.lua
279312,Plans: Depleted Thorium Sabatons,questiedb-foreverBaseItem.lua
279313,Plans: Heavy Thorium Gauntlets,questiedb-foreverBaseItem.lua
279314,Plans: Azerothium Legplates,questiedb-foreverBaseItem.lua
279315,Pattern: Robes of Fiery Devastation,questiedb-foreverBaseItem.lua
279316,Pattern: Mana-infused Cord,questiedb-foreverBaseItem.lua
279317,Pattern: Rime-encrusted Boots,questiedb-foreverBaseItem.lua
279318,Pattern: Fel Cape,questiedb-foreverBaseItem.lua
279319,Pattern: Cloak of Earth and Sky,questiedb-foreverBaseItem.lua
279320,Pattern: Felblood Soul Bag,questiedb-foreverBaseItem.lua
279321,Schematic: SAF-T Ultra Precision Scope,questiedb-foreverBaseItem.lua
279322,Schematic: Hyper Deluxe Sniper Rifle Mk XVII,questiedb-foreverBaseItem.lua
279331,Moonwell Remnants,questiedb-foreverBaseItem.lua
279378,Lunar Pendant,questiedb-foreverBaseItem.lua
279379,Jar of Snow,questiedb-foreverBaseItem.lua
279380,Ceramic Jar,questiedb-foreverBaseItem.lua
279383,Stolen Freewind Supplies,questiedb-foreverBaseItem.lua
279385,Pristine Crimson Scale,questiedb-foreverBaseItem.lua
279386,Sealed Company Request,questiedb-foreverBaseItem.lua
279388,Brewer's Bracers,questiedb-foreverBaseItem.lua
279389,Sack of Homebrew Hops,questiedb-foreverBaseItem.lua
279390,Case of Fallrook Varietal,questiedb-foreverBaseItem.lua
279391,Taurajo Headband,questiedb-foreverBaseItem.lua
279392,Glimmer,questiedb-foreverBaseItem.lua
279393,Frostfall,questiedb-foreverBaseItem.lua
279394,Darthalia's Orders,questiedb-foreverBaseItem.lua
279395,Apothecary Vials,questiedb-foreverBaseItem.lua
279415,Ash of Asharell,questiedb-foreverBaseItem.lua
279450,Fractured Insignia,questiedb-foreverBaseItem.lua
279464,Monster Shoulder (DNT),questiedb-foreverBaseItem.lua
279465,Monster Chest (DNT),questiedb-foreverBaseItem.lua
279466,Monster Waist (DNT),questiedb-foreverBaseItem.lua
279467,Monster Legs (DNT),questiedb-foreverBaseItem.lua
279468,Monster Feet (DNT),questiedb-foreverBaseItem.lua
279469,Grimy Key,questiedb-foreverBaseItem.lua
279470,Monster Hand (DNT),questiedb-foreverBaseItem.lua
279472,Pristine Pesterhide Pelt,questiedb-foreverBaseItem.lua
279481,Package of Pristine Pelts,questiedb-foreverBaseItem.lua
279505,Jagged Orcish Sword,questiedb-foreverBaseItem.lua
279507,Curved Orcish Dagger,questiedb-foreverBaseItem.lua
279537,Rotheap Innards,questiedb-foreverBaseItem.lua
279589,Menethil Statuette,questiedb-foreverBaseItem.lua
279591,Marek's Croc-Hunting Knife,questiedb-foreverBaseItem.lua
279595,Menethil Statuette,questiedb-foreverBaseItem.lua
279598,Menethil Statuette,questiedb-foreverBaseItem.lua
279601,Intact Raptor Hide,questiedb-foreverBaseItem.lua
279821,Khaz Modan Timber,questiedb-foreverBaseItem.lua
279822,Khaz Modan Iron,questiedb-foreverBaseItem.lua
279839,Spellguard Pauldrons,questiedb-foreverBaseItem.lua
279840,Renewing Footpads,questiedb-foreverBaseItem.lua
279841,Defender of Dalaran,questiedb-foreverBaseItem.lua
279842,Battle Spaulders,questiedb-foreverBaseItem.lua
279843,Enchanted Sandals,questiedb-foreverBaseItem.lua
279844,Striking Staff,questiedb-foreverBaseItem.lua
279849,Runebound Gloves,questiedb-foreverBaseItem.lua
279854,Twilight Initiate's Belt,questiedb-foreverBaseItem.lua
279855,Torn Cultist Cloak,questiedb-foreverBaseItem.lua
279864,Monstrous Cleaver,questiedb-foreverBaseItem.lua
279865,Grave Shroud,questiedb-foreverBaseItem.lua
279867,Slain Baron's Signet,questiedb-foreverBaseItem.lua
279868,Duty Bound Leggings,questiedb-foreverBaseItem.lua
279869,Remembrance Armor,questiedb-foreverBaseItem.lua
279870,Tarnished Locket,questiedb-foreverBaseItem.lua
279874,The Stitcher,questiedb-foreverBaseItem.lua
279875,Spare Part Bindings,questiedb-foreverBaseItem.lua
279876,Plaguefang,questiedb-foreverBaseItem.lua
279877,Blight Gloves,questiedb-foreverBaseItem.lua
279882,Rusted Troll War Belt,questiedb-foreverBaseItem.lua
279883,Mutinous Cuffs,questiedb-foreverBaseItem.lua
279884,South Seas Shroud,questiedb-foreverBaseItem.lua
279891,Guidance of Ursoc,questiedb-foreverBaseItem.lua
279892,Wisdom of Ursol,questiedb-foreverBaseItem.lua
279894,Calibrated Blunderbuss,questiedb-foreverBaseItem.lua
279895,Ironforge Greathammer,questiedb-foreverBaseItem.lua
279896,Deepblaze,questiedb-foreverBaseItem.lua
279897,Dusty Belt,questiedb-foreverBaseItem.lua
279898,Dwarven Tome,questiedb-foreverBaseItem.lua
279899,Catacomb Cloak,questiedb-foreverBaseItem.lua
279900,Deepgrave Trousers,questiedb-foreverBaseItem.lua
279913,Ti'ik's Head,questiedb-foreverBaseItem.lua
279915,Nord'el,questiedb-foreverBaseItem.lua
279924,Nord'el,questiedb-foreverBaseItem.lua
279930,Saltseer's Helm,questiedb-foreverBaseItem.lua
279934,Shed Dark Dragonscale,questiedb-foreverBaseItem.lua
279935,Book Bag,questiedb-foreverBaseItem.lua
279936,Book Bag,questiedb-foreverBaseItem.lua
279937,Collecting Basket,questiedb-foreverBaseItem.lua
279938,Trapper's Workbench,questiedb-foreverBaseItem.lua
279939,Collecting Basket,questiedb-foreverBaseItem.lua
279940,Toxin Study,questiedb-foreverBaseItem.lua
279941,Tanning Rack,questiedb-foreverBaseItem.lua
279943,Spinning Wheel,questiedb-foreverBaseItem.lua
279944,Sharpening Wheel,questiedb-foreverBaseItem.lua
279945,Sewing Machine,questiedb-foreverBaseItem.lua
279947,Seed Hybridizer,questiedb-foreverBaseItem.lua
279948,Rock Garden,questiedb-foreverBaseItem.lua
279949,Repair Bot,questiedb-foreverBaseItem.lua
279950,Reagent Bot,questiedb-foreverBaseItem.lua
279951,Plague Doctor's Laboratory,questiedb-foreverBaseItem.lua
279952,Molten Foundry,questiedb-foreverBaseItem.lua
279955,Master Forge,questiedb-foreverBaseItem.lua
279956,Mana Well,questiedb-foreverBaseItem.lua
279957,Cookie's Feast,questiedb-foreverBaseItem.lua
279959,Loom,questiedb-foreverBaseItem.lua
279960,Lodestone,questiedb-foreverBaseItem.lua
279961,Journeyman Campfire Kit,questiedb-foreverBaseItem.lua
279962,Incense Candle,questiedb-foreverBaseItem.lua
279964,Greenhouse,questiedb-foreverBaseItem.lua
279965,Fishing Rack,questiedb-foreverBaseItem.lua
279966,Fishing Hut,questiedb-foreverBaseItem.lua
279967,Fish Bowl,questiedb-foreverBaseItem.lua
279968,First Aid Kit,questiedb-foreverBaseItem.lua
279969,Field Guide,questiedb-foreverBaseItem.lua
279970,Fermenter,questiedb-foreverBaseItem.lua
279972,Faction Banner,questiedb-foreverBaseItem.lua
279973,Faction Banner,questiedb-foreverBaseItem.lua
279974,Expert Campfire Kit,questiedb-foreverBaseItem.lua
279976,Enchanted Lute,questiedb-foreverBaseItem.lua
279978,Camp Tent,questiedb-foreverBaseItem.lua
279979,Camp Chair,questiedb-foreverBaseItem.lua
279981,Basic Campfire Kit,questiedb-foreverBaseItem.lua
279982,Iron Oven,questiedb-foreverBaseItem.lua
279985,Arcane Salvager,questiedb-foreverBaseItem.lua
279987,Arcane Forge,questiedb-foreverBaseItem.lua
279988,Anvil,questiedb-foreverBaseItem.lua
279989,Anarchist's Workbench,questiedb-foreverBaseItem.lua
279990,Alchemy Laboratory,questiedb-foreverBaseItem.lua
279991,Dry Branch,questiedb-foreverBaseItem.lua
279993,Titanic Keystone,questiedb-foreverBaseItem.lua
279996,Goaz Stone,questiedb-foreverBaseItem.lua
280042,Tattered Spellbook,questiedb-foreverBaseItem.lua
280087,Soft Nightsaber Pelt,questiedb-foreverBaseItem.lua
280088,Soft Saber Sack,questiedb-foreverBaseItem.lua
280092,Wyrmtail,questiedb-foreverBaseItem.lua
280095,Cryptwalker Bracers,questiedb-foreverBaseItem.lua
280096,Tomb Robber's Gloves,questiedb-foreverBaseItem.lua
280099,Crimson Crate,questiedb-foreverBaseItem.lua
280103,Razormaw Incisor,questiedb-foreverBaseItem.lua
280132,Perfect Razormaw Egg,questiedb-foreverBaseItem.lua
280179,Shipping Label,questiedb-foreverBaseItem.lua
280180,Shipping Label,questiedb-foreverBaseItem.lua
280181,Redstone Basilisk Scale,questiedb-foreverBaseItem.lua
280203,Jameson's Training Sword,questiedb-foreverBaseItem.lua
280304,Invisible Dagger,questiedb-foreverBaseItem.lua
280306,Whimsical Waistwrap,questiedb-foreverBaseItem.lua
280307,Gizmo Girdle,questiedb-foreverBaseItem.lua
280308,Clanking Cord,questiedb-foreverBaseItem.lua
280310,Floppy Goggles,questiedb-foreverBaseItem.lua
280311,Bent Goggles,questiedb-foreverBaseItem.lua
280312,Stuckbutton Goggles,questiedb-foreverBaseItem.lua
280313,Dented Goggles,questiedb-foreverBaseItem.lua
280317,Frying Pan,questiedb-foreverBaseItem.lua
280319,Unruptured Stalker Gland,questiedb-foreverBaseItem.lua
280321,Schematic: Whimsical Waistwrap,questiedb-foreverBaseItem.lua
280322,Schematic: Gizmo Girdle,questiedb-foreverBaseItem.lua
280323,Schematic: Clanking Cord,questiedb-foreverBaseItem.lua
280324,Schematic: Serrated Strap,questiedb-foreverBaseItem.lua
280325,Schematic: Floppy Goggles,questiedb-foreverBaseItem.lua
280326,Schematic: Bent Goggles,questiedb-foreverBaseItem.lua
280327,Schematic: Stuckbutton Goggles,questiedb-foreverBaseItem.lua
280328,Schematic: Dented Goggles,questiedb-foreverBaseItem.lua
280330,Carnage's Head,questiedb-foreverBaseItem.lua
280331,Malignant Rotclaw Flesh,questiedb-foreverBaseItem.lua
280347,Shadowgale Squirrel,questiedb-foreverBaseItem.lua
280363,Nightclaw Mantle,questiedb-foreverBaseItem.lua
280369,Dragonmaw Armaments,questiedb-foreverBaseItem.lua
280375,Worgen Bits,questiedb-foreverBaseItem.lua
280390,Carved Stone Trinket,questiedb-foreverBaseItem.lua
280391,Carved Stone Trinket,questiedb-foreverBaseItem.lua
280392,Howin's Missive,questiedb-foreverBaseItem.lua
280394,Goaz Stone,questiedb-foreverBaseItem.lua
280395,Heart of Ados,questiedb-foreverBaseItem.lua
280396,Heart of Modr,questiedb-foreverBaseItem.lua
280397,Heart of Golm,questiedb-foreverBaseItem.lua
280398,Heart of Neru,questiedb-foreverBaseItem.lua
280399,Damaged Scimitar,questiedb-foreverBaseItem.lua
280400,Worn Bludgeon,questiedb-foreverBaseItem.lua
280402,Rusty Dagger,questiedb-foreverBaseItem.lua
280403,Whelgar Relic Package,questiedb-foreverBaseItem.lua
280404,Lordaeron Forever Tabard,questiedb-foreverBaseItem.lua
280413,Flintfire's Shipment,questiedb-foreverBaseItem.lua
280417,Damaged Blue Crystal,questiedb-foreverBaseItem.lua
280426,Sack of Fish,questiedb-foreverBaseItem.lua
280430,Mountaineer Gretchen's Report,questiedb-foreverBaseItem.lua
280438,Abominable Head,questiedb-foreverBaseItem.lua
280449,Skyborne Tabard,questiedb-foreverBaseItem.lua
280450,Manaflare Robes,questiedb-foreverBaseItem.lua
280451,Manaflare Gloves,questiedb-foreverBaseItem.lua
280452,Manaflare Boots,questiedb-foreverBaseItem.lua
280453,Manaflare Pants,questiedb-foreverBaseItem.lua
280454,Manaflare Mantle,questiedb-foreverBaseItem.lua
280455,Manaflare Crown,questiedb-foreverBaseItem.lua
280456,Weevil K. Neevil,questiedb-foreverBaseItem.lua
280459,Crystal Infused Scale,questiedb-foreverBaseItem.lua
280502,Relic of the Fang,questiedb-foreverBaseItem.lua
280504,Mudsoaked Scrap,questiedb-foreverBaseItem.lua
280505,Old Leather Jacket,questiedb-foreverBaseItem.lua
280544,Cerulean Prideclaw,questiedb-foreverBaseItem.lua
280567,Small Sack of Gems,questiedb-foreverBaseItem.lua
280604,Rage of the Storm,questiedb-foreverBaseItem.lua
280605,Tidebringer's Claw,questiedb-foreverBaseItem.lua
280607,Lightning's Grasp,questiedb-foreverBaseItem.lua
280608,Eldarath Relic,questiedb-foreverBaseItem.lua
280610,Lord Sarthiss' Head,questiedb-foreverBaseItem.lua
280611,Veteran Adventurer's Loyal Companion,questiedb-foreverBaseItem.lua
280612,Night Watchman's Torch,questiedb-foreverBaseItem.lua
280614,Pachimari,questiedb-foreverBaseItem.lua
280615,Galestrider Chick,questiedb-foreverBaseItem.lua
280623,Veteran Adventurer's Rucksack,questiedb-foreverBaseItem.lua
280679,Relic of the Claw,questiedb-foreverBaseItem.lua
280680,Relic of the Silent Shadow,questiedb-foreverBaseItem.lua
280686,Rod of Deep Dominion,questiedb-foreverBaseItem.lua
280696,Elementalist's Guard,questiedb-foreverBaseItem.lua
280697,Plagued Cockroach,questiedb-foreverBaseItem.lua
280699,Undercity Cockroach,questiedb-foreverBaseItem.lua
280703,Jungle Boa,questiedb-foreverBaseItem.lua
280729,Shen'dorei Tabard,questiedb-foreverBaseItem.lua
280740,Shen'dorei Windwell,questiedb-foreverBaseItem.lua
280766,Satchel of Potions,questiedb-foreverBaseItem.lua
280794,Brown Ground Squirrel Whistle,questiedb-foreverBaseItem.lua
280795,Red Ground Squirrel Whistle,questiedb-foreverBaseItem.lua
280797,Rabbit Crate (Artic),questiedb-foreverBaseItem.lua
280801,Rabbit Crate (Brown),questiedb-foreverBaseItem.lua
280803,Eagle Owl,questiedb-foreverBaseItem.lua
280806,Stolen Explosives,questiedb-foreverBaseItem.lua
280831,Hatescreech's Amulet,questiedb-foreverBaseItem.lua
280832,Windmistress Gaedress' Amulet,questiedb-foreverBaseItem.lua
280834,Witchmother Arysa's Amulet,questiedb-foreverBaseItem.lua
280839,Stolen Supplies,questiedb-foreverBaseItem.lua
280841,Stolen Weapon,questiedb-foreverBaseItem.lua
280872,Grimstitch Pants,questiedb-foreverBaseItem.lua
280875,Grimstitch Gloves,questiedb-foreverBaseItem.lua
280876,Grimstitch Spaulders,questiedb-foreverBaseItem.lua
280877,Grimstitch Mask,questiedb-foreverBaseItem.lua
280878,Grimstitch Boots,questiedb-foreverBaseItem.lua
280879,Grimstitch Chestpiece,questiedb-foreverBaseItem.lua
280882,Demonheart Spaulders,questiedb-foreverBaseItem.lua
280883,Demonheart Robes,questiedb-foreverBaseItem.lua
280886,Demonheart Leggings,questiedb-foreverBaseItem.lua
280887,Demonheart Skullcap,questiedb-foreverBaseItem.lua
280888,Demonheart Gloves,questiedb-foreverBaseItem.lua
280889,Demonheart Boots,questiedb-foreverBaseItem.lua
280893,Wildstalker's Gauntlets,questiedb-foreverBaseItem.lua
280894,Wildstalker's Greaves,questiedb-foreverBaseItem.lua
280895,Wildstalker's Legguards,questiedb-foreverBaseItem.lua
280896,Wildstalker's Breastplate,questiedb-foreverBaseItem.lua
280897,Wildstalker's Spaulders,questiedb-foreverBaseItem.lua
280898,Wildstalker's Helm,questiedb-foreverBaseItem.lua
280899,Gauntlets of Glory,questiedb-foreverBaseItem.lua
280900,Greaves of Glory,questiedb-foreverBaseItem.lua
280901,Legplates of Glory,questiedb-foreverBaseItem.lua
280902,Breastplate of Glory,questiedb-foreverBaseItem.lua
280903,Shoulders of Glory,questiedb-foreverBaseItem.lua
280904,Helm of Glory,questiedb-foreverBaseItem.lua
280905,Handguards of Glory,questiedb-foreverBaseItem.lua
280906,Sabatons of Glory,questiedb-foreverBaseItem.lua
280907,Legguards of Glory,questiedb-foreverBaseItem.lua
280908,Chestguard of Glory,questiedb-foreverBaseItem.lua
280909,Pauldrons of Glory,questiedb-foreverBaseItem.lua
280910,Greathelm of Glory,questiedb-foreverBaseItem.lua
280911,Spiked Collar,questiedb-foreverBaseItem.lua
280912,Robes of Conviction,questiedb-foreverBaseItem.lua
280913,Handguards of Conviction,questiedb-foreverBaseItem.lua
280914,Boots of Conviction,questiedb-foreverBaseItem.lua
280915,Leggings of Conviction,questiedb-foreverBaseItem.lua
280917,Pauldrons of Conviction,questiedb-foreverBaseItem.lua
280918,Halo of Conviction,questiedb-foreverBaseItem.lua
280919,Garb of Conviction,questiedb-foreverBaseItem.lua
280920,Gloves of Conviction,questiedb-foreverBaseItem.lua
280921,Treads of Conviction,questiedb-foreverBaseItem.lua
280922,Pants of Conviction,questiedb-foreverBaseItem.lua
280923,Mantle of Conviction,questiedb-foreverBaseItem.lua
280924,Crown of Conviction,questiedb-foreverBaseItem.lua
280925,Justice Gauntlets,questiedb-foreverBaseItem.lua
280926,Justice Greaves,questiedb-foreverBaseItem.lua
280927,Justice Leggings,questiedb-foreverBaseItem.lua
280928,Justice Breastplate,questiedb-foreverBaseItem.lua
280929,Justice Spaulders,questiedb-foreverBaseItem.lua
280930,Justice Crown,questiedb-foreverBaseItem.lua
280931,Justice Gloves,questiedb-foreverBaseItem.lua
280932,Justice Treads,questiedb-foreverBaseItem.lua
280933,Justice Legplates,questiedb-foreverBaseItem.lua
280934,Justice Tunic,questiedb-foreverBaseItem.lua
280935,Justice Epaulets,questiedb-foreverBaseItem.lua
280936,Justice Headpiece,questiedb-foreverBaseItem.lua
280937,Justice Greathelm,questiedb-foreverBaseItem.lua
280938,Justice Handguards,questiedb-foreverBaseItem.lua
280939,Justice Sabatons,questiedb-foreverBaseItem.lua
280940,Justice Legguards,questiedb-foreverBaseItem.lua
280941,Justice Chestguard,questiedb-foreverBaseItem.lua
280942,Justice Pauldrons,questiedb-foreverBaseItem.lua
280943,Tome of Tremayne Family Blacksmithing Techniques,questiedb-foreverBaseItem.lua
280944,Spiritcaller Epaulets,questiedb-foreverBaseItem.lua
280945,Spiritcaller Greaves,questiedb-foreverBaseItem.lua
280947,Spiritcaller Pants,questiedb-foreverBaseItem.lua
280949,Spiritcaller Gauntlets,questiedb-foreverBaseItem.lua
280950,Spiritcaller Breastplate,questiedb-foreverBaseItem.lua
280951,Spiritcaller Helmet,questiedb-foreverBaseItem.lua
280952,Spiritcaller Grips,questiedb-foreverBaseItem.lua
280953,Spiritcaller Treads,questiedb-foreverBaseItem.lua
280954,Spiritcaller Leggings,questiedb-foreverBaseItem.lua
280955,Spiritcaller Armor,questiedb-foreverBaseItem.lua
280956,Spiritcaller Spaulders,questiedb-foreverBaseItem.lua
280957,Spiritcaller Crown,questiedb-foreverBaseItem.lua
280958,Spiritcaller Gloves,questiedb-foreverBaseItem.lua
280959,Spiritcaller Boots,questiedb-foreverBaseItem.lua
280960,Spiritcaller Kilt,questiedb-foreverBaseItem.lua
280961,Spiritcaller Embrace,questiedb-foreverBaseItem.lua
280962,Spiritcaller Mantle,questiedb-foreverBaseItem.lua
280963,Spiritcaller Headdress,questiedb-foreverBaseItem.lua
280965,Grovekeeper Handguards,questiedb-foreverBaseItem.lua
280967,Grovekeeper Boots,questiedb-foreverBaseItem.lua
280971,Grovekeeper Legguards,questiedb-foreverBaseItem.lua
280974,Grovekeeper Chestguard,questiedb-foreverBaseItem.lua
280976,Grovekeeper Pauldrons,questiedb-foreverBaseItem.lua
280977,Grovekeeper Cover,questiedb-foreverBaseItem.lua
281014,Vine Wrapped Scroll,questiedb-foreverBaseItem.lua
281015,Scroll: DOST OREM,questiedb-foreverBaseItem.lua
281016,Scroll: FORGOT HOOF THUD,questiedb-foreverBaseItem.lua
281017,Scroll: KEEP CLEF FOCI,questiedb-foreverBaseItem.lua
281018,Scroll: RARE SERVICHI RADAR,questiedb-foreverBaseItem.lua
281019,"Monster - Sword1H, Skyborne Back Sheathe (Blue)",questiedb-foreverBaseItem.lua
281020,"Monster - Shield, Skyborne (White)",questiedb-foreverBaseItem.lua
281023,Mature Fel Moss,questiedb-foreverBaseItem.lua
281030,Treaty of Understanding,questiedb-foreverBaseItem.lua
281031,Mulgore Expansion Plans,questiedb-foreverBaseItem.lua
281035,Shredder Operation Instructions,questiedb-foreverBaseItem.lua
281036,Barrens Operations Best Practices,questiedb-foreverBaseItem.lua
281037,"One ""Gerenzo"", of Stonetalon",questiedb-foreverBaseItem.lua
281038,Feather of Jai'vhanel,questiedb-foreverBaseItem.lua
281039,Mulgore Expansion Plans,questiedb-foreverBaseItem.lua
281040,Prepared Incense,questiedb-foreverBaseItem.lua
281041,Bundle of Herbs,questiedb-foreverBaseItem.lua
281042,Bundle of Dried Cedar Twigs,questiedb-foreverBaseItem.lua
281043,Sinew Thread,questiedb-foreverBaseItem.lua
281044,Ceremonial Flint and Tinder,questiedb-foreverBaseItem.lua
281046,Raven Hill Tome,questiedb-foreverBaseItem.lua
281048,Clearcutter Key,questiedb-foreverBaseItem.lua
281052,Ombassa's Hide,questiedb-foreverBaseItem.lua
281059,Loose Clearcutter Blade,questiedb-foreverBaseItem.lua
281060,Replica Ironforge Air Rifle,questiedb-foreverBaseItem.lua
281139,Thunderhorn's Report,questiedb-foreverBaseItem.lua
281142,Merrick's Bow,questiedb-foreverBaseItem.lua
281143,Ira's Dagger,questiedb-foreverBaseItem.lua
281145,Silvia's Sword,questiedb-foreverBaseItem.lua
281146,Grant's Mace,questiedb-foreverBaseItem.lua
281147,Grant's Shield,questiedb-foreverBaseItem.lua
281149,Memories of Valor,questiedb-foreverBaseItem.lua
281166,Panda Collar,questiedb-foreverBaseItem.lua
281167,Zergling Leash,questiedb-foreverBaseItem.lua
281168,Diablo Stone,questiedb-foreverBaseItem.lua
281228,Filled Freshwater Phial,questiedb-foreverBaseItem.lua
281229,Empty Phial,questiedb-foreverBaseItem.lua
281234,Potion of Winterspring Shrouding,questiedb-foreverBaseItem.lua
281240,Tom's Gift,questiedb-foreverBaseItem.lua
281241,Chillwind Chimaera Fur,questiedb-foreverBaseItem.lua
281242,Winterspring Owl Feather,questiedb-foreverBaseItem.lua
281243,Hollee's Note,questiedb-foreverBaseItem.lua
281246,Toxic Skullcap,questiedb-foreverBaseItem.lua
281250,Forest Oracle's Cloak,questiedb-foreverBaseItem.lua
281251,Courier's Wristguards,questiedb-foreverBaseItem.lua
281252,Harpy Claw Ring,questiedb-foreverBaseItem.lua
281253,Mountaineer's Greataxe,questiedb-foreverBaseItem.lua
281254,Invader's Mace,questiedb-foreverBaseItem.lua
281256,Repurposed Hair Band,questiedb-foreverBaseItem.lua
281257,Daggerfang's Daggerfang,questiedb-foreverBaseItem.lua
281258,Essene's Hope,questiedb-foreverBaseItem.lua
281259,Stonard Stompers,questiedb-foreverBaseItem.lua
281260,Ancestral Waistcord,questiedb-foreverBaseItem.lua
281261,Crystal-flecked Cord,questiedb-foreverBaseItem.lua
281262,Crystal-flecked Waistguard,questiedb-foreverBaseItem.lua
281263,Wicked Lich's Finger,questiedb-foreverBaseItem.lua
281264,Ghastly Bow,questiedb-foreverBaseItem.lua
281265,Roadwatcher's Confidence,questiedb-foreverBaseItem.lua
281266,Furred Belt,questiedb-foreverBaseItem.lua
281267,Raptorscale Pants,questiedb-foreverBaseItem.lua
281268,Depleted Ritual Band,questiedb-foreverBaseItem.lua
281269,Mogra's Friendship Bracelet,questiedb-foreverBaseItem.lua
281270,Thra's Friendship Bracelet,questiedb-foreverBaseItem.lua
281271,Puk's Friendship Bracelet,questiedb-foreverBaseItem.lua
281272,Brog's Friendship Bracelet,questiedb-foreverBaseItem.lua
281273,Migi's Friendship Bracelet,questiedb-foreverBaseItem.lua
281274,Makeshift Stormcaller,questiedb-foreverBaseItem.lua
281275,Mantle of Scaleslaying,questiedb-foreverBaseItem.lua
281276,Pauldrons of Scaleslaying,questiedb-foreverBaseItem.lua
281277,Shoulders of Scaleslaying,questiedb-foreverBaseItem.lua
281278,Shoulderplates of Scaleslaying,questiedb-foreverBaseItem.lua
281279,Hailgiant's Fists,questiedb-foreverBaseItem.lua
281280,Mountain Climbers,questiedb-foreverBaseItem.lua
281281,Frost's Whisper Pendant,questiedb-foreverBaseItem.lua
281282,A Little Somethin',questiedb-foreverBaseItem.lua
281283,Patchwing Pants,questiedb-foreverBaseItem.lua
281284,Howlhide Vest,questiedb-foreverBaseItem.lua
281285,Finscale Soles,questiedb-foreverBaseItem.lua
281286,High Order Pendant,questiedb-foreverBaseItem.lua
281287,Windshaper Pendant,questiedb-foreverBaseItem.lua
281288,Shen'dorei Signet,questiedb-foreverBaseItem.lua
281289,Swordfeather Cloak,questiedb-foreverBaseItem.lua
281290,Replica Crescent Necklace,questiedb-foreverBaseItem.lua
281291,Mathystra Channeling Orb,questiedb-foreverBaseItem.lua
281292,Onu's Patience,questiedb-foreverBaseItem.lua
281293,Weathered Deathstalker's Blade,questiedb-foreverBaseItem.lua
281294,Expended Apothecary Vial,questiedb-foreverBaseItem.lua
281295,Pelt Pants,questiedb-foreverBaseItem.lua
281296,Knight's Lance,questiedb-foreverBaseItem.lua
281297,Royal Dagger,questiedb-foreverBaseItem.lua
281298,Ti'ik's Tattered Trousers,questiedb-foreverBaseItem.lua
281299,Profane Ritual Robes,questiedb-foreverBaseItem.lua
281300,Blisterweed,questiedb-foreverBaseItem.lua
281301,Sacrificial Shackles,questiedb-foreverBaseItem.lua
281302,Whelpscale Necklace,questiedb-foreverBaseItem.lua
281303,Bleached Scale Vest,questiedb-foreverBaseItem.lua
281304,Prospector's Signet,questiedb-foreverBaseItem.lua
281305,Excavation Cloak,questiedb-foreverBaseItem.lua
281306,Flamescarred Spellbook,questiedb-foreverBaseItem.lua
281307,Dragonmaw Buckler,questiedb-foreverBaseItem.lua
281308,Jameson's Backup Sword,questiedb-foreverBaseItem.lua
281309,Razormaw Shorts,questiedb-foreverBaseItem.lua
281310,Carnage Trousers,questiedb-foreverBaseItem.lua
281312,Fallen Dragon's Scepter,questiedb-foreverBaseItem.lua
281313,Trusty Sword,questiedb-foreverBaseItem.lua
281314,Subdued Dragon's Fang,questiedb-foreverBaseItem.lua
281315,Foulfur Gloves,questiedb-foreverBaseItem.lua
281316,Glimmerchain Trousers,questiedb-foreverBaseItem.lua
281317,Redstone Boots,questiedb-foreverBaseItem.lua
281318,Bouquet of Auberdine Flowers,questiedb-foreverBaseItem.lua
281319,Golem War Cloak,questiedb-foreverBaseItem.lua
281320,Rune-Etched Ring,questiedb-foreverBaseItem.lua
281321,Giantstone Medallion,questiedb-foreverBaseItem.lua
281322,Frosthowl's Footwarmers,questiedb-foreverBaseItem.lua
281323,Spirit-buckle Belt,questiedb-foreverBaseItem.lua
281324,Sailing Tunic,questiedb-foreverBaseItem.lua
281327,Hissing Serum,questiedb-foreverBaseItem.lua
281328,Valory Family Crest,questiedb-foreverBaseItem.lua
281330,Message from the Supreme Magister,questiedb-foreverBaseItem.lua
281331,Windshaper Ritual Dagger,questiedb-foreverBaseItem.lua
281347,Torn Page,questiedb-foreverBaseItem.lua
281348,Parchment of Chaos,questiedb-foreverBaseItem.lua
281349,Parchment of Darkness,questiedb-foreverBaseItem.lua
281350,Keystone Fragment,questiedb-foreverBaseItem.lua
281352,Ancient Runestone,questiedb-foreverBaseItem.lua
281356,Burnt Page,questiedb-foreverBaseItem.lua
281358,Stone Key,questiedb-foreverBaseItem.lua
281359,Dormant Runestone,questiedb-foreverBaseItem.lua
281371,Elemental Attractor,questiedb-foreverBaseItem.lua
281473,Guild Charter,questiedb-foreverBaseItem.lua
281538,Matriarch's Mantle,questiedb-foreverBaseItem.lua
281539,Bear Fur Cowl,questiedb-foreverBaseItem.lua
281586,Elderwild Construction Hammer,questiedb-foreverBaseItem.lua
281587,Greatflank Flayer,questiedb-foreverBaseItem.lua
281588,Nature's Cull,questiedb-foreverBaseItem.lua
281600,Wail of Death,wowhead_forever_gearplanner.txt
281628,Blade of Bandarion,questiedb-foreverBaseItem.lua
281629,Patrol Orders,questiedb-foreverBaseItem.lua
281630,Scarlet Keyring,questiedb-foreverBaseItem.lua
281631,Collector's Edition Tabard,questiedb-foreverBaseItem.lua
281634,Field Researcher's Loop,questiedb-foreverBaseItem.lua
281635,Philanthropist's Ring,questiedb-foreverBaseItem.lua
281636,Museum Keeper's Chain,questiedb-foreverBaseItem.lua
281637,Antique Bulwark,questiedb-foreverBaseItem.lua
281648,Gul'gash's Greathammer,questiedb-foreverBaseItem.lua
281657,Corrupted Riverglades Pendant,questiedb-foreverBaseItem.lua
281660,Iron Star,questiedb-foreverBaseItem.lua
281665,Twilight Forgehammer,questiedb-foreverBaseItem.lua
281673,Loop of Sacrifice,questiedb-foreverBaseItem.lua
281675,Lakeshire Firefighter's Headband,questiedb-foreverBaseItem.lua
281680,Customer Service Care Package,questiedb-foreverBaseItem.lua
281685,Restored Cloth Helm,questiedb-foreverBaseItem.lua
281686,Restored Cloth Shoulders,questiedb-foreverBaseItem.lua
281687,Restored Cloth Vest,questiedb-foreverBaseItem.lua
281688,Restored Cloth Bracers,questiedb-foreverBaseItem.lua
281689,Restored Cloth Handwraps,questiedb-foreverBaseItem.lua
281690,Restored Cloth Belt,questiedb-foreverBaseItem.lua
281691,Restored Cloth Pants,questiedb-foreverBaseItem.lua
281692,Restored Cloth Shoes,questiedb-foreverBaseItem.lua
281693,Restored Leather Hood,questiedb-foreverBaseItem.lua
281694,Restored Leather Spaulders,questiedb-foreverBaseItem.lua
281695,Restored Leather Tunic,questiedb-foreverBaseItem.lua
281696,Restored Leather Wristcuffs,questiedb-foreverBaseItem.lua
281697,Restored Leather Gloves,questiedb-foreverBaseItem.lua
281698,Restored Leather Strap,questiedb-foreverBaseItem.lua
281699,Restored Leather Chaps,questiedb-foreverBaseItem.lua
281700,Restored Leather Boots,questiedb-foreverBaseItem.lua
281701,Restored Mail Coif,questiedb-foreverBaseItem.lua
281702,Restored Mail Shoulderguards,questiedb-foreverBaseItem.lua
281703,Restored Mail Chestpiece,questiedb-foreverBaseItem.lua
281704,Restored Mail Wristguards,questiedb-foreverBaseItem.lua
281705,Restored Mail Clasps,questiedb-foreverBaseItem.lua
281706,Restored Mail Belt,questiedb-foreverBaseItem.lua
281707,Restored Mail Legguards,questiedb-foreverBaseItem.lua
281708,Restored Mail Boots,questiedb-foreverBaseItem.lua
281709,Restored Plate Helm,questiedb-foreverBaseItem.lua
281710,Restored Plate Shoulders,questiedb-foreverBaseItem.lua
281711,Restored Plate Chestguard,questiedb-foreverBaseItem.lua
281712,Restored Plate Wristguards,questiedb-foreverBaseItem.lua
281713,Restored Plate Handguards,questiedb-foreverBaseItem.lua
281714,Restored Plate Belt,questiedb-foreverBaseItem.lua
281715,Restored Plate Legs,questiedb-foreverBaseItem.lua
281716,Restored Plate Boots,questiedb-foreverBaseItem.lua
281717,Restored Cloak,questiedb-foreverBaseItem.lua
281718,Restored Ring,questiedb-foreverBaseItem.lua
281719,Restored Necklace,questiedb-foreverBaseItem.lua
281720,Restored Chopper,questiedb-foreverBaseItem.lua
281721,Restored Cleaver,questiedb-foreverBaseItem.lua
281722,Restored Dagger,questiedb-foreverBaseItem.lua
281723,Restored Basher,questiedb-foreverBaseItem.lua
281724,Restored Smasher,questiedb-foreverBaseItem.lua
281725,Restored Spear,questiedb-foreverBaseItem.lua
281727,Restored Greatstaff,questiedb-foreverBaseItem.lua
281728,Restored Shortsword,questiedb-foreverBaseItem.lua
281729,Restored Longsword,questiedb-foreverBaseItem.lua
281730,Restored Bauble,questiedb-foreverBaseItem.lua
281731,Restored Buckler,questiedb-foreverBaseItem.lua
281732,Restored Bow,questiedb-foreverBaseItem.lua
281733,Restored Wand,questiedb-foreverBaseItem.lua
281750,Murloc Oracle's Dagger,wowhead_forever_gearplanner.txt
281891,Fishscale Hauberk,wowhead_forever_gearplanner.txt
281925,Whelpfire Wand,questiedb-foreverBaseItem.lua
281926,Bound Bracers,questiedb-foreverBaseItem.lua
281927,Boulderheart Band,questiedb-foreverBaseItem.lua
281993,Gnoll Hide Boots,questiedb-foreverBaseItem.lua
282003,Lost Chieftain's Greatsword,wowhead_forever_gearplanner.txt
282006,Crumbling Hearthstone,questiedb-foreverBaseItem.lua
282007,Emerald Watcher's Dreamstaff,questiedb-foreverBaseItem.lua
282008,Wyrmak's Cuirass,questiedb-foreverBaseItem.lua
282011,Restored Healing Potion,questiedb-foreverBaseItem.lua
282012,Corsepickers,questiedb-foreverBaseItem.lua
282013,Restored Mana Potion,questiedb-foreverBaseItem.lua
282015,Restored Small Brown Pouch,questiedb-foreverBaseItem.lua
282016,Restored Brown Leather Satchel,questiedb-foreverBaseItem.lua
282017,Restored Heavy Brown Bag,questiedb-foreverBaseItem.lua
282018,Restorative Bread,questiedb-foreverBaseItem.lua
282019,Braided Seer Stones,questiedb-foreverBaseItem.lua
282023,Clack's Claw,questiedb-foreverBaseItem.lua
282026,Unyielding Battle Signet,questiedb-foreverBaseItem.lua
282028,Broken Frond of Celastrus,questiedb-foreverBaseItem.lua
282029,Reaver's Repeater,questiedb-foreverBaseItem.lua
282046,Gnome Skull,questiedb-foreverBaseItem.lua
282047,Baby Crocolisk,questiedb-foreverBaseItem.lua
282064,Tim's Lost Rib,questiedb-foreverBaseItem.lua
282065,Sealed Letter,questiedb-foreverBaseItem.lua
282070,Gruklash's Basher,questiedb-foreverBaseItem.lua
282074,Ogre Sorcerer Belt,wowhead_forever_gearplanner.txt
282080,Flame Seared Signet,questiedb-foreverBaseItem.lua
282283,Malignant Root,questiedb-foreverBaseItem.lua
282284,Webwood Slicer,questiedb-foreverBaseItem.lua
282285,Clearcutter Key,questiedb-foreverBaseItem.lua
282286,Shipwright's Satchel,questiedb-foreverBaseItem.lua
282294,Guild Tabard,questiedb-foreverBaseItem.lua
282338,Hallowed Memorandum,questiedb-foreverBaseItem.lua
282346,Tainted Tablet,questiedb-foreverBaseItem.lua
282380,Glyphic Parchment,questiedb-foreverBaseItem.lua
282400,Archaic Rune,questiedb-foreverBaseItem.lua
282406,Azsharan Key,questiedb-foreverBaseItem.lua
282416,Glowing Recall Crystal,questiedb-foreverBaseItem.lua
282418,Humming Recall Crystal,questiedb-foreverBaseItem.lua
282419,Crumpled Note,questiedb-foreverBaseItem.lua
282420,Folded Parchment,questiedb-foreverBaseItem.lua
282421,Scribbled Note,questiedb-foreverBaseItem.lua
282422,Simple Note,questiedb-foreverBaseItem.lua
282423,Consecrated Scroll,questiedb-foreverBaseItem.lua
282431,Tears of Anguish,questiedb-foreverBaseItem.lua
282551,Golem Fist,questiedb-foreverBaseItem.lua
282556,Groundshaker's Bindings,questiedb-foreverBaseItem.lua
282557,Broken Tooth's Flayed Hide,questiedb-foreverBaseItem.lua
282558,Firebird's Cowl,wowhead_forever_gearplanner.txt
282559,Fallen Adventurer's Femur,questiedb-foreverBaseItem.lua
282560,Earth-Infused Rockguards,questiedb-foreverBaseItem.lua
282561,Siegebreaker's Blaster,questiedb-foreverBaseItem.lua
282636,Silkspun Gloves,questiedb-foreverBaseItem.lua
282637,Shaking Egg,questiedb-foreverBaseItem.lua
282639,"Emogg's ""Crusher""",questiedb-foreverBaseItem.lua
282642,Feather-Stitched Moccasins,questiedb-foreverBaseItem.lua
282653,Dissolved Locket,wowhead_forever_gearplanner.txt
282654,Gnawed Bone,questiedb-foreverBaseItem.lua
282655,Bog Pickers,questiedb-foreverBaseItem.lua
282658,Dragonmaw Battle Shroud,questiedb-foreverBaseItem.lua
282703,Needletooth's Needletooth,wowhead_forever_gearplanner.txt
282711,Naga Maiden's Gown,questiedb-foreverBaseItem.lua
282713,Bloodstained Pants,wowhead_forever_gearplanner.txt
282717,Durable Bearhide Pauldrons,questiedb-foreverBaseItem.lua
282719,"Monster - Bow, Skyborne (Gray)",questiedb-foreverBaseItem.lua
282720,Spider Swarm,questiedb-foreverBaseItem.lua
282721,Gnoll Shaman's Staff,questiedb-foreverBaseItem.lua
282778,Mark of the Red Flight,questiedb-foreverBaseItem.lua
283253,Denmother's Hide,wowhead_forever_gearplanner.txt
283254,Heart of Alterac,wowhead_forever_gearplanner.txt
283255,Syndicate Executioner's Slicer,questiedb-foreverBaseItem.lua
283259,Bearhide Vicegrips,questiedb-foreverBaseItem.lua
283361,Gorefang's Runners,questiedb-foreverBaseItem.lua
283389,Skonk's List,questiedb-foreverBaseItem.lua
283460,Decaying Flesh Belt,questiedb-foreverBaseItem.lua
283462,Bayne's Bite,questiedb-foreverBaseItem.lua
283471,Fellicent's Bindings,questiedb-foreverBaseItem.lua
283473,Batwing Bindings,questiedb-foreverBaseItem.lua
283480,Cracked Carapace Hauberk,questiedb-foreverBaseItem.lua
284041,Ironback Signet,wowhead_forever_gearplanner.txt
284067,Rusted Family Memento,questiedb-foreverBaseItem.lua
284092,Keystone Fragment,questiedb-foreverBaseItem.lua
284093,Keystone Fragment,questiedb-foreverBaseItem.lua
284146,Essene's Waterskin,questiedb-foreverBaseItem.lua
284150,Essene's Spellbook,questiedb-foreverBaseItem.lua
284151,Essene's Note,questiedb-foreverBaseItem.lua
284154,Unmovable Sabatons,wowhead_forever_gearplanner.txt
284165,Duskstalker's Hide,questiedb-foreverBaseItem.lua
284166,Gnarlpine War Staff,questiedb-foreverBaseItem.lua
284167,Blackmoss Robes,questiedb-foreverBaseItem.lua
284173,Impcaster's Staff,questiedb-foreverBaseItem.lua
284174,Serrated Shadowclaw,questiedb-foreverBaseItem.lua
284176,Tallstrider Hatchling,questiedb-foreverBaseItem.lua
284177,Sinslayer's Smasher,questiedb-foreverBaseItem.lua
284185,Greymist Gauntlets,questiedb-foreverBaseItem.lua
284187,Crazed Firecaller's Cloak,questiedb-foreverBaseItem.lua
284192,Furblog Loincloth,questiedb-foreverBaseItem.lua
284193,Moongazer's Wand,questiedb-foreverBaseItem.lua
284214,Minfernal,questiedb-foreverBaseItem.lua
284230,Rage Paw,questiedb-foreverBaseItem.lua
284253,Eternally Frozen Band,wowhead_forever_gearplanner.txt
284257,Icesworn Decapitator,questiedb-foreverBaseItem.lua
284261,Magically Fortified Legguards,questiedb-foreverBaseItem.lua
284262,Howling Hide,questiedb-foreverBaseItem.lua
284266,Wintersaber Hide Lined Gloves,questiedb-foreverBaseItem.lua
284268,Furbolg Shaman's Girdle,questiedb-foreverBaseItem.lua
284271,Emergency Cache,questiedb-foreverBaseItem.lua
284272,Chimaera Hide Legs,wowhead_forever_gearplanner.txt
284282,Queen Guard's Royal Seal,questiedb-foreverBaseItem.lua
284286,Battleguard Captain's Sticker,questiedb-foreverBaseItem.lua
284287,Felweaver's Staff,questiedb-foreverBaseItem.lua
284320,Flayed Scorpid Bands,questiedb-foreverBaseItem.lua
284321,Centaur Raider's Axe,questiedb-foreverBaseItem.lua
284322,Invading Marine's Shield,questiedb-foreverBaseItem.lua
284323,Geolord's Mitts,questiedb-foreverBaseItem.lua
284361,Venture Company Legguards,questiedb-foreverBaseItem.lua
284382,Budding Leaf Belt,wowhead_forever_gearplanner.txt
284383,Faerie Dragon's Skin,wowhead_forever_gearplanner.txt
284386,Whipfang's Skinsearer,questiedb-foreverBaseItem.lua
284399,Seared Grove Shoulderpads,questiedb-foreverBaseItem.lua
284400,Foreman's Helm,questiedb-foreverBaseItem.lua
284401,Sorrow's Shroud,questiedb-foreverBaseItem.lua
284403,Shapeshifting Sentinel's Strides,questiedb-foreverBaseItem.lua
284573,Ursol'lok's Paws,wowhead_forever_gearplanner.txt
284574,Snapped Branch Wand,wowhead_forever_gearplanner.txt
284583,Coin Pouch,questiedb-foreverBaseItem.lua
284584,Coin Pouch,questiedb-foreverBaseItem.lua
284585,Coin Pouch,questiedb-foreverBaseItem.lua
284586,Coin Pouch,questiedb-foreverBaseItem.lua
284597,"Monster - Mace, Thaurissan Hammer",questiedb-foreverBaseItem.lua
284664,Packmule Treat,questiedb-foreverBaseItem.lua
284666,Wolf Whistle,questiedb-foreverBaseItem.lua
284667,Flame Seared Sword,wowhead_forever_gearplanner.txt
284668,Apothecary's Concoction,questiedb-foreverBaseItem.lua
284696,Carved Furbolg Tooth,questiedb-foreverBaseItem.lua
284697,Arcane Charged Robes,wowhead_forever_gearplanner.txt
284699,Still Water Band,wowhead_forever_gearplanner.txt
284700,Den Guardian's Crusher,questiedb-foreverBaseItem.lua
284702,Slimy Sword,questiedb-foreverBaseItem.lua
284704,Frostbitten Staff,questiedb-foreverBaseItem.lua
284705,Essene's Necklace,questiedb-foreverBaseItem.lua
284707,Basilisk Sinew Belt,wowhead_forever_gearplanner.txt
284715,First Mate Band,questiedb-foreverBaseItem.lua
284716,Band of the Better Half,questiedb-foreverBaseItem.lua
284717,Royal Satyr Slicer,wowhead_forever_gearplanner.txt
284844,Dragonmaw Dispatch,questiedb-foreverBaseItem.lua
284845,Thicket Raptor Hide,questiedb-foreverBaseItem.lua
284868,Holy Hand Grenade of Alterac,questiedb-foreverBaseItem.lua
284869,Unsanctified Grenade,questiedb-foreverBaseItem.lua
284870,Schematic: Unsanctified Grenade,questiedb-foreverBaseItem.lua
284871,Recipe: Transmute Legionite,questiedb-foreverBaseItem.lua
285043,Snarling Fang,questiedb-foreverBaseItem.lua
285104,Windle's Lighter,questiedb-foreverBaseItem.lua
285168,Theramore Basic Care Package,questiedb-foreverBaseItem.lua
285169,Theramore Standard Care Package,questiedb-foreverBaseItem.lua
285170,Theramore Advanced Care Package,questiedb-foreverBaseItem.lua
285171,Darkspear Basic Care Package,questiedb-foreverBaseItem.lua
285172,Darkspear Standard Care Package,questiedb-foreverBaseItem.lua
285173,Darkspear Advanced Care Package,questiedb-foreverBaseItem.lua
285190,Wyvern Heart Band,wowhead_forever_gearplanner.txt
285191,Banished Centaur's Pauldrons,questiedb-foreverBaseItem.lua
285192,Kobold Firestarter,questiedb-foreverBaseItem.lua
285212,Foulmountain Family Hammer,questiedb-foreverBaseItem.lua
285228,Mystmane's Pelt,questiedb-foreverBaseItem.lua
285236,Worn Ranger's Dagger,questiedb-foreverBaseItem.lua
285238,Chipped Spellstaff,questiedb-foreverBaseItem.lua
285239,Explorer's Shortsword,questiedb-foreverBaseItem.lua
285242,"Monster - 2H Mace, Barrow Deeps - Red",questiedb-foreverBaseItem.lua
285253,Skyseer's Gloves,questiedb-foreverBaseItem.lua
285254,Scout Ranger's Gloves,questiedb-foreverBaseItem.lua
285255,Thendal Watcher's Gloves,questiedb-foreverBaseItem.lua
285264,Skyseer's Slippers,questiedb-foreverBaseItem.lua
285268,Scout Ranger's Boots,questiedb-foreverBaseItem.lua
285269,Thendal Watcher's Boots,questiedb-foreverBaseItem.lua
285272,Skyseer's Belt,questiedb-foreverBaseItem.lua
285273,Scout Ranger's Belt,questiedb-foreverBaseItem.lua
285274,Thendal Watcher's Belt,questiedb-foreverBaseItem.lua
285275,Satchel of Copper Bombs,questiedb-foreverBaseItem.lua
285276,Satchel of Bronze Bombs,questiedb-foreverBaseItem.lua
285277,Satchel of Iron Bombs,questiedb-foreverBaseItem.lua
285278,Satchel of Dark Iron Bombs,questiedb-foreverBaseItem.lua
285279,Cracked Blacksmith Hammer,questiedb-foreverBaseItem.lua
285280,Mithril Blacksmith Hammer,questiedb-foreverBaseItem.lua
285281,Arcanite Blacksmith Hammer,questiedb-foreverBaseItem.lua
285282,Jagged Knives,questiedb-foreverBaseItem.lua
285283,Serrated Axes,questiedb-foreverBaseItem.lua
285285,Schematic: Satchel of Copper Bombs,questiedb-foreverBaseItem.lua
285286,Schematic: Satchel of Bronze Bombs,questiedb-foreverBaseItem.lua
285287,Schematic: Satchel of Iron Bombs,questiedb-foreverBaseItem.lua
285288,Schematic: Satchel of Dark Iron Bombs,questiedb-foreverBaseItem.lua
285289,Plans: Cracked Blacksmith Hammer,questiedb-foreverBaseItem.lua
285290,Plans: Mithril Blacksmith Hammer,questiedb-foreverBaseItem.lua
285291,Plans: Arcanite Blacksmith Hammer,questiedb-foreverBaseItem.lua
285292,Dull Sawblade,questiedb-foreverBaseItem.lua
285326,Leafre's Ring of Armor Piercing,questiedb-foreverBaseItem.lua
285327,Kirin Tor Tabard,questiedb-foreverBaseItem.lua
285328,Taurenbane's Family Cleaver,questiedb-foreverBaseItem.lua
285329,Raptor Hide Cloak,questiedb-foreverBaseItem.lua
285330,Signet of the Zhevra,questiedb-foreverBaseItem.lua
285331,Mark of the Pack Leader,questiedb-foreverBaseItem.lua
285332,Puncturing Spear,questiedb-foreverBaseItem.lua
285338,Kodohide Legguards,questiedb-foreverBaseItem.lua
285339,Centaur War Chain,questiedb-foreverBaseItem.lua
285344,Guard Captains Barrier,questiedb-foreverBaseItem.lua
285345,Feather Padded Treads,questiedb-foreverBaseItem.lua
285346,Alliance Outrunner's Sword,questiedb-foreverBaseItem.lua
285347,Alliance Outrunner Bow,questiedb-foreverBaseItem.lua
285348,Alliance Outrunner Healing Rod,questiedb-foreverBaseItem.lua
285350,Alliance Outrunner Staff,questiedb-foreverBaseItem.lua
285351,Foreman's Enforcers,questiedb-foreverBaseItem.lua
285356,Advisor Emerson's Instructions,questiedb-foreverBaseItem.lua
285357,Advisor Nazgrel's Instructions,questiedb-foreverBaseItem.lua
285359,Warm Apple Juice,questiedb-foreverBaseItem.lua
285362,Red Wine Glass,questiedb-foreverBaseItem.lua
285366,Whirleygig's Supply Stash,questiedb-foreverBaseItem.lua
285808,Eye of Blackhand,questiedb-foreverBaseItem.lua
285868,Eye of Drakkisath,questiedb-foreverBaseItem.lua
285872,Mantle of the Grand Crusader,questiedb-foreverBaseItem.lua
285873,Shattered Pauldron of Rivendare,questiedb-foreverBaseItem.lua
285949,Blood of Immol'thar,questiedb-foreverBaseItem.lua
285951,Direhorn Matriarch's Heart,questiedb-foreverBaseItem.lua
285952,Stone Heart of the Watcher,questiedb-foreverBaseItem.lua
285953,Crown Jewels of Eldre'Thalas,questiedb-foreverBaseItem.lua
285960,Everfrost Sample,questiedb-foreverBaseItem.lua
285962,Gandling's Signet Ring,questiedb-foreverBaseItem.lua
285963,Mote of Corruption,questiedb-foreverBaseItem.lua
286008,Naga Spinefin,questiedb-foreverBaseItem.lua
286009,Aggor's Belt,questiedb-foreverBaseItem.lua
286010,Broken Bone Trident,questiedb-foreverBaseItem.lua
286011,Banner Scrap,questiedb-foreverBaseItem.lua
286012,Orcish Dagger,questiedb-foreverBaseItem.lua
286017,Dewy Lasher Frond,questiedb-foreverBaseItem.lua
286069,Lashwater Salve,questiedb-foreverBaseItem.lua
286075,Herak's Head,questiedb-foreverBaseItem.lua
286076,Schematic: Small Purple Rocket,questiedb-foreverBaseItem.lua
286077,Schematic: Small White Rocket,questiedb-foreverBaseItem.lua
286078,Schematic: Small Yellow Rocket,questiedb-foreverBaseItem.lua
286079,Schematic: Large Purple Rocket,questiedb-foreverBaseItem.lua
286080,Schematic: Large White Rocket,questiedb-foreverBaseItem.lua
286081,Schematic: Large Yellow Rocket,questiedb-foreverBaseItem.lua
286082,Schematic: Purple Rocket Cluster,questiedb-foreverBaseItem.lua
286083,Schematic: White Rocket Cluster,questiedb-foreverBaseItem.lua
286084,Schematic: Yellow Rocket Cluster,questiedb-foreverBaseItem.lua
286085,Schematic: Large Purple Rocket Cluster,questiedb-foreverBaseItem.lua
286086,Schematic: Large White Rocket Cluster,questiedb-foreverBaseItem.lua
286087,Schematic: Large Yellow Rocket Cluster,questiedb-foreverBaseItem.lua
286104,Longwalker Malah's Report,questiedb-foreverBaseItem.lua
286139,"Monster - 1H Mace, Barrow Deeps - Red",questiedb-foreverBaseItem.lua
286140,"Monster - Shield, Paladin",wowhead_forever_gearplanner.txt
286152,Plated Armorfish,questiedb-foreverBaseItem.lua
286153,Recipe: Plated Armorfish,questiedb-foreverBaseItem.lua
286176,Executor's Motivator,questiedb-foreverBaseItem.lua
286200,Dillinger's Report,questiedb-foreverBaseItem.lua
286201,Kristof's Report,questiedb-foreverBaseItem.lua
286202,Gordo's Report,questiedb-foreverBaseItem.lua
286204,Tomb Weed,questiedb-foreverBaseItem.lua
286205,Half-Eaten Fish,questiedb-foreverBaseItem.lua
286209,Shiny Junk,questiedb-foreverBaseItem.lua
286210,A Winter Veil Gift,questiedb-foreverBaseItem.lua
286214,Duskweed Petal,questiedb-foreverBaseItem.lua
286215,Vial of Animal Blood,questiedb-foreverBaseItem.lua
286259,Faintly Glowing Bone,questiedb-foreverBaseItem.lua
286263,Muradin Bronzebeard's Silver Coin,questiedb-foreverBaseItem.lua
286264,Aegwynn's Silver Coin,questiedb-foreverBaseItem.lua
286265,Alleria's Silver Coin,questiedb-foreverBaseItem.lua
286266,Antonidas' Silver Coin,questiedb-foreverBaseItem.lua
286267,Arcanist Doan's Silver Coin,questiedb-foreverBaseItem.lua
286268,Fandral Staghelm's Silver Coin,questiedb-foreverBaseItem.lua
286269,Glowing Crystal Fragment,questiedb-foreverBaseItem.lua
286270,High Tinker Mekkatorque's Silver Coin,questiedb-foreverBaseItem.lua
286271,Khadgar's Silver Coin,questiedb-foreverBaseItem.lua
286272,King Terenas Menethil's Silver Coin,questiedb-foreverBaseItem.lua
286273,Maiev Shadowsong's Silver Coin,questiedb-foreverBaseItem.lua
286274,Medivh's Silver Coin,questiedb-foreverBaseItem.lua
286275,Prince Magni Bronzebeard's Silver Coin,questiedb-foreverBaseItem.lua
286279,Anduin Wrynn's Gold Coin,questiedb-foreverBaseItem.lua
286280,Uther Lightbringer's Gold Coin,questiedb-foreverBaseItem.lua
286281,Arthas' Gold Coin,questiedb-foreverBaseItem.lua
286283,Arugal's Gold Coin,questiedb-foreverBaseItem.lua
286284,Brann Bronzebeard's Gold Coin,questiedb-foreverBaseItem.lua
286287,Kel'Thuzad's Gold Coin,questiedb-foreverBaseItem.lua
286288,Lady Jaina Proudmoore's Gold Coin,questiedb-foreverBaseItem.lua
286290,Lady Katrana Prestor's Gold Coin,questiedb-foreverBaseItem.lua
286291,Sylvanas Windrunner's Gold Coin,questiedb-foreverBaseItem.lua
286292,Tirion Fordring's Gold Coin,questiedb-foreverBaseItem.lua
286293,Archimonde's Gold Coin,questiedb-foreverBaseItem.lua
286294,Valdrus Blackthorne's Gold Coin,questiedb-foreverBaseItem.lua
286298,Umbrinoth's Gold Coin,questiedb-foreverBaseItem.lua
286299,Thrall's Gold Coin,questiedb-foreverBaseItem.lua
286300,Sonya Darkhallow's Gold Coin,questiedb-foreverBaseItem.lua
286302,Zarla Ober's Gold Coin,questiedb-foreverBaseItem.lua
286304,A Footman's Copper Coin,questiedb-foreverBaseItem.lua
286306,Vargoth's Copper Coin,questiedb-foreverBaseItem.lua
286307,Ansirem's Copper Coin,questiedb-foreverBaseItem.lua
286308,Attumen's Copper Coin,questiedb-foreverBaseItem.lua
286309,Danath's Copper Coin,questiedb-foreverBaseItem.lua
286310,Elling Trias' Copper Coin,questiedb-foreverBaseItem.lua
286311,Falstad Wildhammer's Copper Coin,questiedb-foreverBaseItem.lua
286312,Inigo's Copper Coin,questiedb-foreverBaseItem.lua
286313,Landro Longshot's Copper Coin,questiedb-foreverBaseItem.lua
286314,Squire Rowan's Copper Coin,questiedb-foreverBaseItem.lua
286315,Rath'mael's Copper Coin,questiedb-foreverBaseItem.lua
286316,Mason's Copper Coin,questiedb-foreverBaseItem.lua
286317,Ofalo's Copper Coin,questiedb-foreverBaseItem.lua
286318,Sair's Copper Coin,questiedb-foreverBaseItem.lua
286325,Avala's Core,questiedb-foreverBaseItem.lua
286326,Riptear's Heart,questiedb-foreverBaseItem.lua
286327,Rhonin's Gold Coin,questiedb-foreverBaseItem.lua
286328,Elaadrin Evengale's Silver Coin,questiedb-foreverBaseItem.lua
286339,Mostly Dry Firewood,questiedb-foreverBaseItem.lua
286355,Crate of Candles,questiedb-foreverBaseItem.lua
286358,Coalbeard's Rifle,questiedb-foreverBaseItem.lua
286359,Sunhammer's Rifle,questiedb-foreverBaseItem.lua
286360,Stoneanvil's Rifle,questiedb-foreverBaseItem.lua
286405,Blooming Heart,questiedb-foreverBaseItem.lua
286411,Plant Stem,questiedb-foreverBaseItem.lua
286415,Reliquary of Tyr,questiedb-foreverBaseItem.lua
286424,"Monster - Sword, Scimitar Basic",questiedb-foreverBaseItem.lua
286425,"Monster - Sword, Scimitar Basic",questiedb-foreverBaseItem.lua
286426,Honorbound Cloak,questiedb-foreverBaseItem.lua
286427,Cloak of the Honored Guest,questiedb-foreverBaseItem.lua
286533,Cheetah Hide Grips,questiedb-foreverBaseItem.lua
286534,Silithid Piercer,questiedb-foreverBaseItem.lua
286535,Sludge-Stained Band,questiedb-foreverBaseItem.lua
286536,Heckler's Hide,questiedb-foreverBaseItem.lua
286537,Thunderstomp's Horn,questiedb-foreverBaseItem.lua
286540,The Skyblade,questiedb-foreverBaseItem.lua
286541,Bael'dun Tankard,questiedb-foreverBaseItem.lua
286554,Warleader's Signet,questiedb-foreverBaseItem.lua
286556,Winds of Tanaris,wowhead_forever_gearplanner.txt
286568,Blisterpaw Bones,wowhead_forever_gearplanner.txt
286639,Ambassdor's Bloodrobes,wowhead_forever_gearplanner.txt
286647,Depleted Crystal Heart,questiedb-foreverBaseItem.lua
286648,Depleted Crystal Heart,questiedb-foreverBaseItem.lua
286728,Kolkar Hammer,questiedb-foreverBaseItem.lua
286729,Kolkar Bow,questiedb-foreverBaseItem.lua
286730,Pristine Orcish Dagger,questiedb-foreverBaseItem.lua
286731,Aggor's Refitted Belt,questiedb-foreverBaseItem.lua
286732,Shiny Silver Coin,questiedb-foreverBaseItem.lua
286733,Fightin' Fish,questiedb-foreverBaseItem.lua
286734,Ban'ethil Quiver,questiedb-foreverBaseItem.lua
286735,Sentinel's Slasher,questiedb-foreverBaseItem.lua
286737,Avala's Binding,questiedb-foreverBaseItem.lua
286740,Proud Brave's Guard,questiedb-foreverBaseItem.lua
286741,Centaur Skull Basher,questiedb-foreverBaseItem.lua
286742,Riptear's Cleaver,questiedb-foreverBaseItem.lua
286743,Riptear's Spare Arm,questiedb-foreverBaseItem.lua
286744,Thrice-Stitched Flesh,questiedb-foreverBaseItem.lua
286745,Furlfeather Ring,questiedb-foreverBaseItem.lua
286746,Shal'ma's Shawl,questiedb-foreverBaseItem.lua
286748,Bristlebark Bow,questiedb-foreverBaseItem.lua
286749,Wrathroot,questiedb-foreverBaseItem.lua
286750,Wisesight Wand,questiedb-foreverBaseItem.lua
286751,Ghostfang's Steps,questiedb-foreverBaseItem.lua
286752,Igleggings,questiedb-foreverBaseItem.lua
286753,Snarlsnout Shooter,questiedb-foreverBaseItem.lua
286754,Ukta's Conduit,questiedb-foreverBaseItem.lua
286755,Helm Splitter,questiedb-foreverBaseItem.lua
286978,Rotmender's Robes,questiedb-foreverBaseItem.lua
286979,Rotmender's Gloves,questiedb-foreverBaseItem.lua
286980,Rotmender's Sash,questiedb-foreverBaseItem.lua
287090,Sharpened Letter Opener,questiedb-foreverBaseItem.lua
