ID,Name,Source
2,Sharptalon's Claw,questiedb/foreverQuestDB.lua
5,Jitters' Growling Gut,questiedb/foreverQuestDB.lua
6,Bounty on Garrick Padfoot,questiedb/foreverQuestDB.lua
7,Kobold Camp Cleanup,questiedb/foreverQuestDB.lua
8,A Rogue's Deal,questiedb/foreverQuestDB.lua
9,The Killing Fields,questiedb/foreverQuestDB.lua
10,The Scrimshank Redemption,questiedb/foreverQuestDB.lua
11,Riverpaw Gnoll Bounty,questiedb/foreverQuestDB.lua
12,The People's Militia,questiedb/foreverQuestDB.lua
13,The People's Militia,questiedb/foreverQuestDB.lua
14,The People's Militia,questiedb/foreverQuestDB.lua
15,Investigate Echo Ridge,questiedb/foreverQuestDB.lua
16,Give Gerard a Drink,questiedb/foreverQuestDB.lua
17,Uldaman Reagent Run,questiedb/foreverQuestDB.lua
18,Brotherhood of Thieves,questiedb/foreverQuestDB.lua
19,Tharil'zun,questiedb/foreverQuestDB.lua
20,Blackrock Menace,questiedb/foreverQuestDB.lua
21,Skirmish at Echo Ridge,questiedb/foreverQuestDB.lua
22,Goretusk Liver Pie,questiedb/foreverQuestDB.lua
23,Ursangous's Paw,questiedb/foreverQuestDB.lua
24,Shadumbra's Head,questiedb/foreverQuestDB.lua
25,Stonetalon Standstill,questiedb/foreverQuestDB.lua
26,A Lesson to Learn,questiedb/foreverQuestDB.lua
27,A Lesson to Learn,questiedb/foreverQuestDB.lua
28,Trial of the Lake,questiedb/foreverQuestDB.lua
29,Trial of the Lake,questiedb/foreverQuestDB.lua
30,Trial of the Sea Lion,questiedb/foreverQuestDB.lua
31,Aquatic Form,questiedb/foreverQuestDB.lua
32,Rise of the Silithid,questiedb/foreverQuestDB.lua
33,Wolves Across the Border,questiedb/foreverQuestDB.lua
34,An Unwelcome Guest,questiedb/foreverQuestDB.lua
35,Further Concerns,questiedb/foreverQuestDB.lua
36,Westfall Stew,questiedb/foreverQuestDB.lua
37,Find the Lost Guards,questiedb/foreverQuestDB.lua
38,Westfall Stew,questiedb/foreverQuestDB.lua
39,Deliver Thomas' Report,questiedb/foreverQuestDB.lua
40,A Fishy Peril,questiedb/foreverQuestDB.lua
45,Discover Rolf's Fate,questiedb/foreverQuestDB.lua
46,Bounty on Murlocs,questiedb/foreverQuestDB.lua
47,Gold Dust Exchange,questiedb/foreverQuestDB.lua
48,Sweet Amber,questiedb/foreverQuestDB.lua
49,Sweet Amber,questiedb/foreverQuestDB.lua
50,Sweet Amber,questiedb/foreverQuestDB.lua
51,Sweet Amber,questiedb/foreverQuestDB.lua
52,Protect the Frontier,questiedb/foreverQuestDB.lua
53,Sweet Amber,questiedb/foreverQuestDB.lua
54,Report to Goldshire,questiedb/foreverQuestDB.lua
55,Morbent Fel,questiedb/foreverQuestDB.lua
56,The Night Watch,questiedb/foreverQuestDB.lua
57,The Night Watch,questiedb/foreverQuestDB.lua
58,The Night Watch,questiedb/foreverQuestDB.lua
59,Cloth and Leather Armor,questiedb/foreverQuestDB.lua
60,Kobold Candles,questiedb/foreverQuestDB.lua
61,Shipment to Stormwind,questiedb/foreverQuestDB.lua
62,The Fargodeep Mine,questiedb/foreverQuestDB.lua
63,Call of Water,questiedb/foreverQuestDB.lua
64,The Forgotten Heirloom,questiedb/foreverQuestDB.lua
65,The Defias Brotherhood,questiedb/foreverQuestDB.lua
66,The Legend of Stalvan,questiedb/foreverQuestDB.lua
67,The Legend of Stalvan,questiedb/foreverQuestDB.lua
68,The Legend of Stalvan,questiedb/foreverQuestDB.lua
69,The Legend of Stalvan,questiedb/foreverQuestDB.lua
70,The Legend of Stalvan,questiedb/foreverQuestDB.lua
71,Report to Thomas,questiedb/foreverQuestDB.lua
72,The Legend of Stalvan,questiedb/foreverQuestDB.lua
74,The Legend of Stalvan,questiedb/foreverQuestDB.lua
75,The Legend of Stalvan,questiedb/foreverQuestDB.lua
76,The Jasperlode Mine,questiedb/foreverQuestDB.lua
77,A Sticky Situation,questiedb/foreverQuestDB.lua
78,The Legend of Stalvan,questiedb/foreverQuestDB.lua
79,The Legend of Stalvan,questiedb/foreverQuestDB.lua
80,The Legend of Stalvan,questiedb/foreverQuestDB.lua
81,Ripple Delivery,questiedb/foreverQuestDB.lua
82,Noxious Lair Investigation,questiedb/foreverQuestDB.lua
83,Red Linen Goods,questiedb/foreverQuestDB.lua
84,Back to Billy,questiedb/foreverQuestDB.lua
85,Lost Necklace,questiedb/foreverQuestDB.lua
86,Pie for Billy,questiedb/foreverQuestDB.lua
87,Goldtooth,questiedb/foreverQuestDB.lua
88,Princess Must Die!,questiedb/foreverQuestDB.lua
89,The Everstill Bridge,questiedb/foreverQuestDB.lua
90,Seasoned Wolf Kabobs,questiedb/foreverQuestDB.lua
91,Solomon's Law,questiedb/foreverQuestDB.lua
92,Redridge Goulash,questiedb/foreverQuestDB.lua
93,Dusky Crab Cakes,questiedb/foreverQuestDB.lua
94,A Watchful Eye,questiedb/foreverQuestDB.lua
95,Sven's Revenge,questiedb/foreverQuestDB.lua
96,Call of Water,questiedb/foreverQuestDB.lua
97,The Legend of Stalvan,questiedb/foreverQuestDB.lua
98,The Legend of Stalvan,questiedb/foreverQuestDB.lua
99,Arugal's Folly,questiedb/foreverQuestDB.lua
100,Call of Water,questiedb/foreverQuestDB.lua
101,The Totem of Infliction,questiedb/foreverQuestDB.lua
102,Patrolling Westfall,questiedb/foreverQuestDB.lua
103,Keeper of the Flame,questiedb/foreverQuestDB.lua
104,The Coastal Menace,questiedb/foreverQuestDB.lua
105,"Alas, Andorhal",questiedb/foreverQuestDB.lua
106,Young Lovers,questiedb/foreverQuestDB.lua
107,Note to William,questiedb/foreverQuestDB.lua
109,Report to Gryan Stoutmantle,questiedb/foreverQuestDB.lua
110,Insect Part Analysis,questiedb/foreverQuestDB.lua
111,Speak with Gramma,questiedb/foreverQuestDB.lua
112,Collecting Kelp,questiedb/foreverQuestDB.lua
113,Insect Part Analysis,questiedb/foreverQuestDB.lua
114,The Escape,questiedb/foreverQuestDB.lua
115,Shadow Magic,questiedb/foreverQuestDB.lua
116,Dry Times,questiedb/foreverQuestDB.lua
117,Thunderbrew Lager,questiedb/foreverQuestDB.lua
118,The Price of Shoes,questiedb/foreverQuestDB.lua
119,Return to Verner,questiedb/foreverQuestDB.lua
120,Messenger to Stormwind,questiedb/foreverQuestDB.lua
121,Messenger to Stormwind,questiedb/foreverQuestDB.lua
122,Underbelly Scales,questiedb/foreverQuestDB.lua
123,The Collector,questiedb/foreverQuestDB.lua
124,A Baying of Gnolls,questiedb/foreverQuestDB.lua
125,The Lost Tools,questiedb/foreverQuestDB.lua
126,Howling in the Hills,questiedb/foreverQuestDB.lua
127,Selling Fish,questiedb/foreverQuestDB.lua
128,Blackrock Bounty,questiedb/foreverQuestDB.lua
129,A Free Lunch,questiedb/foreverQuestDB.lua
130,Visit the Herbalist,questiedb/foreverQuestDB.lua
131,Delivering Daffodils,questiedb/foreverQuestDB.lua
132,The Defias Brotherhood,questiedb/foreverQuestDB.lua
133,Ghoulish Effigy,questiedb/foreverQuestDB.lua
134,Ogre Thieves,questiedb/foreverQuestDB.lua
135,The Defias Brotherhood,questiedb/foreverQuestDB.lua
136,Captain Sander's Hidden Treasure,questiedb/foreverQuestDB.lua
138,Captain Sander's Hidden Treasure,questiedb/foreverQuestDB.lua
139,Captain Sander's Hidden Treasure,questiedb/foreverQuestDB.lua
140,Captain Sander's Hidden Treasure,questiedb/foreverQuestDB.lua
141,The Defias Brotherhood,questiedb/foreverQuestDB.lua
142,The Defias Brotherhood,questiedb/foreverQuestDB.lua
143,Messenger to Westfall,questiedb/foreverQuestDB.lua
144,Messenger to Westfall,questiedb/foreverQuestDB.lua
145,Messenger to Darkshire,questiedb/foreverQuestDB.lua
146,Messenger to Darkshire,questiedb/foreverQuestDB.lua
147,Manhunt,questiedb/foreverQuestDB.lua
148,Supplies from Darkshire,questiedb/foreverQuestDB.lua
149,Ghost Hair Thread,questiedb/foreverQuestDB.lua
150,Murloc Poachers,questiedb/foreverQuestDB.lua
151,Poor Old Blanchy,questiedb/foreverQuestDB.lua
152,The Coast Isn't Clear,questiedb/foreverQuestDB.lua
153,Red Leather Bandanas,questiedb/foreverQuestDB.lua
154,Return the Comb,questiedb/foreverQuestDB.lua
155,The Defias Brotherhood,questiedb/foreverQuestDB.lua
156,Gather Rot Blossoms,questiedb/foreverQuestDB.lua
157,Deliver the Thread,questiedb/foreverQuestDB.lua
158,Zombie Juice,questiedb/foreverQuestDB.lua
159,Juice Delivery,questiedb/foreverQuestDB.lua
160,Note to the Mayor,questiedb/foreverQuestDB.lua
161,A Dark Threat Looms,questiedb/foreverQuestDB.lua
162,Rise of the Silithid,questiedb/foreverQuestDB.lua
163,Raven Hill,questiedb/foreverQuestDB.lua
164,Deliveries to Sven,questiedb/foreverQuestDB.lua
165,The Hermit,questiedb/foreverQuestDB.lua
166,The Defias Brotherhood,questiedb/foreverQuestDB.lua
167,Oh Brother. . .,questiedb/foreverQuestDB.lua
168,Collecting Memories,questiedb/foreverQuestDB.lua
169,Wanted: Gath'Ilzogg,questiedb/foreverQuestDB.lua
170,A New Threat,questiedb/foreverQuestDB.lua
171,A Warden of the Alliance,questiedb/foreverQuestDB.lua
172,Children's Week,questiedb/foreverQuestDB.lua
173,Worgen in the Woods,questiedb/foreverQuestDB.lua
174,Look To The Stars,questiedb/foreverQuestDB.lua
175,Look To The Stars,questiedb/foreverQuestDB.lua
176,"Wanted:  ""Hogger""",questiedb/foreverQuestDB.lua
177,Look To The Stars,questiedb/foreverQuestDB.lua
178,Theocritus' Retrieval,questiedb/foreverQuestDB.lua
179,Dwarven Outfitters,questiedb/foreverQuestDB.lua
180,Wanted: Lieutenant Fangore,questiedb/foreverQuestDB.lua
181,Look To The Stars,questiedb/foreverQuestDB.lua
182,The Troll Cave,questiedb/foreverQuestDB.lua
183,The Boar Hunter,questiedb/foreverQuestDB.lua
184,Furlbrow's Deed,questiedb/foreverQuestDB.lua
185,Tiger Mastery,questiedb/foreverQuestDB.lua
186,Tiger Mastery,questiedb/foreverQuestDB.lua
187,Tiger Mastery,questiedb/foreverQuestDB.lua
188,Tiger Mastery,questiedb/foreverQuestDB.lua
189,Bloodscalp Ears,questiedb/foreverQuestDB.lua
190,Panther Mastery,questiedb/foreverQuestDB.lua
191,Panther Mastery,questiedb/foreverQuestDB.lua
192,Panther Mastery,questiedb/foreverQuestDB.lua
193,Panther Mastery,questiedb/foreverQuestDB.lua
194,Raptor Mastery,questiedb/foreverQuestDB.lua
195,Raptor Mastery,questiedb/foreverQuestDB.lua
196,Raptor Mastery,questiedb/foreverQuestDB.lua
197,Raptor Mastery,questiedb/foreverQuestDB.lua
198,Supplies to Private Thorsen,questiedb/foreverQuestDB.lua
199,A Dark Threat Looms,questiedb/foreverQuestDB.lua
200,Bookie Herod,questiedb/foreverQuestDB.lua
201,Investigate the Camp,questiedb/foreverQuestDB.lua
202,Colonel Kurzen,questiedb/foreverQuestDB.lua
203,The Second Rebellion,questiedb/foreverQuestDB.lua
204,Bad Medicine,questiedb/foreverQuestDB.lua
205,Troll Witchery,questiedb/foreverQuestDB.lua
206,Mai'Zoth,questiedb/foreverQuestDB.lua
207,Kurzen's Mystery,questiedb/foreverQuestDB.lua
208,Big Game Hunter,questiedb/foreverQuestDB.lua
209,Skullsplitter Tusks,questiedb/foreverQuestDB.lua
210,Krazek's Cookery,questiedb/foreverQuestDB.lua
211,"Alas, Andorhal",questiedb/foreverQuestDB.lua
212,A Meal Served Cold,questiedb/foreverQuestDB.lua
213,Hostile Takeover,questiedb/foreverQuestDB.lua
214,Red Silk Bandanas,questiedb/foreverQuestDB.lua
215,Jungle Secrets,questiedb/foreverQuestDB.lua
216,Between a Rock and a Thistlefur,questiedb/foreverQuestDB.lua
217,In Defense of the King's Lands,questiedb/foreverQuestDB.lua
218,The Stolen Journal,questiedb/foreverQuestDB.lua
219,Missing In Action,questiedb/foreverQuestDB.lua
220,Call of Water,questiedb/foreverQuestDB.lua
221,Worgen in the Woods,questiedb/foreverQuestDB.lua
222,Worgen in the Woods,questiedb/foreverQuestDB.lua
223,Worgen in the Woods,questiedb/foreverQuestDB.lua
224,In Defense of the King's Lands,questiedb/foreverQuestDB.lua
225,The Weathered Grave,questiedb/foreverQuestDB.lua
226,Wolves at Our Heels,questiedb/foreverQuestDB.lua
227,Morgan Ladimore,questiedb/foreverQuestDB.lua
228,Mor'Ladim,questiedb/foreverQuestDB.lua
229,The Daughter Who Lived,questiedb/foreverQuestDB.lua
230,Sven's Camp,questiedb/foreverQuestDB.lua
231,A Daughter's Love,questiedb/foreverQuestDB.lua
232,Errand for Apothecary Zinge,questiedb/foreverQuestDB.lua
233,Coldridge Valley Mail Delivery,questiedb/foreverQuestDB.lua
234,Coldridge Valley Mail Delivery,questiedb/foreverQuestDB.lua
235,The Ashenvale Hunt,questiedb/foreverQuestDB.lua
237,In Defense of the King's Lands,questiedb/foreverQuestDB.lua
238,Errand for Apothecary Zinge,questiedb/foreverQuestDB.lua
239,Westbrook Garrison Needs Help!,questiedb/foreverQuestDB.lua
240,Return to Jitters,questiedb/foreverQuestDB.lua
243,Into the Field,questiedb/foreverQuestDB.lua
244,Encroaching Gnolls,questiedb/foreverQuestDB.lua
245,Eight-Legged Menaces,questiedb/foreverQuestDB.lua
246,Assessing the Threat,questiedb/foreverQuestDB.lua
247,The Hunt Completed,questiedb/foreverQuestDB.lua
248,Looking Further,questiedb/foreverQuestDB.lua
249,Morganth,questiedb/foreverQuestDB.lua
250,A Dark Threat Looms,questiedb/foreverQuestDB.lua
251,Translate Abercrombie's Note,questiedb/foreverQuestDB.lua
252,Translation to Ello,questiedb/foreverQuestDB.lua
253,Bride of the Embalmer,questiedb/foreverQuestDB.lua
254,Digging Through the Dirt,questiedb/foreverQuestDB.lua
255,Mercenaries,questiedb/foreverQuestDB.lua
256,WANTED: Chok'sul,questiedb/foreverQuestDB.lua
257,A Hunter's Boast,questiedb/foreverQuestDB.lua
258,A Hunter's Challenge,questiedb/foreverQuestDB.lua
261,Down the Scarlet Path,questiedb/foreverQuestDB.lua
262,The Shadowy Figure,questiedb/foreverQuestDB.lua
263,In Defense of the King's Lands,questiedb/foreverQuestDB.lua
264,Until Death Do Us Part,questiedb/foreverQuestDB.lua
265,The Shadowy Search Continues,questiedb/foreverQuestDB.lua
266,Inquire at the Inn,questiedb/foreverQuestDB.lua
267,The Trogg Threat,questiedb/foreverQuestDB.lua
268,Return to Sven,questiedb/foreverQuestDB.lua
269,Seeking Wisdom,questiedb/foreverQuestDB.lua
270,The Doomed Fleet,questiedb/foreverQuestDB.lua
271,Vyrin's Revenge,questiedb/foreverQuestDB.lua
272,Trial of the Sea Lion,questiedb/foreverQuestDB.lua
273,Resupplying the Excavation,questiedb/foreverQuestDB.lua
274,A Dark Threat Looms,questiedb/foreverQuestDB.lua
275,Blisters on The Land,questiedb/foreverQuestDB.lua
276,Tramping Paws,questiedb/foreverQuestDB.lua
277,Fire Taboo,questiedb/foreverQuestDB.lua
278,A Dark Threat Looms,questiedb/foreverQuestDB.lua
279,Claws from the Deep,questiedb/foreverQuestDB.lua
280,A Dark Threat Looms,questiedb/foreverQuestDB.lua
281,Reclaiming Goods,questiedb/foreverQuestDB.lua
282,Senir's Observations,questiedb/foreverQuestDB.lua
283,A Dark Threat Looms,questiedb/foreverQuestDB.lua
284,The Search Continues,questiedb/foreverQuestDB.lua
285,Search More Hovels,questiedb/foreverQuestDB.lua
286,Return the Statuette,questiedb/foreverQuestDB.lua
287,Frostmane Hold,questiedb/foreverQuestDB.lua
288,The Third Fleet,questiedb/foreverQuestDB.lua
289,The Cursed Crew,questiedb/foreverQuestDB.lua
290,Lifting the Curse,questiedb/foreverQuestDB.lua
291,The Reports,questiedb/foreverQuestDB.lua
292,The Eye of Paleth,questiedb/foreverQuestDB.lua
293,Cleansing the Eye,questiedb/foreverQuestDB.lua
294,Ormer's Revenge,questiedb/foreverQuestDB.lua
295,Ormer's Revenge,questiedb/foreverQuestDB.lua
296,Ormer's Revenge,questiedb/foreverQuestDB.lua
297,Gathering Idols,questiedb/foreverQuestDB.lua
298,Excavation Progress Report,questiedb/foreverQuestDB.lua
299,Uncovering the Past,questiedb/foreverQuestDB.lua
301,Report to Ironforge,questiedb/foreverQuestDB.lua
302,Powder to Ironband,questiedb/foreverQuestDB.lua
303,The Dark Iron War,questiedb/foreverQuestDB.lua
304,A Grim Task,questiedb/foreverQuestDB.lua
305,In Search of The Excavation Team,questiedb/foreverQuestDB.lua
306,In Search of The Excavation Team,questiedb/foreverQuestDB.lua
307,Filthy Paws,questiedb/foreverQuestDB.lua
308,Distracting Jarven,questiedb/foreverQuestDB.lua
309,Protecting the Shipment,questiedb/foreverQuestDB.lua
310,Bitter Rivals,questiedb/foreverQuestDB.lua
311,Return to Marleth,questiedb/foreverQuestDB.lua
312,Tundra MacGrann's Stolen Stash,questiedb/foreverQuestDB.lua
313,The Grizzled Den,questiedb/foreverQuestDB.lua
314,Protecting the Herd,questiedb/foreverQuestDB.lua
315,The Perfect Stout,questiedb/foreverQuestDB.lua
317,Stocking Jetsteam,questiedb/foreverQuestDB.lua
318,Evershine,questiedb/foreverQuestDB.lua
319,A Favor for Evershine,questiedb/foreverQuestDB.lua
320,Return to Bellowfiz,questiedb/foreverQuestDB.lua
321,Lightforge Iron,questiedb/foreverQuestDB.lua
322,Blessed Arm,questiedb/foreverQuestDB.lua
323,Proving Your Worth,questiedb/foreverQuestDB.lua
324,The Lost Ingots,questiedb/foreverQuestDB.lua
325,Armed and Ready,questiedb/foreverQuestDB.lua
328,The Hidden Key,questiedb/foreverQuestDB.lua
329,The Spy Revealed!,questiedb/foreverQuestDB.lua
330,Patrol Schedules,questiedb/foreverQuestDB.lua
331,Report to Doren,questiedb/foreverQuestDB.lua
332,Wine Shop Advert,questiedb/foreverQuestDB.lua
333,Harlan Needs a Resupply,questiedb/foreverQuestDB.lua
334,Package for Thurman,questiedb/foreverQuestDB.lua
335,A Noble Brew,questiedb/foreverQuestDB.lua
336,A Noble Brew,questiedb/foreverQuestDB.lua
337,An Old History Book,questiedb/foreverQuestDB.lua
338,The Green Hills of Stranglethorn,questiedb/foreverQuestDB.lua
339,Chapter I,questiedb/foreverQuestDB.lua
340,Chapter II,questiedb/foreverQuestDB.lua
341,Chapter III,questiedb/foreverQuestDB.lua
342,Chapter IV,questiedb/foreverQuestDB.lua
343,Speaking of Fortitude,questiedb/foreverQuestDB.lua
344,Brother Paxton,questiedb/foreverQuestDB.lua
345,Ink Supplies,questiedb/foreverQuestDB.lua
346,Return to Kristoff,questiedb/foreverQuestDB.lua
347,Rethban Ore,questiedb/foreverQuestDB.lua
348,Stranglethorn Fever,questiedb/foreverQuestDB.lua
349,Stranglethorn Fever,questiedb/foreverQuestDB.lua
350,Look to an Old Friend,questiedb/foreverQuestDB.lua
351,Find OOX-17/TN!,questiedb/foreverQuestDB.lua
353,Stormpike's Delivery,questiedb/foreverQuestDB.lua
354,Deaths in the Family,questiedb/foreverQuestDB.lua
355,Speak with Sevren,questiedb/foreverQuestDB.lua
356,Rear Guard Patrol,questiedb/foreverQuestDB.lua
357,The Lich's Identity,questiedb/foreverQuestDB.lua
358,Graverobbers,questiedb/foreverQuestDB.lua
359,Forsaken Duties,questiedb/foreverQuestDB.lua
360,Return to the Magistrate,questiedb/foreverQuestDB.lua
361,A Letter Undelivered,questiedb/foreverQuestDB.lua
362,The Haunted Mills,questiedb/foreverQuestDB.lua
363,Rude Awakening,questiedb/foreverQuestDB.lua
364,The Mindless Ones,questiedb/foreverQuestDB.lua
365,Fields of Grief,questiedb/foreverQuestDB.lua
366,Return the Book,questiedb/foreverQuestDB.lua
367,A New Plague,questiedb/foreverQuestDB.lua
368,A New Plague,questiedb/foreverQuestDB.lua
369,A New Plague,questiedb/foreverQuestDB.lua
370,At War With The Scarlet Crusade,questiedb/foreverQuestDB.lua
371,At War With The Scarlet Crusade,questiedb/foreverQuestDB.lua
372,At War With The Scarlet Crusade,questiedb/foreverQuestDB.lua
373,The Unsent Letter,questiedb/foreverQuestDB.lua
374,Proof of Demise,questiedb/foreverQuestDB.lua
375,The Chill of Death,questiedb/foreverQuestDB.lua
376,The Damned,questiedb/foreverQuestDB.lua
377,Crime and Punishment,questiedb/foreverQuestDB.lua
378,The Fury Runs Deep,questiedb/foreverQuestDB.lua
379,Slake That Thirst,questiedb/foreverQuestDB.lua
380,Night Web's Hollow,questiedb/foreverQuestDB.lua
381,The Scarlet Crusade,questiedb/foreverQuestDB.lua
382,The Red Messenger,questiedb/foreverQuestDB.lua
383,Vital Intelligence,questiedb/foreverQuestDB.lua
384,Beer Basted Boar Ribs,questiedb/foreverQuestDB.lua
385,Crocolisk Hunting,questiedb/foreverQuestDB.lua
386,What Comes Around...,questiedb/foreverQuestDB.lua
387,Quell The Uprising,questiedb/foreverQuestDB.lua
388,The Color of Blood,questiedb/foreverQuestDB.lua
389,Bazil Thredd,questiedb/foreverQuestDB.lua
391,The Stockade Riots,questiedb/foreverQuestDB.lua
392,The Curious Visitor,questiedb/foreverQuestDB.lua
393,Shadow of the Past,questiedb/foreverQuestDB.lua
394,The Head of the Beast,questiedb/foreverQuestDB.lua
395,Brotherhood's End,questiedb/foreverQuestDB.lua
396,An Audience with the King,questiedb/foreverQuestDB.lua
397,You Have Served Us Well,questiedb/foreverQuestDB.lua
398,Wanted: Maggot Eye,questiedb/foreverQuestDB.lua
399,Humble Beginnings,questiedb/foreverQuestDB.lua
400,Tools for Steelgrill,questiedb/foreverQuestDB.lua
401,Wait for Sirra to Finish,questiedb/foreverQuestDB.lua
403,Guarded Thunderbrew Barrel,questiedb/foreverQuestDB.lua
404,A Putrid Task,questiedb/foreverQuestDB.lua
405,The Prodigal Lich,questiedb/foreverQuestDB.lua
407,Fields of Grief,questiedb/foreverQuestDB.lua
408,The Family Crypt,questiedb/foreverQuestDB.lua
409,Proving Allegiance,questiedb/foreverQuestDB.lua
410,The Dormant Shade,questiedb/foreverQuestDB.lua
411,The Prodigal Lich Returns,questiedb/foreverQuestDB.lua
412,Operation Recombobulation,questiedb/foreverQuestDB.lua
413,Shimmer Stout,questiedb/foreverQuestDB.lua
414,Stout to Kadrell,questiedb/foreverQuestDB.lua
415,Rejold's New Brew,questiedb/foreverQuestDB.lua
416,Rat Catching,questiedb/foreverQuestDB.lua
417,A Pilot's Revenge,questiedb/foreverQuestDB.lua
418,Thelsamar Blood Sausages,questiedb/foreverQuestDB.lua
419,The Lost Pilot,questiedb/foreverQuestDB.lua
420,Senir's Observations,questiedb/foreverQuestDB.lua
421,Prove Your Worth,questiedb/foreverQuestDB.lua
422,Arugal's Folly,questiedb/foreverQuestDB.lua
423,Arugal's Folly,questiedb/foreverQuestDB.lua
424,Arugal's Folly,questiedb/foreverQuestDB.lua
425,Ivar the Foul,questiedb/foreverQuestDB.lua
426,The Mills Overrun,questiedb/foreverQuestDB.lua
427,At War With The Scarlet Crusade,questiedb/foreverQuestDB.lua
428,Lost Deathstalkers,questiedb/foreverQuestDB.lua
429,Wild Hearts,questiedb/foreverQuestDB.lua
430,Return to Quinn,questiedb/foreverQuestDB.lua
431,Candles of Beckoning,questiedb/foreverQuestDB.lua
432,Those Blasted Troggs!,questiedb/foreverQuestDB.lua
433,The Public Servant,questiedb/foreverQuestDB.lua
434,The Attack!,questiedb/foreverQuestDB.lua
435,Escorting Erland,questiedb/foreverQuestDB.lua
436,Ironband's Excavation,questiedb/foreverQuestDB.lua
437,The Dead Fields,questiedb/foreverQuestDB.lua
438,The Decrepit Ferry,questiedb/foreverQuestDB.lua
439,Rot Hide Clues,questiedb/foreverQuestDB.lua
440,The Engraved Ring,questiedb/foreverQuestDB.lua
441,Raleigh and the Undercity,questiedb/foreverQuestDB.lua
442,Assault on Fenris Isle,questiedb/foreverQuestDB.lua
443,Rot Hide Ichor,questiedb/foreverQuestDB.lua
444,Rot Hide Origins,questiedb/foreverQuestDB.lua
445,Delivery to Silverpine Forest,questiedb/foreverQuestDB.lua
446,Thule Ravenclaw,questiedb/foreverQuestDB.lua
447,A Recipe For Death,questiedb/foreverQuestDB.lua
448,Report to Hadrec,questiedb/foreverQuestDB.lua
449,The Deathstalkers' Report,questiedb/foreverQuestDB.lua
450,A Recipe For Death,questiedb/foreverQuestDB.lua
451,A Recipe For Death,questiedb/foreverQuestDB.lua
452,Pyrewood Ambush,questiedb/foreverQuestDB.lua
453,Finding the Shadowy Figure,questiedb/foreverQuestDB.lua
454,After the Ambush,questiedb/foreverQuestDB.lua
455,The Algaz Gauntlet,questiedb/foreverQuestDB.lua
456,The Balance of Nature,questiedb/foreverQuestDB.lua
457,The Balance of Nature,questiedb/foreverQuestDB.lua
458,The Woodland Protector,questiedb/foreverQuestDB.lua
459,The Woodland Protector,questiedb/foreverQuestDB.lua
460,Resting in Pieces,questiedb/foreverQuestDB.lua
461,The Hidden Niche,questiedb/foreverQuestDB.lua
463,The Greenwarden,questiedb/foreverQuestDB.lua
464,War Banners,questiedb/foreverQuestDB.lua
465,Nek'rosh's Gambit,questiedb/foreverQuestDB.lua
466,Search for Incendicite,questiedb/foreverQuestDB.lua
467,Stonegear's Search,questiedb/foreverQuestDB.lua
468,Report to Mountaineer Rockgar,questiedb/foreverQuestDB.lua
469,Daily Delivery,questiedb/foreverQuestDB.lua
470,Digging Through the Ooze,questiedb/foreverQuestDB.lua
471,Apprentice's Duties,questiedb/foreverQuestDB.lua
472,Fall of Dun Modr,questiedb/foreverQuestDB.lua
473,Report to Captain Stoutfist,questiedb/foreverQuestDB.lua
474,Defeat Nek'rosh,questiedb/foreverQuestDB.lua
475,A Troubling Breeze,questiedb/foreverQuestDB.lua
476,Gnarlpine Corruption,questiedb/foreverQuestDB.lua
477,Border Crossings,questiedb/foreverQuestDB.lua
478,Maps and Runes,questiedb/foreverQuestDB.lua
479,Ambermill Investigations,questiedb/foreverQuestDB.lua
480,The Weaver,questiedb/foreverQuestDB.lua
481,Dalar's Analysis,questiedb/foreverQuestDB.lua
482,Dalaran's Intentions,questiedb/foreverQuestDB.lua
483,The Relics of Wakening,questiedb/foreverQuestDB.lua
484,Young Crocolisk Skins,questiedb/foreverQuestDB.lua
485,Find OOX-09/HL!,questiedb/foreverQuestDB.lua
486,Ursal the Mauler,questiedb/foreverQuestDB.lua
487,The Road to Darnassus,questiedb/foreverQuestDB.lua
488,Zenn's Bidding,questiedb/foreverQuestDB.lua
489,Seek Redemption!,questiedb/foreverQuestDB.lua
491,Wand to Bethor,questiedb/foreverQuestDB.lua
492,A New Plague,questiedb/foreverQuestDB.lua
493,Journey to Hillsbrad Foothills,questiedb/foreverQuestDB.lua
494,Time To Strike,questiedb/foreverQuestDB.lua
495,The Crown of Will,questiedb/foreverQuestDB.lua
496,Elixir of Suffering,questiedb/foreverQuestDB.lua
498,The Rescue,questiedb/foreverQuestDB.lua
499,Elixir of Suffering,questiedb/foreverQuestDB.lua
500,Crushridge Bounty,questiedb/foreverQuestDB.lua
501,Elixir of Pain,questiedb/foreverQuestDB.lua
502,Elixir of Pain,questiedb/foreverQuestDB.lua
503,Gol'dir,questiedb/foreverQuestDB.lua
504,Crushridge Warmongers,questiedb/foreverQuestDB.lua
505,Syndicate Assassins,questiedb/foreverQuestDB.lua
506,Blackmoore's Legacy,questiedb/foreverQuestDB.lua
507,Lord Aliden Perenolde,questiedb/foreverQuestDB.lua
508,Taretha's Gift,questiedb/foreverQuestDB.lua
509,Elixir of Agony,questiedb/foreverQuestDB.lua
510,Foreboding Plans,questiedb/foreverQuestDB.lua
511,Encrypted Letter,questiedb/foreverQuestDB.lua
512,Noble Deaths,questiedb/foreverQuestDB.lua
513,Elixir of Agony,questiedb/foreverQuestDB.lua
514,Letter to Stormpike,questiedb/foreverQuestDB.lua
515,Elixir of Agony,questiedb/foreverQuestDB.lua
516,Beren's Peril,questiedb/foreverQuestDB.lua
517,Elixir of Agony,questiedb/foreverQuestDB.lua
518,The Crown of Will,questiedb/foreverQuestDB.lua
519,The Crown of Will,questiedb/foreverQuestDB.lua
520,The Crown of Will,questiedb/foreverQuestDB.lua
521,The Crown of Will,questiedb/foreverQuestDB.lua
522,Assassin's Contract,questiedb/foreverQuestDB.lua
523,Baron's Demise,questiedb/foreverQuestDB.lua
524,Elixir of Agony,questiedb/foreverQuestDB.lua
525,Further Mysteries,questiedb/foreverQuestDB.lua
526,Lightforge Ingots,questiedb/foreverQuestDB.lua
527,Battle of Hillsbrad,questiedb/foreverQuestDB.lua
528,Battle of Hillsbrad,questiedb/foreverQuestDB.lua
529,Battle of Hillsbrad,questiedb/foreverQuestDB.lua
530,A Husband's Revenge,questiedb/foreverQuestDB.lua
531,Vyrin's Revenge,questiedb/foreverQuestDB.lua
532,Battle of Hillsbrad,questiedb/foreverQuestDB.lua
533,Infiltration,questiedb/foreverQuestDB.lua
535,Valik,questiedb/foreverQuestDB.lua
536,Down the Coast,questiedb/foreverQuestDB.lua
537,Dark Council,questiedb/foreverQuestDB.lua
538,Southshore,questiedb/foreverQuestDB.lua
539,Battle of Hillsbrad,questiedb/foreverQuestDB.lua
540,Preserving Knowledge,questiedb/foreverQuestDB.lua
541,Battle of Hillsbrad,questiedb/foreverQuestDB.lua
542,Return to Milton,questiedb/foreverQuestDB.lua
543,The Perenolde Tiara,questiedb/foreverQuestDB.lua
544,Prison Break In,questiedb/foreverQuestDB.lua
545,Dalaran Patrols,questiedb/foreverQuestDB.lua
546,Souvenirs of Death,questiedb/foreverQuestDB.lua
547,Humbert's Sword,questiedb/foreverQuestDB.lua
549,WANTED: Syndicate Personnel,questiedb/foreverQuestDB.lua
550,Battle of Hillsbrad,questiedb/foreverQuestDB.lua
551,The Ensorcelled Parchment,questiedb/foreverQuestDB.lua
552,Helcular's Revenge,questiedb/foreverQuestDB.lua
553,Helcular's Revenge,questiedb/foreverQuestDB.lua
554,Stormpike's Deciphering,questiedb/foreverQuestDB.lua
555,Soothing Turtle Bisque,questiedb/foreverQuestDB.lua
556,Stone Tokens,questiedb/foreverQuestDB.lua
557,Bracers of Binding,questiedb/foreverQuestDB.lua
558,Jaina's Autograph,questiedb/foreverQuestDB.lua
559,Farren's Proof,questiedb/foreverQuestDB.lua
560,Farren's Proof,questiedb/foreverQuestDB.lua
561,Farren's Proof,questiedb/foreverQuestDB.lua
562,Stormwind Ho!,questiedb/foreverQuestDB.lua
563,Reassignment,questiedb/foreverQuestDB.lua
564,Costly Menace,questiedb/foreverQuestDB.lua
565,Bartolo's Yeti Fur Cloak,questiedb/foreverQuestDB.lua
566,WANTED: Baron Vardus,questiedb/foreverQuestDB.lua
567,Dangerous!,questiedb/foreverQuestDB.lua
568,The Defense of Grom'gol,questiedb/foreverQuestDB.lua
569,The Defense of Grom'gol,questiedb/foreverQuestDB.lua
570,Mok'thardin's Enchantment,questiedb/foreverQuestDB.lua
571,Mok'thardin's Enchantment,questiedb/foreverQuestDB.lua
572,Mok'thardin's Enchantment,questiedb/foreverQuestDB.lua
573,Mok'thardin's Enchantment,questiedb/foreverQuestDB.lua
574,Special Forces,questiedb/foreverQuestDB.lua
575,Supply and Demand,questiedb/foreverQuestDB.lua
576,Keep An Eye Out,questiedb/foreverQuestDB.lua
577,Some Assembly Required,questiedb/foreverQuestDB.lua
578,The Stone of the Tides,questiedb/foreverQuestDB.lua
579,Stormwind Library,questiedb/foreverQuestDB.lua
580,Whiskey Slim's Lost Grog,questiedb/foreverQuestDB.lua
581,Hunt for Yenniku,questiedb/foreverQuestDB.lua
582,Headhunting,questiedb/foreverQuestDB.lua
583,Welcome to the Jungle,questiedb/foreverQuestDB.lua
584,Bloodscalp Clan Heads,questiedb/foreverQuestDB.lua
585,Speaking with Nezzliok,questiedb/foreverQuestDB.lua
586,Speaking with Gan'zulah,questiedb/foreverQuestDB.lua
587,Up to Snuff,questiedb/foreverQuestDB.lua
588,The Fate of Yenniku,questiedb/foreverQuestDB.lua
589,The Singing Crystals,questiedb/foreverQuestDB.lua
590,A Rogue's Deal,questiedb/foreverQuestDB.lua
591,The Mind's Eye,questiedb/foreverQuestDB.lua
592,Saving Yenniku,questiedb/foreverQuestDB.lua
593,Filling the Soul Gem,questiedb/foreverQuestDB.lua
594,Message in a Bottle,questiedb/foreverQuestDB.lua
595,The Bloodsail Buccaneers,questiedb/foreverQuestDB.lua
596,Bloody Bone Necklaces,questiedb/foreverQuestDB.lua
597,The Bloodsail Buccaneers,questiedb/foreverQuestDB.lua
598,Split Bone Necklace,questiedb/foreverQuestDB.lua
599,The Bloodsail Buccaneers,questiedb/foreverQuestDB.lua
600,Venture Company Mining,questiedb/foreverQuestDB.lua
601,Water Elementals,questiedb/foreverQuestDB.lua
602,Magical Analysis,questiedb/foreverQuestDB.lua
603,Ansirem's Key,questiedb/foreverQuestDB.lua
604,The Bloodsail Buccaneers,questiedb/foreverQuestDB.lua
605,Singing Blue Shards,questiedb/foreverQuestDB.lua
606,Scaring Shaky,questiedb/foreverQuestDB.lua
607,Return to MacKinley,questiedb/foreverQuestDB.lua
608,The Bloodsail Buccaneers,questiedb/foreverQuestDB.lua
609,Voodoo Dues,questiedb/foreverQuestDB.lua
610,"""Pretty Boy"" Duncan",questiedb/foreverQuestDB.lua
611,The Curse of the Tides,questiedb/foreverQuestDB.lua
613,Cracking Maury's Foot,questiedb/foreverQuestDB.lua
614,The Captain's Chest,questiedb/foreverQuestDB.lua
615,The Captain's Cutlass,questiedb/foreverQuestDB.lua
616,The Haunted Isle,questiedb/foreverQuestDB.lua
617,Akiris by the Bundle,questiedb/foreverQuestDB.lua
618,Facing Negolash,questiedb/foreverQuestDB.lua
619,Enticing Negolash,questiedb/foreverQuestDB.lua
621,Zanzil's Secret,questiedb/foreverQuestDB.lua
622,Return to Corporal Kaleb,questiedb/foreverQuestDB.lua
623,Akiris by the Bundle,questiedb/foreverQuestDB.lua
624,Cortello's Riddle,questiedb/foreverQuestDB.lua
625,Cortello's Riddle,questiedb/foreverQuestDB.lua
626,Cortello's Riddle,questiedb/foreverQuestDB.lua
627,Favor for Krazek,questiedb/foreverQuestDB.lua
628,Excelsior,questiedb/foreverQuestDB.lua
629,The Vile Reef,questiedb/foreverQuestDB.lua
630,Message in a Bottle,questiedb/foreverQuestDB.lua
631,The Thandol Span,questiedb/foreverQuestDB.lua
632,The Thandol Span,questiedb/foreverQuestDB.lua
633,The Thandol Span,questiedb/foreverQuestDB.lua
634,Plea To The Alliance,questiedb/foreverQuestDB.lua
635,Crystal in the Mountains,questiedb/foreverQuestDB.lua
636,Legends of the Earth,questiedb/foreverQuestDB.lua
637,Sully Balloo's Letter,questiedb/foreverQuestDB.lua
638,Trollbane,questiedb/foreverQuestDB.lua
639,Sigil of Strom,questiedb/foreverQuestDB.lua
640,The Broken Sigil,questiedb/foreverQuestDB.lua
641,Sigil of Thoradin,questiedb/foreverQuestDB.lua
642,The Princess Trapped,questiedb/foreverQuestDB.lua
643,Sigil of Arathor,questiedb/foreverQuestDB.lua
644,Sigil of Trollbane,questiedb/foreverQuestDB.lua
645,Trol'kalar,questiedb/foreverQuestDB.lua
646,Trol'kalar,questiedb/foreverQuestDB.lua
647,MacKreel's Moonshine,questiedb/foreverQuestDB.lua
648,Rescue OOX-17/TN!,questiedb/foreverQuestDB.lua
649,Ripple Recovery,questiedb/foreverQuestDB.lua
650,Ripple Recovery,questiedb/foreverQuestDB.lua
651,Stones of Binding,questiedb/foreverQuestDB.lua
652,Breaking the Keystone,questiedb/foreverQuestDB.lua
653,Myzrael's Allies,questiedb/foreverQuestDB.lua
654,Tanaris Field Sampling,questiedb/foreverQuestDB.lua
655,Hammerfall,questiedb/foreverQuestDB.lua
656,Summoning the Princess,questiedb/foreverQuestDB.lua
657,Hints of a New Plague?,questiedb/foreverQuestDB.lua
658,Hints of a New Plague?,questiedb/foreverQuestDB.lua
659,Hints of a New Plague?,questiedb/foreverQuestDB.lua
660,Hints of a New Plague?,questiedb/foreverQuestDB.lua
661,Hints of a New Plague?,questiedb/foreverQuestDB.lua
662,Deep Sea Salvage,questiedb/foreverQuestDB.lua
663,Land Ho!,questiedb/foreverQuestDB.lua
664,Drowned Sorrows,questiedb/foreverQuestDB.lua
665,Sunken Treasure,questiedb/foreverQuestDB.lua
666,Sunken Treasure,questiedb/foreverQuestDB.lua
667,Death From Below,questiedb/foreverQuestDB.lua
668,Sunken Treasure,questiedb/foreverQuestDB.lua
669,Sunken Treasure,questiedb/foreverQuestDB.lua
670,Sunken Treasure,questiedb/foreverQuestDB.lua
671,Foul Magics,questiedb/foreverQuestDB.lua
672,Raising Spirits,questiedb/foreverQuestDB.lua
673,Foul Magics,questiedb/foreverQuestDB.lua
674,Raising Spirits,questiedb/foreverQuestDB.lua
675,Raising Spirits,questiedb/foreverQuestDB.lua
676,The Hammer May Fall,questiedb/foreverQuestDB.lua
677,Call to Arms,questiedb/foreverQuestDB.lua
678,Call to Arms,questiedb/foreverQuestDB.lua
679,Call to Arms,questiedb/foreverQuestDB.lua
680,The Real Threat,questiedb/foreverQuestDB.lua
681,Northfold Manor,questiedb/foreverQuestDB.lua
682,Stromgarde Badges,questiedb/foreverQuestDB.lua
683,Sara Balloo's Plea,questiedb/foreverQuestDB.lua
684,Wanted!  Marez Cowl,questiedb/foreverQuestDB.lua
685,Wanted!  Otto and Falconcrest,questiedb/foreverQuestDB.lua
686,A King's Tribute,questiedb/foreverQuestDB.lua
687,Theldurin the Lost,questiedb/foreverQuestDB.lua
688,Myzrael's Allies,questiedb/foreverQuestDB.lua
689,A King's Tribute,questiedb/foreverQuestDB.lua
690,Malin's Request,questiedb/foreverQuestDB.lua
691,Worth Its Weight in Gold,questiedb/foreverQuestDB.lua
692,The Lost Fragments,questiedb/foreverQuestDB.lua
693,Wand over Fist,questiedb/foreverQuestDB.lua
694,Trelane's Defenses,questiedb/foreverQuestDB.lua
695,An Apprentice's Enchantment,questiedb/foreverQuestDB.lua
696,Attack on the Tower,questiedb/foreverQuestDB.lua
697,Malin's Request,questiedb/foreverQuestDB.lua
698,Lack of Surplus,questiedb/foreverQuestDB.lua
699,Lack of Surplus,questiedb/foreverQuestDB.lua
700,A King's Tribute,questiedb/foreverQuestDB.lua
701,Guile of the Raptor,questiedb/foreverQuestDB.lua
702,Guile of the Raptor,questiedb/foreverQuestDB.lua
703,Barbecued Buzzard Wings,questiedb/foreverQuestDB.lua
704,Agmond's Fate,questiedb/foreverQuestDB.lua
705,Pearl Diving,questiedb/foreverQuestDB.lua
706,Fiery Blaze Enchantments,questiedb/foreverQuestDB.lua
707,Ironband Wants You!,questiedb/foreverQuestDB.lua
708,The Black Box,questiedb/foreverQuestDB.lua
709,Solution to Doom,questiedb/foreverQuestDB.lua
710,Study of the Elements: Rock,questiedb/foreverQuestDB.lua
711,Study of the Elements: Rock,questiedb/foreverQuestDB.lua
712,Study of the Elements: Rock,questiedb/foreverQuestDB.lua
713,Coolant Heads Prevail,questiedb/foreverQuestDB.lua
714,Gyro... What?,questiedb/foreverQuestDB.lua
715,Liquid Stone,questiedb/foreverQuestDB.lua
716,Stone Is Better than Cloth,questiedb/foreverQuestDB.lua
717,Tremors of the Earth,questiedb/foreverQuestDB.lua
718,Mirages,questiedb/foreverQuestDB.lua
719,A Dwarf and His Tools,questiedb/foreverQuestDB.lua
720,A Sign of Hope,questiedb/foreverQuestDB.lua
721,A Sign of Hope,questiedb/foreverQuestDB.lua
722,Amulet of Secrets,questiedb/foreverQuestDB.lua
723,Prospect of Faith,questiedb/foreverQuestDB.lua
724,Prospect of Faith,questiedb/foreverQuestDB.lua
725,Passing Word of a Threat,questiedb/foreverQuestDB.lua
726,Passing Word of a Threat,questiedb/foreverQuestDB.lua
727,To Ironforge for Yagyin's Digest,questiedb/foreverQuestDB.lua
728,To the Undercity for Yagyin's Digest,questiedb/foreverQuestDB.lua
729,The Absent Minded Prospector,questiedb/foreverQuestDB.lua
730,Trouble In Darkshore?,questiedb/foreverQuestDB.lua
731,The Absent Minded Prospector,questiedb/foreverQuestDB.lua
732,Tremors of the Earth,questiedb/foreverQuestDB.lua
733,Scrounging,questiedb/foreverQuestDB.lua
734,This Is Going to Be Hard,questiedb/foreverQuestDB.lua
735,"The Star, the Hand and the Heart",questiedb/foreverQuestDB.lua
736,"The Star, the Hand and the Heart",questiedb/foreverQuestDB.lua
737,Forbidden Knowledge,questiedb/foreverQuestDB.lua
738,Find Agmond,questiedb/foreverQuestDB.lua
739,Murdaloc,questiedb/foreverQuestDB.lua
741,The Absent Minded Prospector,questiedb/foreverQuestDB.lua
742,The Ashenvale Hunt,questiedb/foreverQuestDB.lua
743,Dangers of the Windfury,questiedb/foreverQuestDB.lua
744,Preparation for Ceremony,questiedb/foreverQuestDB.lua
745,Sharing the Land,questiedb/foreverQuestDB.lua
746,Dwarven Digging,questiedb/foreverQuestDB.lua
747,The Hunt Begins,questiedb/foreverQuestDB.lua
748,Poison Water,questiedb/foreverQuestDB.lua
749,The Ravaged Caravan,questiedb/foreverQuestDB.lua
750,The Hunt Continues,questiedb/foreverQuestDB.lua
751,The Ravaged Caravan,questiedb/foreverQuestDB.lua
752,A Humble Task,questiedb/foreverQuestDB.lua
753,A Humble Task,questiedb/foreverQuestDB.lua
754,Winterhoof Cleansing,questiedb/foreverQuestDB.lua
755,Rites of the Earthmother,questiedb/foreverQuestDB.lua
756,Thunderhorn Totem,questiedb/foreverQuestDB.lua
757,Rite of Strength,questiedb/foreverQuestDB.lua
758,Thunderhorn Cleansing,questiedb/foreverQuestDB.lua
759,Wildmane Totem,questiedb/foreverQuestDB.lua
760,Wildmane Cleansing,questiedb/foreverQuestDB.lua
761,Swoop Hunting,questiedb/foreverQuestDB.lua
762,An Ambassador of Evil,questiedb/foreverQuestDB.lua
763,Rites of the Earthmother,questiedb/foreverQuestDB.lua
764,The Venture Co.,questiedb/foreverQuestDB.lua
765,Supervisor Fizsprocket,questiedb/foreverQuestDB.lua
766,Mazzranache,questiedb/foreverQuestDB.lua
767,Rite of Vision,questiedb/foreverQuestDB.lua
768,Gathering Leather,questiedb/foreverQuestDB.lua
769,Kodo Hide Bag,questiedb/foreverQuestDB.lua
770,The Demon Scarred Cloak,questiedb/foreverQuestDB.lua
771,Rite of Vision,questiedb/foreverQuestDB.lua
772,Rite of Vision,questiedb/foreverQuestDB.lua
773,Rite of Wisdom,questiedb/foreverQuestDB.lua
775,Journey into Thunder Bluff,questiedb/foreverQuestDB.lua
776,Rites of the Earthmother,questiedb/foreverQuestDB.lua
777,This Is Going to Be Hard,questiedb/foreverQuestDB.lua
778,This Is Going to Be Hard,questiedb/foreverQuestDB.lua
779,Seal of the Earth,questiedb/foreverQuestDB.lua
780,The Battleboars,questiedb/foreverQuestDB.lua
781,Attack on Camp Narache,questiedb/foreverQuestDB.lua
782,Broken Alliances,questiedb/foreverQuestDB.lua
783,A Threat Within,questiedb/foreverQuestDB.lua
784,Vanquish the Betrayers,questiedb/foreverQuestDB.lua
786,Thwarting Kolkar Aggression,questiedb/foreverQuestDB.lua
787,The New Horde,questiedb/foreverQuestDB.lua
788,Cutting Teeth,questiedb/foreverQuestDB.lua
789,Sting of the Scorpid,questiedb/foreverQuestDB.lua
790,Sarkoth,questiedb/foreverQuestDB.lua
791,Carry Your Weight,questiedb/foreverQuestDB.lua
792,Vile Familiars,questiedb/foreverQuestDB.lua
793,Broken Alliances,questiedb/foreverQuestDB.lua
794,Burning Blade Medallion,questiedb/foreverQuestDB.lua
795,Seal of the Earth,questiedb/foreverQuestDB.lua
804,Sarkoth,questiedb/foreverQuestDB.lua
805,Report to Sen'jin Village,questiedb/foreverQuestDB.lua
806,Dark Storms,questiedb/foreverQuestDB.lua
808,Minshina's Skull,questiedb/foreverQuestDB.lua
809,Ak'Zeloth,questiedb/foreverQuestDB.lua
812,Need for a Cure,questiedb/foreverQuestDB.lua
813,Finding the Antidote,questiedb/foreverQuestDB.lua
815,Break a Few Eggs,questiedb/foreverQuestDB.lua
816,Lost But Not Forgotten,questiedb/foreverQuestDB.lua
817,Practical Prey,questiedb/foreverQuestDB.lua
818,A Solvent Spirit,questiedb/foreverQuestDB.lua
819,Chen's Empty Keg,questiedb/foreverQuestDB.lua
821,Chen's Empty Keg,questiedb/foreverQuestDB.lua
822,Chen's Empty Keg,questiedb/foreverQuestDB.lua
823,Report to Orgnil,questiedb/foreverQuestDB.lua
824,Je'neu of the Earthen Ring,questiedb/foreverQuestDB.lua
825,From The Wreckage....,questiedb/foreverQuestDB.lua
826,Zalazane,questiedb/foreverQuestDB.lua
827,Skull Rock,questiedb/foreverQuestDB.lua
828,Margoz,questiedb/foreverQuestDB.lua
829,Neeru Fireblade,questiedb/foreverQuestDB.lua
830,The Admiral's Orders,questiedb/foreverQuestDB.lua
831,The Admiral's Orders,questiedb/foreverQuestDB.lua
832,Burning Shadows,questiedb/foreverQuestDB.lua
833,A Sacred Burial,questiedb/foreverQuestDB.lua
834,Winds in the Desert,questiedb/foreverQuestDB.lua
835,Securing the Lines,questiedb/foreverQuestDB.lua
836,Rescue OOX-09/HL!,questiedb/foreverQuestDB.lua
837,Encroachment,questiedb/foreverQuestDB.lua
838,Scholomance,questiedb/foreverQuestDB.lua
840,Conscript of the Horde,questiedb/foreverQuestDB.lua
841,Another Power Source?,questiedb/foreverQuestDB.lua
842,Crossroads Conscription,questiedb/foreverQuestDB.lua
843,Gann's Reclamation,questiedb/foreverQuestDB.lua
844,Plainstrider Menace,questiedb/foreverQuestDB.lua
845,The Zhevra,questiedb/foreverQuestDB.lua
846,Revenge of Gann,questiedb/foreverQuestDB.lua
847,Guile of the Raptor,questiedb/foreverQuestDB.lua
848,Fungal Spores,questiedb/foreverQuestDB.lua
849,Revenge of Gann,questiedb/foreverQuestDB.lua
850,Kolkar Leaders,questiedb/foreverQuestDB.lua
851,Verog the Dervish,questiedb/foreverQuestDB.lua
852,Hezrul Bloodmark,questiedb/foreverQuestDB.lua
853,Apothecary Zamah,questiedb/foreverQuestDB.lua
854,Journey to the Crossroads,questiedb/foreverQuestDB.lua
855,Centaur Bracers,questiedb/foreverQuestDB.lua
857,The Tear of the Moons,questiedb/foreverQuestDB.lua
858,Ignition,questiedb/foreverQuestDB.lua
860,Sergra Darkthorn,questiedb/foreverQuestDB.lua
861,The Hunter's Way,questiedb/foreverQuestDB.lua
862,Dig Rat Stew,questiedb/foreverQuestDB.lua
863,The Escape,questiedb/foreverQuestDB.lua
864,Return to Apothecary Zinge,questiedb/foreverQuestDB.lua
865,Raptor Horns,questiedb/foreverQuestDB.lua
866,Root Samples,questiedb/foreverQuestDB.lua
867,Harpy Raiders,questiedb/foreverQuestDB.lua
868,Egg Hunt,questiedb/foreverQuestDB.lua
869,Raptor Thieves,questiedb/foreverQuestDB.lua
870,The Forgotten Pools,questiedb/foreverQuestDB.lua
871,Disrupt the Attacks,questiedb/foreverQuestDB.lua
872,The Disruption Ends,questiedb/foreverQuestDB.lua
873,Isha Awak,questiedb/foreverQuestDB.lua
874,Mahren Skyseer,questiedb/foreverQuestDB.lua
875,Harpy Lieutenants,questiedb/foreverQuestDB.lua
876,Serena Bloodfeather,questiedb/foreverQuestDB.lua
877,The Stagnant Oasis,questiedb/foreverQuestDB.lua
878,Tribes at War,questiedb/foreverQuestDB.lua
879,Betrayal from Within,questiedb/foreverQuestDB.lua
880,Altered Beings,questiedb/foreverQuestDB.lua
881,Echeyakee,questiedb/foreverQuestDB.lua
882,Ishamuhale,questiedb/foreverQuestDB.lua
883,Lakota'mani,questiedb/foreverQuestDB.lua
884,Owatanka,questiedb/foreverQuestDB.lua
885,Washte Pawne,questiedb/foreverQuestDB.lua
886,The Barrens Oases,questiedb/foreverQuestDB.lua
887,Southsea Freebooters,questiedb/foreverQuestDB.lua
888,Stolen Booty,questiedb/foreverQuestDB.lua
889,Spirit of the Wind,questiedb/foreverQuestDB.lua
890,The Missing Shipment,questiedb/foreverQuestDB.lua
891,The Guns of Northwatch,questiedb/foreverQuestDB.lua
892,The Missing Shipment,questiedb/foreverQuestDB.lua
893,Weapons of Choice,questiedb/foreverQuestDB.lua
894,Samophlange,questiedb/foreverQuestDB.lua
895,WANTED: Baron Longshore,questiedb/foreverQuestDB.lua
896,Miner's Fortune,questiedb/foreverQuestDB.lua
897,The Harvester,questiedb/foreverQuestDB.lua
898,Free From the Hold,questiedb/foreverQuestDB.lua
899,Consumed by Hatred,questiedb/foreverQuestDB.lua
900,Samophlange,questiedb/foreverQuestDB.lua
901,Samophlange,questiedb/foreverQuestDB.lua
902,Samophlange,questiedb/foreverQuestDB.lua
903,Prowlers of the Barrens,questiedb/foreverQuestDB.lua
905,The Angry Scytheclaws,questiedb/foreverQuestDB.lua
906,Betrayal from Within,questiedb/foreverQuestDB.lua
907,Enraged Thunder Lizards,questiedb/foreverQuestDB.lua
910,Down at the Docks,questiedb/foreverQuestDB.lua
911,Gateway to the Frontier,questiedb/foreverQuestDB.lua
913,Cry of the Thunderhawk,questiedb/foreverQuestDB.lua
914,Leaders of the Fang,questiedb/foreverQuestDB.lua
915,"You Scream, I Scream...",questiedb/foreverQuestDB.lua
916,Webwood Venom,questiedb/foreverQuestDB.lua
917,Webwood Egg,questiedb/foreverQuestDB.lua
918,Timberling Seeds,questiedb/foreverQuestDB.lua
919,Timberling Sprouts,questiedb/foreverQuestDB.lua
920,Tenaron's Summons,questiedb/foreverQuestDB.lua
921,Crown of the Earth,questiedb/foreverQuestDB.lua
922,Rellian Greenspyre,questiedb/foreverQuestDB.lua
923,Tumors,questiedb/foreverQuestDB.lua
924,The Demon Seed,questiedb/foreverQuestDB.lua
925,Cairne's Hoofprint,questiedb/foreverQuestDB.lua
926,Flawed Power Stone,questiedb/foreverQuestDB.lua
927,The Moss-twined Heart,questiedb/foreverQuestDB.lua
928,Crown of the Earth,questiedb/foreverQuestDB.lua
929,Crown of the Earth,questiedb/foreverQuestDB.lua
930,The Glowing Fruit,questiedb/foreverQuestDB.lua
931,The Shimmering Frond,questiedb/foreverQuestDB.lua
932,Twisted Hatred,questiedb/foreverQuestDB.lua
933,Crown of the Earth,questiedb/foreverQuestDB.lua
934,Crown of the Earth,questiedb/foreverQuestDB.lua
935,Crown of the Earth,questiedb/foreverQuestDB.lua
936,Assisting Arch Druid Runetotem,questiedb/foreverQuestDB.lua
937,The Enchanted Glade,questiedb/foreverQuestDB.lua
938,Mist,questiedb/foreverQuestDB.lua
939,Flute of Xavaric,questiedb/foreverQuestDB.lua
940,Teldrassil,questiedb/foreverQuestDB.lua
941,Planting the Heart,questiedb/foreverQuestDB.lua
942,The Absent Minded Prospector,questiedb/foreverQuestDB.lua
943,The Absent Minded Prospector,questiedb/foreverQuestDB.lua
944,The Master's Glaive,questiedb/foreverQuestDB.lua
945,Therylune's Escape,questiedb/foreverQuestDB.lua
947,Cave Mushrooms,questiedb/foreverQuestDB.lua
948,Onu,questiedb/foreverQuestDB.lua
949,The Twilight Camp,questiedb/foreverQuestDB.lua
950,Return to Onu,questiedb/foreverQuestDB.lua
951,Mathystra Relics,questiedb/foreverQuestDB.lua
952,Grove of the Ancients,questiedb/foreverQuestDB.lua
953,The Fall of Ameth'Aran,questiedb/foreverQuestDB.lua
954,Bashal'Aran,questiedb/foreverQuestDB.lua
955,Bashal'Aran,questiedb/foreverQuestDB.lua
956,Bashal'Aran,questiedb/foreverQuestDB.lua
957,Bashal'Aran,questiedb/foreverQuestDB.lua
958,Tools of the Highborne,questiedb/foreverQuestDB.lua
959,Trouble at the Docks,questiedb/foreverQuestDB.lua
961,Onu is meditating,questiedb/foreverQuestDB.lua
962,Serpentbloom,questiedb/foreverQuestDB.lua
963,For Love Eternal,questiedb/foreverQuestDB.lua
964,Skeletal Fragments,questiedb/foreverQuestDB.lua
965,The Tower of Althalaxx,questiedb/foreverQuestDB.lua
966,The Tower of Althalaxx,questiedb/foreverQuestDB.lua
967,The Tower of Althalaxx,questiedb/foreverQuestDB.lua
968,The Powers Below,questiedb/foreverQuestDB.lua
969,Luck Be With You,questiedb/foreverQuestDB.lua
970,The Tower of Althalaxx,questiedb/foreverQuestDB.lua
971,Knowledge in the Deeps,questiedb/foreverQuestDB.lua
972,Water Sapta,questiedb/foreverQuestDB.lua
973,The Tower of Althalaxx,questiedb/foreverQuestDB.lua
974,Finding the Source,questiedb/foreverQuestDB.lua
975,Cache of Mau'ari,questiedb/foreverQuestDB.lua
976,Supplies to Auberdine,questiedb/foreverQuestDB.lua
977,"Are We There, Yeti?",questiedb/foreverQuestDB.lua
978,Moontouched Wildkin,questiedb/foreverQuestDB.lua
979,Find Ranshalla,questiedb/foreverQuestDB.lua
980,The New Springs,questiedb/foreverQuestDB.lua
981,The Tower of Althalaxx,questiedb/foreverQuestDB.lua
982,"Deep Ocean, Vast Sea",questiedb/foreverQuestDB.lua
983,Buzzbox 827,questiedb/foreverQuestDB.lua
984,How Big a Threat?,questiedb/foreverQuestDB.lua
985,How Big a Threat?,questiedb/foreverQuestDB.lua
986,A Lost Master,questiedb/foreverQuestDB.lua
990,Trek to Ashenvale,questiedb/foreverQuestDB.lua
991,Raene's Cleansing,questiedb/foreverQuestDB.lua
992,Gadgetzan Water Survey,questiedb/foreverQuestDB.lua
993,A Lost Master,questiedb/foreverQuestDB.lua
994,Escape Through Force,questiedb/foreverQuestDB.lua
995,Escape Through Stealth,questiedb/foreverQuestDB.lua
996,Corrupted Windblossom,questiedb/foreverQuestDB.lua
997,Denalan's Earth,questiedb/foreverQuestDB.lua
998,Corrupted Windblossom,questiedb/foreverQuestDB.lua
1000,The New Frontier,questiedb/foreverQuestDB.lua
1001,Buzzbox 411,questiedb/foreverQuestDB.lua
1002,Buzzbox 323,questiedb/foreverQuestDB.lua
1003,Buzzbox 525,questiedb/foreverQuestDB.lua
1004,The New Frontier,questiedb/foreverQuestDB.lua
1007,The Ancient Statuette,questiedb/foreverQuestDB.lua
1008,The Zoram Strand,questiedb/foreverQuestDB.lua
1009,Ruuzel,questiedb/foreverQuestDB.lua
1010,Bathran's Hair,questiedb/foreverQuestDB.lua
1011,Forsaken Diseases,questiedb/foreverQuestDB.lua
1012,Insane Druids,questiedb/foreverQuestDB.lua
1013,The Book of Ur,questiedb/foreverQuestDB.lua
1014,Arugal Must Die,questiedb/foreverQuestDB.lua
1015,The New Frontier,questiedb/foreverQuestDB.lua
1016,Elemental Bracers,questiedb/foreverQuestDB.lua
1017,Mage Summoner,questiedb/foreverQuestDB.lua
1018,The New Frontier,questiedb/foreverQuestDB.lua
1019,The New Frontier,questiedb/foreverQuestDB.lua
1020,Orendil's Cure,questiedb/foreverQuestDB.lua
1021,Vile Satyr! Dryads in Danger!,questiedb/foreverQuestDB.lua
1022,The Howling Vale,questiedb/foreverQuestDB.lua
1023,Raene's Cleansing,questiedb/foreverQuestDB.lua
1024,Raene's Cleansing,questiedb/foreverQuestDB.lua
1025,An Aggressive Defense,questiedb/foreverQuestDB.lua
1026,Raene's Cleansing,questiedb/foreverQuestDB.lua
1027,Raene's Cleansing,questiedb/foreverQuestDB.lua
1028,Raene's Cleansing,questiedb/foreverQuestDB.lua
1029,Raene's Cleansing,questiedb/foreverQuestDB.lua
1030,Raene's Cleansing,questiedb/foreverQuestDB.lua
1031,The Branch of Cenarius,questiedb/foreverQuestDB.lua
1032,Satyr Slaying!,questiedb/foreverQuestDB.lua
1033,Elune's Tear,questiedb/foreverQuestDB.lua
1034,The Ruins of Stardust,questiedb/foreverQuestDB.lua
1035,Fallen Sky Lake,questiedb/foreverQuestDB.lua
1036,"Avast Ye, Scallywag",questiedb/foreverQuestDB.lua
1037,Velinde Starsong,questiedb/foreverQuestDB.lua
1038,Velinde's Effects,questiedb/foreverQuestDB.lua
1039,The Barrens Port,questiedb/foreverQuestDB.lua
1040,Passage to Booty Bay,questiedb/foreverQuestDB.lua
1041,The Caravan Road,questiedb/foreverQuestDB.lua
1042,The Carevin Family,questiedb/foreverQuestDB.lua
1043,The Scythe of Elune,questiedb/foreverQuestDB.lua
1044,Answered Questions,questiedb/foreverQuestDB.lua
1045,Raene's Cleansing,questiedb/foreverQuestDB.lua
1046,Raene's Cleansing,questiedb/foreverQuestDB.lua
1047,The New Frontier,questiedb/foreverQuestDB.lua
1048,Into The Scarlet Monastery,questiedb/foreverQuestDB.lua
1049,Compendium of the Fallen,questiedb/foreverQuestDB.lua
1050,Mythology of the Titans,questiedb/foreverQuestDB.lua
1051,Vorrel's Revenge,questiedb/foreverQuestDB.lua
1052,Down the Scarlet Path,questiedb/foreverQuestDB.lua
1053,In the Name of the Light,questiedb/foreverQuestDB.lua
1054,Culling the Threat,questiedb/foreverQuestDB.lua
1055,Raene's Cleansing,questiedb/foreverQuestDB.lua
1056,Journey to Stonetalon Peak,questiedb/foreverQuestDB.lua
1057,Reclaiming the Charred Vale,questiedb/foreverQuestDB.lua
1058,Jin'Zil's Forest Magic,questiedb/foreverQuestDB.lua
1059,Reclaiming the Charred Vale,questiedb/foreverQuestDB.lua
1060,Letter to Jin'Zil,questiedb/foreverQuestDB.lua
1061,The Spirits of Stonetalon,questiedb/foreverQuestDB.lua
1062,Goblin Invaders,questiedb/foreverQuestDB.lua
1063,The Elder Crone,questiedb/foreverQuestDB.lua
1064,Forsaken Aid,questiedb/foreverQuestDB.lua
1065,Journey to Tarren Mill,questiedb/foreverQuestDB.lua
1066,Blood of Innocents,questiedb/foreverQuestDB.lua
1067,Return to Thunder Bluff,questiedb/foreverQuestDB.lua
1068,Shredding Machines,questiedb/foreverQuestDB.lua
1069,Deepmoss Spider Eggs,questiedb/foreverQuestDB.lua
1070,On Guard in Stonetalon,questiedb/foreverQuestDB.lua
1071,A Gnome's Respite,questiedb/foreverQuestDB.lua
1072,An Old Colleague,questiedb/foreverQuestDB.lua
1073,Ineptitude + Chemicals = Fun,questiedb/foreverQuestDB.lua
1074,Ineptitude + Chemicals = Fun,questiedb/foreverQuestDB.lua
1075,A Scroll from Mauren,questiedb/foreverQuestDB.lua
1076,Devils in Westfall,questiedb/foreverQuestDB.lua
1077,Special Delivery for Gaxim,questiedb/foreverQuestDB.lua
1078,Retrieval for Mauren,questiedb/foreverQuestDB.lua
1079,Covert Ops - Alpha,questiedb/foreverQuestDB.lua
1080,Covert Ops - Beta,questiedb/foreverQuestDB.lua
1081,Reception from Tyrande,questiedb/foreverQuestDB.lua
1082,Update for Sentinel Thenysil,questiedb/foreverQuestDB.lua
1083,Enraged Spirits,questiedb/foreverQuestDB.lua
1084,Wounded Ancients,questiedb/foreverQuestDB.lua
1085,On Guard in Stonetalon,questiedb/foreverQuestDB.lua
1086,The Flying Machine Airport,questiedb/foreverQuestDB.lua
1087,Cenarius' Legacy,questiedb/foreverQuestDB.lua
1088,Ordanus,questiedb/foreverQuestDB.lua
1089,The Den,questiedb/foreverQuestDB.lua
1090,Gerenzo's Orders,questiedb/foreverQuestDB.lua
1091,Kaela's Update,questiedb/foreverQuestDB.lua
1092,Gerenzo's Orders,questiedb/foreverQuestDB.lua
1093,Super Reaper 6000,questiedb/foreverQuestDB.lua
1094,Further Instructions,questiedb/foreverQuestDB.lua
1095,Further Instructions,questiedb/foreverQuestDB.lua
1096,Gerenzo Wrenchwhistle,questiedb/foreverQuestDB.lua
1097,Elmore's Task,questiedb/foreverQuestDB.lua
1098,Deathstalkers in Shadowfang,questiedb/foreverQuestDB.lua
1100,Lonebrow's Journal,questiedb/foreverQuestDB.lua
1101,The Crone of the Kraul,questiedb/foreverQuestDB.lua
1102,A Vengeful Fate,questiedb/foreverQuestDB.lua
1103,Call of Water,questiedb/foreverQuestDB.lua
1104,Salt Flat Venom,questiedb/foreverQuestDB.lua
1105,Hardened Shells,questiedb/foreverQuestDB.lua
1106,Martek the Exiled,questiedb/foreverQuestDB.lua
1107,Encrusted Tail Fins,questiedb/foreverQuestDB.lua
1108,Indurium,questiedb/foreverQuestDB.lua
1109,"Going, Going, Guano!",questiedb/foreverQuestDB.lua
1110,Rocket Car Parts,questiedb/foreverQuestDB.lua
1111,Wharfmaster Dizzywig,questiedb/foreverQuestDB.lua
1112,Parts for Kravel,questiedb/foreverQuestDB.lua
1113,Hearts of Zeal,questiedb/foreverQuestDB.lua
1114,Delivery to the Gnomes,questiedb/foreverQuestDB.lua
1115,The Rumormonger,questiedb/foreverQuestDB.lua
1116,Dream Dust in the Swamp,questiedb/foreverQuestDB.lua
1117,Rumors for Kravel,questiedb/foreverQuestDB.lua
1118,Back to Booty Bay,questiedb/foreverQuestDB.lua
1119,Zanzil's Mixture and a Fool's Stout,questiedb/foreverQuestDB.lua
1120,Get the Gnomes Drunk,questiedb/foreverQuestDB.lua
1121,Get the Goblins Drunk,questiedb/foreverQuestDB.lua
1122,Report Back to Fizzlebub,questiedb/foreverQuestDB.lua
1123,Rabine Saturna,questiedb/foreverQuestDB.lua
1124,Wasteland,questiedb/foreverQuestDB.lua
1125,The Spirits of Southwind,questiedb/foreverQuestDB.lua
1126,Hive in the Tower,questiedb/foreverQuestDB.lua
1127,Fool's Stout,questiedb/foreverQuestDB.lua
1130,Melor Sends Word,questiedb/foreverQuestDB.lua
1131,Steelsnap,questiedb/foreverQuestDB.lua
1132,Fiora Longears,questiedb/foreverQuestDB.lua
1133,Journey to Astranaar,questiedb/foreverQuestDB.lua
1134,Pridewings of Stonetalon,questiedb/foreverQuestDB.lua
1135,Highperch Venom,questiedb/foreverQuestDB.lua
1136,Frostmaw,questiedb/foreverQuestDB.lua
1137,News for Fizzle,questiedb/foreverQuestDB.lua
1138,Fruit of the Sea,questiedb/foreverQuestDB.lua
1139,The Lost Tablets of Will,questiedb/foreverQuestDB.lua
1140,The Tower of Althalaxx,questiedb/foreverQuestDB.lua
1141,The Family and the Fishing Pole,questiedb/foreverQuestDB.lua
1142,Mortality Wanes,questiedb/foreverQuestDB.lua
1143,The Tower of Althalaxx,questiedb/foreverQuestDB.lua
1144,Willix the Importer,questiedb/foreverQuestDB.lua
1145,The Swarm Grows,questiedb/foreverQuestDB.lua
1146,The Swarm Grows,questiedb/foreverQuestDB.lua
1147,The Swarm Grows,questiedb/foreverQuestDB.lua
1148,Parts of the Swarm,questiedb/foreverQuestDB.lua
1149,Test of Faith,questiedb/foreverQuestDB.lua
1150,Test of Endurance,questiedb/foreverQuestDB.lua
1151,Test of Strength,questiedb/foreverQuestDB.lua
1152,Test of Lore,questiedb/foreverQuestDB.lua
1153,A New Ore Sample,questiedb/foreverQuestDB.lua
1154,Test of Lore,questiedb/foreverQuestDB.lua
1159,Test of Lore,questiedb/foreverQuestDB.lua
1160,Test of Lore,questiedb/foreverQuestDB.lua
1164,To Steal From Thieves,questiedb/foreverQuestDB.lua
1166,Overlord Mok'Morokk's Concern,questiedb/foreverQuestDB.lua
1167,The Tower of Althalaxx,questiedb/foreverQuestDB.lua
1168,Army of the Black Dragon,questiedb/foreverQuestDB.lua
1169,Identifying the Brood,questiedb/foreverQuestDB.lua
1170,The Brood of Onyxia,questiedb/foreverQuestDB.lua
1171,The Brood of Onyxia,questiedb/foreverQuestDB.lua
1172,The Brood of Onyxia,questiedb/foreverQuestDB.lua
1173,Challenge Overlord Mok'Morokk,questiedb/foreverQuestDB.lua
1175,A Bump in the Road,questiedb/foreverQuestDB.lua
1176,Load Lightening,questiedb/foreverQuestDB.lua
1177,Hungry!,questiedb/foreverQuestDB.lua
1178,Goblin Sponsorship,questiedb/foreverQuestDB.lua
1179,The Brassbolts Brothers,questiedb/foreverQuestDB.lua
1180,Goblin Sponsorship,questiedb/foreverQuestDB.lua
1181,Goblin Sponsorship,questiedb/foreverQuestDB.lua
1182,Goblin Sponsorship,questiedb/foreverQuestDB.lua
1183,Goblin Sponsorship,questiedb/foreverQuestDB.lua
1184,Parts of the Swarm,questiedb/foreverQuestDB.lua
1185,Under the Chitin Was...,questiedb/foreverQuestDB.lua
1186,The Eighteenth Pilot,questiedb/foreverQuestDB.lua
1187,Razzeric's Tweaking,questiedb/foreverQuestDB.lua
1188,Safety First,questiedb/foreverQuestDB.lua
1189,Safety First,questiedb/foreverQuestDB.lua
1190,Keeping Pace,questiedb/foreverQuestDB.lua
1191,Zamek's Distraction,questiedb/foreverQuestDB.lua
1192,Indurium Ore,questiedb/foreverQuestDB.lua
1193,A Broken Trap,questiedb/foreverQuestDB.lua
1194,Rizzle's Schematics,questiedb/foreverQuestDB.lua
1195,The Sacred Flame,questiedb/foreverQuestDB.lua
1196,The Sacred Flame,questiedb/foreverQuestDB.lua
1197,The Sacred Flame,questiedb/foreverQuestDB.lua
1198,In Search of Thaelrid,questiedb/foreverQuestDB.lua
1199,Twilight Falls,questiedb/foreverQuestDB.lua
1200,Blackfathom Villainy,questiedb/foreverQuestDB.lua
1201,Theramore Spies,questiedb/foreverQuestDB.lua
1202,The Theramore Docks,questiedb/foreverQuestDB.lua
1203,Jarl Needs a Blade,questiedb/foreverQuestDB.lua
1204,Mudrock Soup and Bugs,questiedb/foreverQuestDB.lua
1205,Deadmire,questiedb/foreverQuestDB.lua
1206,Jarl Needs Eyes,questiedb/foreverQuestDB.lua
1218,Soothing Spices,questiedb/foreverQuestDB.lua
1219,The Orc Report,questiedb/foreverQuestDB.lua
1220,Captain Vimes,questiedb/foreverQuestDB.lua
1221,Blueleaf Tubers,questiedb/foreverQuestDB.lua
1222,Stinky's Escape,questiedb/foreverQuestDB.lua
1238,The Lost Report,questiedb/foreverQuestDB.lua
1239,The Severed Head,questiedb/foreverQuestDB.lua
1240,The Troll Witchdoctor,questiedb/foreverQuestDB.lua
1241,The Missing Diplomat,questiedb/foreverQuestDB.lua
1242,The Missing Diplomat,questiedb/foreverQuestDB.lua
1243,The Missing Diplomat,questiedb/foreverQuestDB.lua
1244,The Missing Diplomat,questiedb/foreverQuestDB.lua
1245,The Missing Diplomat,questiedb/foreverQuestDB.lua
1246,The Missing Diplomat,questiedb/foreverQuestDB.lua
1247,The Missing Diplomat,questiedb/foreverQuestDB.lua
1248,The Missing Diplomat,questiedb/foreverQuestDB.lua
1249,The Missing Diplomat,questiedb/foreverQuestDB.lua
1250,The Missing Diplomat,questiedb/foreverQuestDB.lua
1251,The Black Shield,questiedb/foreverQuestDB.lua
1252,Lieutenant Paval Reethe,questiedb/foreverQuestDB.lua
1253,The Black Shield,questiedb/foreverQuestDB.lua
1258,... and Bugs,questiedb/foreverQuestDB.lua
1259,Lieutenant Paval Reethe,questiedb/foreverQuestDB.lua
1260,Morgan Stern,questiedb/foreverQuestDB.lua
1261,Marg Speaks,questiedb/foreverQuestDB.lua
1262,Report to Zor,questiedb/foreverQuestDB.lua
1264,The Missing Diplomat,questiedb/foreverQuestDB.lua
1265,The Missing Diplomat,questiedb/foreverQuestDB.lua
1266,The Missing Diplomat,questiedb/foreverQuestDB.lua
1267,The Missing Diplomat,questiedb/foreverQuestDB.lua
1268,Suspicious Hoofprints,questiedb/foreverQuestDB.lua
1269,Lieutenant Paval Reethe,questiedb/foreverQuestDB.lua
1270,Stinky's Escape,questiedb/foreverQuestDB.lua
1271,Feast at the Blue Recluse,questiedb/foreverQuestDB.lua
1273,Questioning Reethe,questiedb/foreverQuestDB.lua
1274,The Missing Diplomat,questiedb/foreverQuestDB.lua
1275,Researching the Corruption,questiedb/foreverQuestDB.lua
1276,The Black Shield,questiedb/foreverQuestDB.lua
1282,They Call Him Smiling Jim,questiedb/foreverQuestDB.lua
1284,Suspicious Hoofprints,questiedb/foreverQuestDB.lua
1285,Daelin's Men,questiedb/foreverQuestDB.lua
1286,The Deserters,questiedb/foreverQuestDB.lua
1287,The Deserters,questiedb/foreverQuestDB.lua
1301,James Hyal,questiedb/foreverQuestDB.lua
1302,James Hyal,questiedb/foreverQuestDB.lua
1318,Unfinished Gordok Business,questiedb/foreverQuestDB.lua
1319,The Black Shield,questiedb/foreverQuestDB.lua
1320,The Black Shield,questiedb/foreverQuestDB.lua
1321,The Black Shield,questiedb/foreverQuestDB.lua
1322,The Black Shield,questiedb/foreverQuestDB.lua
1323,The Black Shield,questiedb/foreverQuestDB.lua
1324,The Missing Diplomat,questiedb/foreverQuestDB.lua
1338,Stormpike's Order,questiedb/foreverQuestDB.lua
1339,Mountaineer Stormpike's Task,questiedb/foreverQuestDB.lua
1358,Sample for Helbrim,questiedb/foreverQuestDB.lua
1359,Zinge's Delivery,questiedb/foreverQuestDB.lua
1360,Reclaimed Treasures,questiedb/foreverQuestDB.lua
1361,Regthar Deathgate,questiedb/foreverQuestDB.lua
1362,The Kolkar of Desolace,questiedb/foreverQuestDB.lua
1363,Mazen's Behest,questiedb/foreverQuestDB.lua
1364,Mazen's Behest,questiedb/foreverQuestDB.lua
1365,Khan Dez'hepah,questiedb/foreverQuestDB.lua
1366,Centaur Bounty,questiedb/foreverQuestDB.lua
1367,Magram Alliance,questiedb/foreverQuestDB.lua
1368,Gelkis Alliance,questiedb/foreverQuestDB.lua
1369,Broken Tears,questiedb/foreverQuestDB.lua
1370,Stealing Supplies,questiedb/foreverQuestDB.lua
1371,Gizmo for Warug,questiedb/foreverQuestDB.lua
1372,Nothing But The Truth,questiedb/foreverQuestDB.lua
1373,Ongeku,questiedb/foreverQuestDB.lua
1374,Khan Jehn,questiedb/foreverQuestDB.lua
1375,Khan Shaka,questiedb/foreverQuestDB.lua
1380,Khan Hratha,questiedb/foreverQuestDB.lua
1381,Khan Hratha,questiedb/foreverQuestDB.lua
1382,Strange Alliance,questiedb/foreverQuestDB.lua
1383,Nothing But The Truth,questiedb/foreverQuestDB.lua
1384,Raid on the Kolkar,questiedb/foreverQuestDB.lua
1385,Brutal Politics,questiedb/foreverQuestDB.lua
1386,Assault on the Kolkar,questiedb/foreverQuestDB.lua
1387,Centaur Bounty,questiedb/foreverQuestDB.lua
1388,Nothing But The Truth,questiedb/foreverQuestDB.lua
1389,Draenethyst Crystals,questiedb/foreverQuestDB.lua
1391,Nothing But The Truth,questiedb/foreverQuestDB.lua
1392,Noboru the Cudgel,questiedb/foreverQuestDB.lua
1393,Galen's Escape,questiedb/foreverQuestDB.lua
1394,Final Passage,questiedb/foreverQuestDB.lua
1395,Supplies for Nethergarde,questiedb/foreverQuestDB.lua
1396,Encroaching Wildlife,questiedb/foreverQuestDB.lua
1398,Driftwood,questiedb/foreverQuestDB.lua
1418,Neeka Bloodscar,questiedb/foreverQuestDB.lua
1419,Coyote Thieves,questiedb/foreverQuestDB.lua
1420,Report to Helgrum,questiedb/foreverQuestDB.lua
1421,The Lost Caravan,questiedb/foreverQuestDB.lua
1422,Threat From the Sea,questiedb/foreverQuestDB.lua
1423,The Lost Supplies,questiedb/foreverQuestDB.lua
1424,Pool of Tears,questiedb/foreverQuestDB.lua
1425,Deliver the Shipment,questiedb/foreverQuestDB.lua
1426,Threat From the Sea,questiedb/foreverQuestDB.lua
1427,Threat From the Sea,questiedb/foreverQuestDB.lua
1428,Continued Threat,questiedb/foreverQuestDB.lua
1429,The Atal'ai Exile,questiedb/foreverQuestDB.lua
1430,Fresh Meat,questiedb/foreverQuestDB.lua
1431,Alliance Relations,questiedb/foreverQuestDB.lua
1432,Alliance Relations,questiedb/foreverQuestDB.lua
1433,Alliance Relations,questiedb/foreverQuestDB.lua
1434,Befouled by Satyr,questiedb/foreverQuestDB.lua
1435,The Burning of Spirits,questiedb/foreverQuestDB.lua
1436,Alliance Relations,questiedb/foreverQuestDB.lua
1437,Vahlarriel's Search,questiedb/foreverQuestDB.lua
1438,Vahlarriel's Search,questiedb/foreverQuestDB.lua
1439,Search for Tyranis,questiedb/foreverQuestDB.lua
1440,Return to Vahlarriel,questiedb/foreverQuestDB.lua
1442,Seeking the Kor Gem,questiedb/foreverQuestDB.lua
1444,Return to Fel'Zerul,questiedb/foreverQuestDB.lua
1445,The Temple of Atal'Hakkar,questiedb/foreverQuestDB.lua
1446,Jammal'an the Prophet,questiedb/foreverQuestDB.lua
1447,The Missing Diplomat,questiedb/foreverQuestDB.lua
1448,In Search of The Temple,questiedb/foreverQuestDB.lua
1449,To The Hinterlands,questiedb/foreverQuestDB.lua
1450,Gryphon Master Talonaxe,questiedb/foreverQuestDB.lua
1451,Rhapsody Shindigger,questiedb/foreverQuestDB.lua
1452,Rhapsody's Kalimdor Kocktail,questiedb/foreverQuestDB.lua
1453,Reclaimers' Business in Desolace,questiedb/foreverQuestDB.lua
1454,The Karnitol Shipwreck,questiedb/foreverQuestDB.lua
1455,The Karnitol Shipwreck,questiedb/foreverQuestDB.lua
1456,The Karnitol Shipwreck,questiedb/foreverQuestDB.lua
1457,The Karnitol Shipwreck,questiedb/foreverQuestDB.lua
1458,Reagents for Reclaimers Inc.,questiedb/foreverQuestDB.lua
1459,Reagents for Reclaimers Inc.,questiedb/foreverQuestDB.lua
1462,Earth Sapta,questiedb/foreverQuestDB.lua
1463,Earth Sapta,questiedb/foreverQuestDB.lua
1464,Fire Sapta,questiedb/foreverQuestDB.lua
1465,Vahlarriel's Search,questiedb/foreverQuestDB.lua
1466,Reagents for Reclaimers Inc.,questiedb/foreverQuestDB.lua
1467,Reagents for Reclaimers Inc.,questiedb/foreverQuestDB.lua
1468,Children's Week,questiedb/foreverQuestDB.lua
1469,Rhapsody's Tale,questiedb/foreverQuestDB.lua
1470,Piercing the Veil,questiedb/foreverQuestDB.lua
1471,The Binding,questiedb/foreverQuestDB.lua
1472,Devourer of Souls,questiedb/foreverQuestDB.lua
1473,Creature of the Void,questiedb/foreverQuestDB.lua
1474,The Binding,questiedb/foreverQuestDB.lua
1475,Into The Temple of Atal'Hakkar,questiedb/foreverQuestDB.lua
1476,Hearts of the Pure,questiedb/foreverQuestDB.lua
1477,Vital Supplies,questiedb/foreverQuestDB.lua
1478,Halgar's Summons,questiedb/foreverQuestDB.lua
1479,The Bough of the Eternals,questiedb/foreverQuestDB.lua
1480,The Corrupter,questiedb/foreverQuestDB.lua
1481,The Corrupter,questiedb/foreverQuestDB.lua
1482,The Corrupter,questiedb/foreverQuestDB.lua
1483,Ziz Fizziks,questiedb/foreverQuestDB.lua
1484,The Corrupter,questiedb/foreverQuestDB.lua
1485,Vile Familiars,questiedb/foreverQuestDB.lua
1486,Deviate Hides,questiedb/foreverQuestDB.lua
1487,Deviate Eradication,questiedb/foreverQuestDB.lua
1488,The Corrupter,questiedb/foreverQuestDB.lua
1489,Hamuul Runetotem,questiedb/foreverQuestDB.lua
1490,Nara Wildmane,questiedb/foreverQuestDB.lua
1491,Smart Drinks,questiedb/foreverQuestDB.lua
1492,Wharfmaster Dizzywig,questiedb/foreverQuestDB.lua
1498,Path of Defense,questiedb/foreverQuestDB.lua
1499,Vile Familiars,questiedb/foreverQuestDB.lua
1501,Creature of the Void,questiedb/foreverQuestDB.lua
1502,Thun'grim Firegaze,questiedb/foreverQuestDB.lua
1503,Forged Steel,questiedb/foreverQuestDB.lua
1504,The Binding,questiedb/foreverQuestDB.lua
1505,Veteran Uzzek,questiedb/foreverQuestDB.lua
1506,Gan'rul's Summons,questiedb/foreverQuestDB.lua
1507,Devourer of Souls,questiedb/foreverQuestDB.lua
1508,Blind Cazul,questiedb/foreverQuestDB.lua
1509,News of Dogran,questiedb/foreverQuestDB.lua
1510,News of Dogran,questiedb/foreverQuestDB.lua
1511,Ken'zigla's Draught,questiedb/foreverQuestDB.lua
1512,Love's Gift,questiedb/foreverQuestDB.lua
1513,The Binding,questiedb/foreverQuestDB.lua
1514,Corrupted Windblossom,questiedb/foreverQuestDB.lua
1515,Dogran's Captivity,questiedb/foreverQuestDB.lua
1516,Call of Earth,questiedb/foreverQuestDB.lua
1517,Call of Earth,questiedb/foreverQuestDB.lua
1518,Call of Earth,questiedb/foreverQuestDB.lua
1519,Call of Earth,questiedb/foreverQuestDB.lua
1520,Call of Earth,questiedb/foreverQuestDB.lua
1521,Call of Earth,questiedb/foreverQuestDB.lua
1522,Call of Fire,questiedb/foreverQuestDB.lua
1523,Call of Fire,questiedb/foreverQuestDB.lua
1524,Call of Fire,questiedb/foreverQuestDB.lua
1525,Call of Fire,questiedb/foreverQuestDB.lua
1526,Call of Fire,questiedb/foreverQuestDB.lua
1527,Call of Fire,questiedb/foreverQuestDB.lua
1528,Call of Water,questiedb/foreverQuestDB.lua
1529,Call of Water,questiedb/foreverQuestDB.lua
1530,Call of Water,questiedb/foreverQuestDB.lua
1531,Call of Air,questiedb/foreverQuestDB.lua
1532,Call of Air,questiedb/foreverQuestDB.lua
1534,Call of Water,questiedb/foreverQuestDB.lua
1535,Call of Water,questiedb/foreverQuestDB.lua
1536,Call of Water,questiedb/foreverQuestDB.lua
1558,The Stonewrought Dam,questiedb/foreverQuestDB.lua
1559,Flash Bomb Recipe,questiedb/foreverQuestDB.lua
1560,Tooga's Quest,questiedb/foreverQuestDB.lua
1578,Supplying the Front,questiedb/foreverQuestDB.lua
1579,Gaffer Jacks,questiedb/foreverQuestDB.lua
1580,Electropellers,questiedb/foreverQuestDB.lua
1581,Elixirs for the Bladeleafs,questiedb/foreverQuestDB.lua
1582,Moonglow Vest,questiedb/foreverQuestDB.lua
1598,The Stolen Tome,questiedb/foreverQuestDB.lua
1599,Beginnings,questiedb/foreverQuestDB.lua
1618,Gearing Redridge,questiedb/foreverQuestDB.lua
1638,A Warrior's Training,questiedb/foreverQuestDB.lua
1639,Bartleby the Drunk,questiedb/foreverQuestDB.lua
1640,Beat Bartleby,questiedb/foreverQuestDB.lua
1641,The Tome of Divinity,questiedb/foreverQuestDB.lua
1642,The Tome of Divinity,questiedb/foreverQuestDB.lua
1643,The Tome of Divinity,questiedb/foreverQuestDB.lua
1644,The Tome of Divinity,questiedb/foreverQuestDB.lua
1645,The Tome of Divinity,questiedb/foreverQuestDB.lua
1646,The Tome of Divinity,questiedb/foreverQuestDB.lua
1647,The Tome of Divinity,questiedb/foreverQuestDB.lua
1648,The Tome of Divinity,questiedb/foreverQuestDB.lua
1649,The Tome of Valor,questiedb/foreverQuestDB.lua
1650,The Tome of Valor,questiedb/foreverQuestDB.lua
1651,The Tome of Valor,questiedb/foreverQuestDB.lua
1652,The Tome of Valor,questiedb/foreverQuestDB.lua
1653,The Test of Righteousness,questiedb/foreverQuestDB.lua
1654,The Test of Righteousness,questiedb/foreverQuestDB.lua
1655,Bailor's Ore Shipment,questiedb/foreverQuestDB.lua
1656,A Task Unfinished,questiedb/foreverQuestDB.lua
1657,Stinking Up Southshore,questiedb/foreverQuestDB.lua
1658,Crashing the Wickerman Festival (PvP),questiedb/foreverQuestDB.lua
1661,The Tome of Nobility,questiedb/foreverQuestDB.lua
1665,Bartleby's Mug,questiedb/foreverQuestDB.lua
1666,Marshal Haggard,questiedb/foreverQuestDB.lua
1667,Dead-tooth Jack,questiedb/foreverQuestDB.lua
1678,Vejrek,questiedb/foreverQuestDB.lua
1679,Muren Stormpike,questiedb/foreverQuestDB.lua
1680,Tormus Deepforge,questiedb/foreverQuestDB.lua
1681,Ironband's Compound,questiedb/foreverQuestDB.lua
1682,Grey Iron Weapons,questiedb/foreverQuestDB.lua
1683,Vorlus Vilehoof,questiedb/foreverQuestDB.lua
1684,Elanaria,questiedb/foreverQuestDB.lua
1685,Gakin's Summons,questiedb/foreverQuestDB.lua
1686,The Shade of Elura,questiedb/foreverQuestDB.lua
1687,Spooky Lighthouse,questiedb/foreverQuestDB.lua
1688,Surena Caledon,questiedb/foreverQuestDB.lua
1689,The Binding,questiedb/foreverQuestDB.lua
1690,Wastewander Justice,questiedb/foreverQuestDB.lua
1691,More Wastewander Justice,questiedb/foreverQuestDB.lua
1692,Smith Mathiel,questiedb/foreverQuestDB.lua
1693,Weapons of Elunite,questiedb/foreverQuestDB.lua
1698,Yorus Barleybrew,questiedb/foreverQuestDB.lua
1699,The Rethban Gauntlet,questiedb/foreverQuestDB.lua
1700,Grimand Elmore,questiedb/foreverQuestDB.lua
1701,Fire Hardened Mail,questiedb/foreverQuestDB.lua
1702,The Shieldsmith,questiedb/foreverQuestDB.lua
1703,Mathiel,questiedb/foreverQuestDB.lua
1704,Klockmort Spannerspan,questiedb/foreverQuestDB.lua
1705,Burning Blood,questiedb/foreverQuestDB.lua
1706,Grimand's Armor,questiedb/foreverQuestDB.lua
1707,Water Pouch Bounty,questiedb/foreverQuestDB.lua
1708,Iron Coral,questiedb/foreverQuestDB.lua
1709,Klockmort's Creation,questiedb/foreverQuestDB.lua
1710,Sunscorched Shells,questiedb/foreverQuestDB.lua
1711,Mathiel's Armor,questiedb/foreverQuestDB.lua
1712,Cyclonian,questiedb/foreverQuestDB.lua
1713,The Summoning,questiedb/foreverQuestDB.lua
1714,Essence of the Exile,questiedb/foreverQuestDB.lua
1715,The Slaughtered Lamb,questiedb/foreverQuestDB.lua
1716,Devourer of Souls,questiedb/foreverQuestDB.lua
1717,Gakin's Summons,questiedb/foreverQuestDB.lua
1718,The Islander,questiedb/foreverQuestDB.lua
1719,The Affray,questiedb/foreverQuestDB.lua
1738,Heartswood,questiedb/foreverQuestDB.lua
1739,The Binding,questiedb/foreverQuestDB.lua
1740,The Orb of Soran'ruk,questiedb/foreverQuestDB.lua
1758,Tome of the Cabal,questiedb/foreverQuestDB.lua
1778,The Tome of Divinity,questiedb/foreverQuestDB.lua
1779,The Tome of Divinity,questiedb/foreverQuestDB.lua
1780,The Tome of Divinity,questiedb/foreverQuestDB.lua
1781,The Tome of Divinity,questiedb/foreverQuestDB.lua
1782,Furen's Armor,questiedb/foreverQuestDB.lua
1783,The Tome of Divinity,questiedb/foreverQuestDB.lua
1784,The Tome of Divinity,questiedb/foreverQuestDB.lua
1785,The Tome of Divinity,questiedb/foreverQuestDB.lua
1786,The Tome of Divinity,questiedb/foreverQuestDB.lua
1787,The Tome of Divinity,questiedb/foreverQuestDB.lua
1788,The Tome of Divinity,questiedb/foreverQuestDB.lua
1789,The Symbol of Life,questiedb/foreverQuestDB.lua
1790,The Symbol of Life,questiedb/foreverQuestDB.lua
1791,The Windwatcher,questiedb/foreverQuestDB.lua
1792,Whirlwind Weapon,questiedb/foreverQuestDB.lua
1793,The Tome of Valor,questiedb/foreverQuestDB.lua
1794,The Tome of Valor,questiedb/foreverQuestDB.lua
1795,The Binding,questiedb/foreverQuestDB.lua
1796,Components for the Enchanted Gold Bloodrobe,questiedb/foreverQuestDB.lua
1798,Seeking Strahad,questiedb/foreverQuestDB.lua
1799,Fragments of the Orb of Orahil,questiedb/foreverQuestDB.lua
1800,Lordaeron Throne Room,questiedb/foreverQuestDB.lua
1801,Tome of the Cabal,questiedb/foreverQuestDB.lua
1802,Tome of the Cabal,questiedb/foreverQuestDB.lua
1803,Tome of the Cabal,questiedb/foreverQuestDB.lua
1804,Tome of the Cabal,questiedb/foreverQuestDB.lua
1805,Tome of the Cabal,questiedb/foreverQuestDB.lua
1806,The Test of Righteousness,questiedb/foreverQuestDB.lua
1818,Speak with Dillinger,questiedb/foreverQuestDB.lua
1819,Ulag the Cleaver,questiedb/foreverQuestDB.lua
1820,Speak with Coleman,questiedb/foreverQuestDB.lua
1821,Agamand Heirlooms,questiedb/foreverQuestDB.lua
1822,Heirloom Weapon,questiedb/foreverQuestDB.lua
1823,Speak with Ruga,questiedb/foreverQuestDB.lua
1824,Trial at the Field of Giants,questiedb/foreverQuestDB.lua
1825,Speak with Thun'grim,questiedb/foreverQuestDB.lua
1838,Brutal Armor,questiedb/foreverQuestDB.lua
1839,Ula'elek and the Brutal Gauntlets,questiedb/foreverQuestDB.lua
1840,Orm Stonehoof and the Brutal Helm,questiedb/foreverQuestDB.lua
1841,Velora Nitely and the Brutal Legguards,questiedb/foreverQuestDB.lua
1842,Satyr Hooves,questiedb/foreverQuestDB.lua
1843,Brutal Gauntlets,questiedb/foreverQuestDB.lua
1844,Chimaeric Horn,questiedb/foreverQuestDB.lua
1845,Brutal Helm,questiedb/foreverQuestDB.lua
1846,Dragonmaw Shinbones,questiedb/foreverQuestDB.lua
1847,Brutal Legguards,questiedb/foreverQuestDB.lua
1848,Brutal Hauberk,questiedb/foreverQuestDB.lua
1858,The Shattered Hand,questiedb/foreverQuestDB.lua
1859,Therzok,questiedb/foreverQuestDB.lua
1860,Speak with Jennea,questiedb/foreverQuestDB.lua
1861,Mirror Lake,questiedb/foreverQuestDB.lua
1878,Water Pouch Bounty,questiedb/foreverQuestDB.lua
1879,Speak with Bink,questiedb/foreverQuestDB.lua
1880,Mage-tastic Gizmonitor,questiedb/foreverQuestDB.lua
1881,Speak with Anastasia,questiedb/foreverQuestDB.lua
1882,The Balnir Farmstead,questiedb/foreverQuestDB.lua
1883,Speak with Un'thuwa,questiedb/foreverQuestDB.lua
1884,Ju-Ju Heaps,questiedb/foreverQuestDB.lua
1885,Mennet Carkad,questiedb/foreverQuestDB.lua
1886,The Deathstalkers,questiedb/foreverQuestDB.lua
1898,The Deathstalkers,questiedb/foreverQuestDB.lua
1899,The Deathstalkers,questiedb/foreverQuestDB.lua
1918,The Befouled Element,questiedb/foreverQuestDB.lua
1919,Report to Jennea,questiedb/foreverQuestDB.lua
1920,Investigate the Blue Recluse,questiedb/foreverQuestDB.lua
1921,Gathering Materials,questiedb/foreverQuestDB.lua
1938,Ur's Treatise on Shadow Magic,questiedb/foreverQuestDB.lua
1939,High Sorcerer Andromath,questiedb/foreverQuestDB.lua
1940,Pristine Spider Silk,questiedb/foreverQuestDB.lua
1941,Manaweave Robe,questiedb/foreverQuestDB.lua
1942,Astral Knot Garment,questiedb/foreverQuestDB.lua
1943,Speak with Deino,questiedb/foreverQuestDB.lua
1944,Waters of Xavian,questiedb/foreverQuestDB.lua
1945,Laughing Sisters,questiedb/foreverQuestDB.lua
1946,Nether-lace Garment,questiedb/foreverQuestDB.lua
1947,Journey to the Marsh,questiedb/foreverQuestDB.lua
1948,Items of Power,questiedb/foreverQuestDB.lua
1949,Hidden Secrets,questiedb/foreverQuestDB.lua
1950,Get the Scoop,questiedb/foreverQuestDB.lua
1951,Rituals of Power,questiedb/foreverQuestDB.lua
1952,Mage's Wand,questiedb/foreverQuestDB.lua
1953,Return to the Marsh,questiedb/foreverQuestDB.lua
1954,The Infernal Orb,questiedb/foreverQuestDB.lua
1955,The Exorcism,questiedb/foreverQuestDB.lua
1956,Power in Uldaman,questiedb/foreverQuestDB.lua
1957,Mana Surges,questiedb/foreverQuestDB.lua
1958,Celestial Power,questiedb/foreverQuestDB.lua
1959,Report to Anastasia,questiedb/foreverQuestDB.lua
1960,Investigate the Alchemist Shop,questiedb/foreverQuestDB.lua
1961,Gathering Materials,questiedb/foreverQuestDB.lua
1962,Spellfire Robes,questiedb/foreverQuestDB.lua
1963,The Shattered Hand,questiedb/foreverQuestDB.lua
1978,The Deathstalkers,questiedb/foreverQuestDB.lua
1998,Fenwick Thatros,questiedb/foreverQuestDB.lua
1999,Tools of the Trade,questiedb/foreverQuestDB.lua
2038,Bingles' Missing Supplies,questiedb/foreverQuestDB.lua
2039,Find Bingles,questiedb/foreverQuestDB.lua
2040,Underground Assault,questiedb/foreverQuestDB.lua
2041,Speak with Shoni,questiedb/foreverQuestDB.lua
2078,Gyromast's Revenge,questiedb/foreverQuestDB.lua
2098,Gyromast's Retrieval,questiedb/foreverQuestDB.lua
2118,Plagued Lands,questiedb/foreverQuestDB.lua
2138,Cleansing of the Infected,questiedb/foreverQuestDB.lua
2139,Tharnariun's Hope,questiedb/foreverQuestDB.lua
2158,Rest and Relaxation,questiedb/foreverQuestDB.lua
2159,Dolanaar Delivery,questiedb/foreverQuestDB.lua
2160,Supplies to Tannok,questiedb/foreverQuestDB.lua
2161,A Peon's Burden,questiedb/foreverQuestDB.lua
2178,Easy Strider Living,questiedb/foreverQuestDB.lua
2198,The Shattered Necklace,questiedb/foreverQuestDB.lua
2199,Lore for a Price,questiedb/foreverQuestDB.lua
2200,Back to Uldaman,questiedb/foreverQuestDB.lua
2201,Find the Gems,questiedb/foreverQuestDB.lua
2202,Uldaman Reagent Run,questiedb/foreverQuestDB.lua
2203,Badlands Reagent Run II,questiedb/foreverQuestDB.lua
2204,Restoring the Necklace,questiedb/foreverQuestDB.lua
2205,Seek out SI: 7,questiedb/foreverQuestDB.lua
2206,Snatch and Grab,questiedb/foreverQuestDB.lua
2218,Road to Salvation,questiedb/foreverQuestDB.lua
2238,Simple Subterfugin',questiedb/foreverQuestDB.lua
2239,Onin's Report,questiedb/foreverQuestDB.lua
2240,The Hidden Chamber,questiedb/foreverQuestDB.lua
2241,The Apple Falls,questiedb/foreverQuestDB.lua
2242,Destiny Calls,questiedb/foreverQuestDB.lua
2258,Badlands Reagent Run,questiedb/foreverQuestDB.lua
2259,Erion Shadewhisper,questiedb/foreverQuestDB.lua
2260,Erion's Behest,questiedb/foreverQuestDB.lua
2278,The Platinum Discs,questiedb/foreverQuestDB.lua
2279,The Platinum Discs,questiedb/foreverQuestDB.lua
2280,The Platinum Discs,questiedb/foreverQuestDB.lua
2281,Redridge Rendezvous,questiedb/foreverQuestDB.lua
2282,Alther's Mill,questiedb/foreverQuestDB.lua
2283,Necklace Recovery,questiedb/foreverQuestDB.lua
2284,"Necklace Recovery, Take 2",questiedb/foreverQuestDB.lua
2298,Kingly Shakedown,questiedb/foreverQuestDB.lua
2299,To Hulfdan!,questiedb/foreverQuestDB.lua
2300,SI:7,questiedb/foreverQuestDB.lua
2318,Translating the Journal,questiedb/foreverQuestDB.lua
2338,Translating the Journal,questiedb/foreverQuestDB.lua
2339,Find the Gems and Power Source,questiedb/foreverQuestDB.lua
2340,Deliver the Gems,questiedb/foreverQuestDB.lua
2341,"Necklace Recovery, Take 3",questiedb/foreverQuestDB.lua
2342,Reclaimed Treasures,questiedb/foreverQuestDB.lua
2358,Horns of Nez'ra,questiedb/foreverQuestDB.lua
2359,Klaven's Tower,questiedb/foreverQuestDB.lua
2360,Mathias and the Defias,questiedb/foreverQuestDB.lua
2361,Restoring the Necklace,questiedb/foreverQuestDB.lua
2378,Find the Shattered Hand,questiedb/foreverQuestDB.lua
2379,Zando'zan,questiedb/foreverQuestDB.lua
2380,To Orgrimmar!,questiedb/foreverQuestDB.lua
2381,Plundering the Plunderers,questiedb/foreverQuestDB.lua
2382,Wrenix of Ratchet,questiedb/foreverQuestDB.lua
2383,Simple Parchment,questiedb/foreverQuestDB.lua
2398,The Lost Dwarves,questiedb/foreverQuestDB.lua
2399,The Sprouted Fronds,questiedb/foreverQuestDB.lua
2418,Power Stones,questiedb/foreverQuestDB.lua
2438,The Emerald Dreamcatcher,questiedb/foreverQuestDB.lua
2439,The Platinum Discs,questiedb/foreverQuestDB.lua
2440,The Platinum Discs,questiedb/foreverQuestDB.lua
2458,Deep Cover,questiedb/foreverQuestDB.lua
2459,Ferocitas the Dream Eater,questiedb/foreverQuestDB.lua
2460,The Shattered Salute,questiedb/foreverQuestDB.lua
2478,Mission: Possible But Not Probable,questiedb/foreverQuestDB.lua
2479,Hinott's Assistance,questiedb/foreverQuestDB.lua
2480,Hinott's Assistance,questiedb/foreverQuestDB.lua
2498,Return to Denalan,questiedb/foreverQuestDB.lua
2499,Oakenscowl,questiedb/foreverQuestDB.lua
2500,Badlands Reagent Run,questiedb/foreverQuestDB.lua
2501,Badlands Reagent Run II,questiedb/foreverQuestDB.lua
2518,Tears of the Moon,questiedb/foreverQuestDB.lua
2519,The Temple of the Moon,questiedb/foreverQuestDB.lua
2520,Sathrah's Sacrifice,questiedb/foreverQuestDB.lua
2521,To Serve Kum'isha,questiedb/foreverQuestDB.lua
2522,Kum'isha's Endeavors,questiedb/foreverQuestDB.lua
2523,Corrupted Songflower,questiedb/foreverQuestDB.lua
2541,The Sleeping Druid,questiedb/foreverQuestDB.lua
2561,Druid of the Claw,questiedb/foreverQuestDB.lua
2581,Snickerfang Jowls,questiedb/foreverQuestDB.lua
2582,Rage of Ages,questiedb/foreverQuestDB.lua
2583,A Boar's Vitality,questiedb/foreverQuestDB.lua
2584,Spirit of the Boar,questiedb/foreverQuestDB.lua
2585,The Decisive Striker,questiedb/foreverQuestDB.lua
2586,Salt of the Scorpok,questiedb/foreverQuestDB.lua
2601,The Basilisk's Bite,questiedb/foreverQuestDB.lua
2602,Infallible Mind,questiedb/foreverQuestDB.lua
2603,Vulture's Vigor,questiedb/foreverQuestDB.lua
2604,Spiritual Domination,questiedb/foreverQuestDB.lua
2605,The Thirsty Goblin,questiedb/foreverQuestDB.lua
2606,In Good Taste,questiedb/foreverQuestDB.lua
2607,The Touch of Zanzil,questiedb/foreverQuestDB.lua
2608,The Touch of Zanzil,questiedb/foreverQuestDB.lua
2609,The Touch of Zanzil,questiedb/foreverQuestDB.lua
2621,The Disgraced One,questiedb/foreverQuestDB.lua
2622,The Missing Orders,questiedb/foreverQuestDB.lua
2623,The Swamp Talker,questiedb/foreverQuestDB.lua
2641,Sprinkle's Secret Ingredient,questiedb/foreverQuestDB.lua
2661,Delivery for Marin,questiedb/foreverQuestDB.lua
2662,Noggenfogger Elixir,questiedb/foreverQuestDB.lua
2681,The Stones That Bind Us,questiedb/foreverQuestDB.lua
2701,Heroes of Old,questiedb/foreverQuestDB.lua
2702,Heroes of Old,questiedb/foreverQuestDB.lua
2721,Kirith,questiedb/foreverQuestDB.lua
2741,The Super Egg-O-Matic,questiedb/foreverQuestDB.lua
2742,Rin'ji is Trapped!,questiedb/foreverQuestDB.lua
2743,The Cover of Darkness,questiedb/foreverQuestDB.lua
2744,The Demon Hunter,questiedb/foreverQuestDB.lua
2745,Infiltrating the Castle,questiedb/foreverQuestDB.lua
2746,Items of Some Consequence,questiedb/foreverQuestDB.lua
2747,An Extraordinary Egg,questiedb/foreverQuestDB.lua
2748,A Fine Egg,questiedb/foreverQuestDB.lua
2749,An Ordinary Egg,questiedb/foreverQuestDB.lua
2750,A Bad Egg,questiedb/foreverQuestDB.lua
2751,Barbaric Battlements,questiedb/foreverQuestDB.lua
2752,On Iron Pauldrons,questiedb/foreverQuestDB.lua
2753,Trampled Under Foot,questiedb/foreverQuestDB.lua
2754,Horns of Frenzy,questiedb/foreverQuestDB.lua
2755,Joys of Omosh,questiedb/foreverQuestDB.lua
2756,The Old Ways,questiedb/foreverQuestDB.lua
2757,Booty Bay or Bust!,questiedb/foreverQuestDB.lua
2758,The Origins of Smithing,questiedb/foreverQuestDB.lua
2759,In Search of Galvan,questiedb/foreverQuestDB.lua
2760,The Mithril Order,questiedb/foreverQuestDB.lua
2761,"Smelt On, Smelt Off",questiedb/foreverQuestDB.lua
2762,The Great Silver Deceiver,questiedb/foreverQuestDB.lua
2763,The Art of the Imbue,questiedb/foreverQuestDB.lua
2764,Galvan's Finest Pupil,questiedb/foreverQuestDB.lua
2765,Expert Blacksmith!,questiedb/foreverQuestDB.lua
2766,Find OOX-22/FE!,questiedb/foreverQuestDB.lua
2767,Rescue OOX-22/FE!,questiedb/foreverQuestDB.lua
2768,Divino-matic Rod,questiedb/foreverQuestDB.lua
2769,The Brassbolts Brothers,questiedb/foreverQuestDB.lua
2770,Gahz'rilla,questiedb/foreverQuestDB.lua
2771,A Good Head On Your Shoulders,questiedb/foreverQuestDB.lua
2772,The World At Your Feet,questiedb/foreverQuestDB.lua
2773,The Mithril Kid,questiedb/foreverQuestDB.lua
2781,WANTED: Caliph Scorpidsting,questiedb/foreverQuestDB.lua
2782,Rin'ji's Secret,questiedb/foreverQuestDB.lua
2783,Petty Squabbles,questiedb/foreverQuestDB.lua
2784,Fall From Grace,questiedb/foreverQuestDB.lua
2801,A Tale of Sorrow,questiedb/foreverQuestDB.lua
2821,The Mark of Quality,questiedb/foreverQuestDB.lua
2822,The Mark of Quality,questiedb/foreverQuestDB.lua
2841,Rig Wars,questiedb/foreverQuestDB.lua
2842,Chief Engineer Scooty,questiedb/foreverQuestDB.lua
2843,Gnomer-gooooone!,questiedb/foreverQuestDB.lua
2844,The Giant Guardian,questiedb/foreverQuestDB.lua
2845,Wandering Shay,questiedb/foreverQuestDB.lua
2846,Tiara of the Deep,questiedb/foreverQuestDB.lua
2847,Wild Leather Armor,questiedb/foreverQuestDB.lua
2848,Wild Leather Shoulders,questiedb/foreverQuestDB.lua
2849,Wild Leather Vest,questiedb/foreverQuestDB.lua
2850,Wild Leather Helmet,questiedb/foreverQuestDB.lua
2851,Wild Leather Boots,questiedb/foreverQuestDB.lua
2852,Wild Leather Leggings,questiedb/foreverQuestDB.lua
2853,Master of the Wild Leather,questiedb/foreverQuestDB.lua
2854,Wild Leather Armor,questiedb/foreverQuestDB.lua
2855,Wild Leather Shoulders,questiedb/foreverQuestDB.lua
2856,Wild Leather Vest,questiedb/foreverQuestDB.lua
2857,Wild Leather Helmet,questiedb/foreverQuestDB.lua
2858,Wild Leather Boots,questiedb/foreverQuestDB.lua
2859,Wild Leather Leggings,questiedb/foreverQuestDB.lua
2860,Master of the Wild Leather,questiedb/foreverQuestDB.lua
2861,Tabetha's Task,questiedb/foreverQuestDB.lua
2862,War on the Woodpaw,questiedb/foreverQuestDB.lua
2863,Alpha Strike,questiedb/foreverQuestDB.lua
2864,Tran'rek,questiedb/foreverQuestDB.lua
2865,Scarab Shells,questiedb/foreverQuestDB.lua
2866,The Ruins of Solarsal,questiedb/foreverQuestDB.lua
2867,Return to Feathermoon Stronghold,questiedb/foreverQuestDB.lua
2869,Against the Hatecrest,questiedb/foreverQuestDB.lua
2870,Against Lord Shalzaru,questiedb/foreverQuestDB.lua
2871,Delivering the Relic,questiedb/foreverQuestDB.lua
2872,Stoley's Debt,questiedb/foreverQuestDB.lua
2873,Stoley's Shipment,questiedb/foreverQuestDB.lua
2874,Deliver to MacKinley,questiedb/foreverQuestDB.lua
2875,WANTED: Andre Firebeard,questiedb/foreverQuestDB.lua
2876,Ship Schedules,questiedb/foreverQuestDB.lua
2877,Skulk Rock Clean-up,questiedb/foreverQuestDB.lua
2878,Corrupted Songflower,questiedb/foreverQuestDB.lua
2879,The Stave of Equinex,questiedb/foreverQuestDB.lua
2880,Troll Necklace Bounty,questiedb/foreverQuestDB.lua
2881,Troll Necklace Bounty,questiedb/foreverQuestDB.lua
2882,Cuergo's Gold,questiedb/foreverQuestDB.lua
2902,Woodpaw Investigation,questiedb/foreverQuestDB.lua
2903,The Battle Plans,questiedb/foreverQuestDB.lua
2904,A Fine Mess,questiedb/foreverQuestDB.lua
2922,Save Techbot's Brain!,questiedb/foreverQuestDB.lua
2923,Tinkmaster Overspark,questiedb/foreverQuestDB.lua
2924,Essential Artificials,questiedb/foreverQuestDB.lua
2925,Klockmort's Essentials,questiedb/foreverQuestDB.lua
2926,Gnogaine,questiedb/foreverQuestDB.lua
2927,The Day After,questiedb/foreverQuestDB.lua
2928,Gyrodrillmatic Excavationators,questiedb/foreverQuestDB.lua
2929,The Grand Betrayal,questiedb/foreverQuestDB.lua
2930,Data Rescue,questiedb/foreverQuestDB.lua
2931,Castpipe's Task,questiedb/foreverQuestDB.lua
2932,Grim Message,questiedb/foreverQuestDB.lua
2933,Venom Bottles,questiedb/foreverQuestDB.lua
2934,Undamaged Venom Sac,questiedb/foreverQuestDB.lua
2935,Consult Master Gadrin,questiedb/foreverQuestDB.lua
2936,The Spider God,questiedb/foreverQuestDB.lua
2937,Summoning Shadra,questiedb/foreverQuestDB.lua
2938,Venom to the Undercity,questiedb/foreverQuestDB.lua
2939,In Search of Knowledge,questiedb/foreverQuestDB.lua
2940,Feralas: A History,questiedb/foreverQuestDB.lua
2941,The Borrower,questiedb/foreverQuestDB.lua
2942,The Morrow Stone,questiedb/foreverQuestDB.lua
2943,Return to Troyas,questiedb/foreverQuestDB.lua
2944,The Super Snapper FX,questiedb/foreverQuestDB.lua
2945,Grime-Encrusted Ring,questiedb/foreverQuestDB.lua
2946,Seeing What Happens,questiedb/foreverQuestDB.lua
2947,Return of the Ring,questiedb/foreverQuestDB.lua
2948,Gnome Improvement,questiedb/foreverQuestDB.lua
2949,Return of the Ring,questiedb/foreverQuestDB.lua
2950,Nogg's Ring Redo,questiedb/foreverQuestDB.lua
2951,The Sparklematic 5200!,questiedb/foreverQuestDB.lua
2952,The Sparklematic 5200!,questiedb/foreverQuestDB.lua
2953,More Sparklematic Action,questiedb/foreverQuestDB.lua
2954,The Stone Watcher,questiedb/foreverQuestDB.lua
2962,The Only Cure is More Green Glow,questiedb/foreverQuestDB.lua
2963,Portents of Uldum,questiedb/foreverQuestDB.lua
2964,A Future Task,questiedb/foreverQuestDB.lua
2965,Portents of Uldum,questiedb/foreverQuestDB.lua
2966,Seeing What Happens,questiedb/foreverQuestDB.lua
2967,Return to Thunder Bluff,questiedb/foreverQuestDB.lua
2968,A Future Task,questiedb/foreverQuestDB.lua
2969,Freedom for All Creatures,questiedb/foreverQuestDB.lua
2970,Doling Justice,questiedb/foreverQuestDB.lua
2972,Doling Justice,questiedb/foreverQuestDB.lua
2973,A New Cloak's Sheen,questiedb/foreverQuestDB.lua
2974,A Grim Discovery,questiedb/foreverQuestDB.lua
2975,The Ogres of Feralas,questiedb/foreverQuestDB.lua
2976,A Grim Discovery,questiedb/foreverQuestDB.lua
2977,Return to Ironforge,questiedb/foreverQuestDB.lua
2978,The Gordunni Scroll,questiedb/foreverQuestDB.lua
2979,Dark Ceremony,questiedb/foreverQuestDB.lua
2980,The Ogres of Feralas,questiedb/foreverQuestDB.lua
2981,A Threat in Feralas,questiedb/foreverQuestDB.lua
2982,The High Wilderness,questiedb/foreverQuestDB.lua
2983,Call of Fire,questiedb/foreverQuestDB.lua
2984,Call of Fire,questiedb/foreverQuestDB.lua
2985,Call of Water,questiedb/foreverQuestDB.lua
2986,Call of Water,questiedb/foreverQuestDB.lua
2987,Gordunni Cobalt,questiedb/foreverQuestDB.lua
2988,Witherbark Cages,questiedb/foreverQuestDB.lua
2989,The Altar of Zul,questiedb/foreverQuestDB.lua
2990,Thadius Grimshade,questiedb/foreverQuestDB.lua
2991,Nekrum's Medallion,questiedb/foreverQuestDB.lua
2992,The Divination,questiedb/foreverQuestDB.lua
2993,Return to the Hinterlands,questiedb/foreverQuestDB.lua
2994,Saving Sharpbeak,questiedb/foreverQuestDB.lua
2995,Lines of Communication,questiedb/foreverQuestDB.lua
2996,Seeking Strahad,questiedb/foreverQuestDB.lua
2997,Tome of Divinity,questiedb/foreverQuestDB.lua
2998,Tome of Divinity,questiedb/foreverQuestDB.lua
2999,Tome of Divinity,questiedb/foreverQuestDB.lua
3000,Tome of Divinity,questiedb/foreverQuestDB.lua
3001,Seeking Strahad,questiedb/foreverQuestDB.lua
3002,The Gordunni Orb,questiedb/foreverQuestDB.lua
3022,Handle With Care,questiedb/foreverQuestDB.lua
3042,Troll Temper,questiedb/foreverQuestDB.lua
3062,Dark Heart,questiedb/foreverQuestDB.lua
3063,Vengeance on the Northspring,questiedb/foreverQuestDB.lua
3065,Simple Tablet,questiedb/foreverQuestDB.lua
3082,Etched Tablet,questiedb/foreverQuestDB.lua
3083,Encrypted Tablet,questiedb/foreverQuestDB.lua
3084,Rune-Inscribed Tablet,questiedb/foreverQuestDB.lua
3085,Hallowed Tablet,questiedb/foreverQuestDB.lua
3086,Glyphic Tablet,questiedb/foreverQuestDB.lua
3087,Etched Parchment,questiedb/foreverQuestDB.lua
3088,Encrypted Parchment,questiedb/foreverQuestDB.lua
3089,Rune-Inscribed Parchment,questiedb/foreverQuestDB.lua
3090,Tainted Parchment,questiedb/foreverQuestDB.lua
3091,Simple Note,questiedb/foreverQuestDB.lua
3092,Etched Note,questiedb/foreverQuestDB.lua
3093,Rune-Inscribed Note,questiedb/foreverQuestDB.lua
3094,Verdant Note,questiedb/foreverQuestDB.lua
3095,Simple Scroll,questiedb/foreverQuestDB.lua
3096,Encrypted Scroll,questiedb/foreverQuestDB.lua
3097,Hallowed Scroll,questiedb/foreverQuestDB.lua
3098,Glyphic Scroll,questiedb/foreverQuestDB.lua
3099,Tainted Scroll,questiedb/foreverQuestDB.lua
3100,Simple Letter,questiedb/foreverQuestDB.lua
3101,Consecrated Letter,questiedb/foreverQuestDB.lua
3102,Encrypted Letter,questiedb/foreverQuestDB.lua
3103,Hallowed Letter,questiedb/foreverQuestDB.lua
3104,Glyphic Letter,questiedb/foreverQuestDB.lua
3105,Tainted Letter,questiedb/foreverQuestDB.lua
3106,Simple Rune,questiedb/foreverQuestDB.lua
3107,Consecrated Rune,questiedb/foreverQuestDB.lua
3108,Etched Rune,questiedb/foreverQuestDB.lua
3109,Encrypted Rune,questiedb/foreverQuestDB.lua
3110,Hallowed Rune,questiedb/foreverQuestDB.lua
3112,Simple Memorandum,questiedb/foreverQuestDB.lua
3113,Encrypted Memorandum,questiedb/foreverQuestDB.lua
3114,Glyphic Memorandum,questiedb/foreverQuestDB.lua
3115,Tainted Memorandum,questiedb/foreverQuestDB.lua
3116,Simple Sigil,questiedb/foreverQuestDB.lua
3117,Etched Sigil,questiedb/foreverQuestDB.lua
3118,Encrypted Sigil,questiedb/foreverQuestDB.lua
3119,Hallowed Sigil,questiedb/foreverQuestDB.lua
3120,Verdant Sigil,questiedb/foreverQuestDB.lua
3121,A Strange Request,questiedb/foreverQuestDB.lua
3122,Return to Witch Doctor Uzer'i,questiedb/foreverQuestDB.lua
3123,Testing the Vessel,questiedb/foreverQuestDB.lua
3124,Hippogryph Muisek,questiedb/foreverQuestDB.lua
3125,Faerie Dragon Muisek,questiedb/foreverQuestDB.lua
3126,Treant Muisek,questiedb/foreverQuestDB.lua
3127,Mountain Giant Muisek,questiedb/foreverQuestDB.lua
3128,Natural Materials,questiedb/foreverQuestDB.lua
3129,Weapons of Spirit,questiedb/foreverQuestDB.lua
3130,Against the Hatecrest,questiedb/foreverQuestDB.lua
3141,Loramus,questiedb/foreverQuestDB.lua
3161,Gahz'ridian,questiedb/foreverQuestDB.lua
3181,The Horn of the Beast,questiedb/foreverQuestDB.lua
3182,Proof of Deed,questiedb/foreverQuestDB.lua
3201,At Last!,questiedb/foreverQuestDB.lua
3221,Speak with Renferrel,questiedb/foreverQuestDB.lua
3261,Jorn Skyseer,questiedb/foreverQuestDB.lua
3281,Stolen Silver,questiedb/foreverQuestDB.lua
3301,Mura Runetotem,questiedb/foreverQuestDB.lua
3321,Did You Lose This?,questiedb/foreverQuestDB.lua
3341,Bring the End,questiedb/foreverQuestDB.lua
3361,A Refugee's Quandary,questiedb/foreverQuestDB.lua
3362,Thistleshrub Valley,questiedb/foreverQuestDB.lua
3363,Corrupted Songflower,questiedb/foreverQuestDB.lua
3364,Scalding Mornbrew Delivery,questiedb/foreverQuestDB.lua
3365,Bring Back the Mug,questiedb/foreverQuestDB.lua
3367,Suntara Stones,questiedb/foreverQuestDB.lua
3368,Suntara Stones,questiedb/foreverQuestDB.lua
3369,In Nightmares,questiedb/foreverQuestDB.lua
3370,In Nightmares,questiedb/foreverQuestDB.lua
3371,Dwarven Justice,questiedb/foreverQuestDB.lua
3372,Release Them,questiedb/foreverQuestDB.lua
3373,The Essence of Eranikus,questiedb/foreverQuestDB.lua
3374,The Essence of Eranikus,questiedb/foreverQuestDB.lua
3375,Replacement Phial,questiedb/foreverQuestDB.lua
3376,Break Sharptusk!,questiedb/foreverQuestDB.lua
3377,Prayer to Elune,questiedb/foreverQuestDB.lua
3378,Prayer to Elune,questiedb/foreverQuestDB.lua
3379,Shadoweaver,questiedb/foreverQuestDB.lua
3380,The Sunken Temple,questiedb/foreverQuestDB.lua
3382,A Crew Under Fire,questiedb/foreverQuestDB.lua
3385,The Undermarket,questiedb/foreverQuestDB.lua
3402,The Undermarket,questiedb/foreverQuestDB.lua
3421,Return Trip,questiedb/foreverQuestDB.lua
3441,Divine Retribution,questiedb/foreverQuestDB.lua
3442,The Flawless Flame,questiedb/foreverQuestDB.lua
3443,Forging the Shaft,questiedb/foreverQuestDB.lua
3444,The Stone Circle,questiedb/foreverQuestDB.lua
3445,The Sunken Temple,questiedb/foreverQuestDB.lua
3446,Into the Depths,questiedb/foreverQuestDB.lua
3447,Secret of the Circle,questiedb/foreverQuestDB.lua
3448,Passing the Burden,questiedb/foreverQuestDB.lua
3449,Arcane Runes,questiedb/foreverQuestDB.lua
3450,An Easy Pickup,questiedb/foreverQuestDB.lua
3451,Signal for Pickup,questiedb/foreverQuestDB.lua
3452,The Flame's Casing,questiedb/foreverQuestDB.lua
3453,The Torch of Retribution,questiedb/foreverQuestDB.lua
3454,The Torch of Retribution,questiedb/foreverQuestDB.lua
3461,Return to Tymor,questiedb/foreverQuestDB.lua
3462,Squire Maltrake,questiedb/foreverQuestDB.lua
3463,Set Them Ablaze!,questiedb/foreverQuestDB.lua
3481,Trinkets...,questiedb/foreverQuestDB.lua
3483,Signal for Pickup,questiedb/foreverQuestDB.lua
3501,Everything Counts In Large Amounts,questiedb/foreverQuestDB.lua
3502,One Draenei's Junk...,questiedb/foreverQuestDB.lua
3503,Meeting with the Master,questiedb/foreverQuestDB.lua
3504,Betrayed,questiedb/foreverQuestDB.lua
3505,Betrayed,questiedb/foreverQuestDB.lua
3506,Betrayed,questiedb/foreverQuestDB.lua
3507,Betrayed,questiedb/foreverQuestDB.lua
3508,Breaking the Ward,questiedb/foreverQuestDB.lua
3509,The Name of the Beast,questiedb/foreverQuestDB.lua
3510,The Name of the Beast,questiedb/foreverQuestDB.lua
3511,The Name of the Beast,questiedb/foreverQuestDB.lua
3512,In Eranikus' Own Words,questiedb/foreverQuestDB.lua
3513,The Runed Scroll,questiedb/foreverQuestDB.lua
3514,Horde Presence,questiedb/foreverQuestDB.lua
3517,Stealing Knowledge,questiedb/foreverQuestDB.lua
3518,Delivery to Magatha,questiedb/foreverQuestDB.lua
3519,A Friend in Need,questiedb/foreverQuestDB.lua
3520,Screecher Spirits,questiedb/foreverQuestDB.lua
3521,Iverron's Antidote,questiedb/foreverQuestDB.lua
3522,Iverron's Antidote,questiedb/foreverQuestDB.lua
3523,Scourge of the Downs,questiedb/foreverQuestDB.lua
3524,Washed Ashore,questiedb/foreverQuestDB.lua
3525,Extinguishing the Idol,questiedb/foreverQuestDB.lua
3526,Goblin Engineering,questiedb/foreverQuestDB.lua
3527,The Prophecy of Mosh'aru,questiedb/foreverQuestDB.lua
3528,The God Hakkar,questiedb/foreverQuestDB.lua
3541,Delivery to Jes'rimon,questiedb/foreverQuestDB.lua
3542,Delivery to Andron Gant,questiedb/foreverQuestDB.lua
3561,Delivery to Archmage Xylem,questiedb/foreverQuestDB.lua
3562,Magatha's Payment to Jediga,questiedb/foreverQuestDB.lua
3563,Jes'rimon's Payment to Jediga,questiedb/foreverQuestDB.lua
3564,Andron's Payment to Jediga,questiedb/foreverQuestDB.lua
3565,Xylem's Payment to Jediga,questiedb/foreverQuestDB.lua
3566,"Rise, Obsidion!",questiedb/foreverQuestDB.lua
3567,To the Top,questiedb/foreverQuestDB.lua
3568,Seeping Corruption,questiedb/foreverQuestDB.lua
3569,Seeping Corruption,questiedb/foreverQuestDB.lua
3570,Seeping Corruption,questiedb/foreverQuestDB.lua
3601,Kim'jael Indeed!,questiedb/foreverQuestDB.lua
3602,Azsharite,questiedb/foreverQuestDB.lua
3621,The Formation of Felbane,questiedb/foreverQuestDB.lua
3625,Enchanted Azsharite Fel Weaponry,questiedb/foreverQuestDB.lua
3626,Return to the Blasted Lands,questiedb/foreverQuestDB.lua
3627,Uniting the Shattered Amulet,questiedb/foreverQuestDB.lua
3628,"You Are Rakh'likh, Demon",questiedb/foreverQuestDB.lua
3629,Goblin Engineering,questiedb/foreverQuestDB.lua
3630,Gnome Engineering,questiedb/foreverQuestDB.lua
3631,Summon Felsteed,questiedb/foreverQuestDB.lua
3632,Gnome Engineering,questiedb/foreverQuestDB.lua
3633,Goblin Engineering,questiedb/foreverQuestDB.lua
3634,Gnome Engineering,questiedb/foreverQuestDB.lua
3635,Gnome Engineering,questiedb/foreverQuestDB.lua
3636,Bring the Light,questiedb/foreverQuestDB.lua
3637,Gnome Engineering,questiedb/foreverQuestDB.lua
3638,The Pledge of Secrecy,questiedb/foreverQuestDB.lua
3639,Show Your Work,questiedb/foreverQuestDB.lua
3640,The Pledge of Secrecy,questiedb/foreverQuestDB.lua
3641,Show Your Work,questiedb/foreverQuestDB.lua
3642,The Pledge of Secrecy,questiedb/foreverQuestDB.lua
3643,Show Your Work,questiedb/foreverQuestDB.lua
3644,Membership Card Renewal,questiedb/foreverQuestDB.lua
3645,Membership Card Renewal,questiedb/foreverQuestDB.lua
3646,Membership Card Renewal,questiedb/foreverQuestDB.lua
3647,Membership Card Renewal,questiedb/foreverQuestDB.lua
3661,Favored of Elune?,questiedb/foreverQuestDB.lua
3681,Tome of Divinity,questiedb/foreverQuestDB.lua
3701,The Smoldering Ruins of Thaurissan,questiedb/foreverQuestDB.lua
3702,The Smoldering Ruins of Thaurissan,questiedb/foreverQuestDB.lua
3721,An OOX of Your Own,questiedb/foreverQuestDB.lua
3741,Hilary's Necklace,questiedb/foreverQuestDB.lua
3761,Un'Goro Soil,questiedb/foreverQuestDB.lua
3762,Assisting Arch Druid Runetotem,questiedb/foreverQuestDB.lua
3763,Assisting Arch Druid Staghelm,questiedb/foreverQuestDB.lua
3764,Un'Goro Soil,questiedb/foreverQuestDB.lua
3765,The Corruption Abroad,questiedb/foreverQuestDB.lua
3781,Morrowgrain Research,questiedb/foreverQuestDB.lua
3782,Morrowgrain Research,questiedb/foreverQuestDB.lua
3783,"Are We There, Yeti?",questiedb/foreverQuestDB.lua
3784,Assisting Arch Druid Runetotem,questiedb/foreverQuestDB.lua
3785,Morrowgrain Research,questiedb/foreverQuestDB.lua
3786,Morrowgrain Research,questiedb/foreverQuestDB.lua
3787,Jonespyre's Request,questiedb/foreverQuestDB.lua
3788,Jonespyre's Request,questiedb/foreverQuestDB.lua
3789,Assisting Arch Druid Staghelm,questiedb/foreverQuestDB.lua
3790,Assisting Arch Druid Staghelm,questiedb/foreverQuestDB.lua
3791,The Mystery of Morrowgrain,questiedb/foreverQuestDB.lua
3792,Morrowgrain to Feathermoon Stronghold,questiedb/foreverQuestDB.lua
3801,Dark Iron Legacy,questiedb/foreverQuestDB.lua
3802,Dark Iron Legacy,questiedb/foreverQuestDB.lua
3803,Morrowgrain to Darnassus,questiedb/foreverQuestDB.lua
3804,Morrowgrain to Thunder Bluff,questiedb/foreverQuestDB.lua
3821,Dreadmaul Rock,questiedb/foreverQuestDB.lua
3822,Krom'Grul,questiedb/foreverQuestDB.lua
3823,Extinguish the Firegut,questiedb/foreverQuestDB.lua
3824,Gor'tesh the Brute Lord,questiedb/foreverQuestDB.lua
3825,Ogre Head On A Stick = Party,questiedb/foreverQuestDB.lua
3841,An Orphan Looking For a Home,questiedb/foreverQuestDB.lua
3842,A Short Incubation,questiedb/foreverQuestDB.lua
3843,The Newest Member of the Family,questiedb/foreverQuestDB.lua
3844,It's a Secret to Everybody,questiedb/foreverQuestDB.lua
3845,It's a Secret to Everybody,questiedb/foreverQuestDB.lua
3861,CLUCK!,questiedb/foreverQuestDB.lua
3881,Expedition Salvation,questiedb/foreverQuestDB.lua
3882,Roll the Bones,questiedb/foreverQuestDB.lua
3883,Alien Ecology,questiedb/foreverQuestDB.lua
3884,Williden's Journal,questiedb/foreverQuestDB.lua
3901,Rattling the Rattlecages,questiedb/foreverQuestDB.lua
3902,Scavenging Deathknell,questiedb/foreverQuestDB.lua
3903,Milly Osworth,questiedb/foreverQuestDB.lua
3904,Milly's Harvest,questiedb/foreverQuestDB.lua
3905,Grape Manifest,questiedb/foreverQuestDB.lua
3906,Disharmony of Flame,questiedb/foreverQuestDB.lua
3907,Disharmony of Fire,questiedb/foreverQuestDB.lua
3908,It's a Secret to Everybody,questiedb/foreverQuestDB.lua
3909,The Videre Elixir,questiedb/foreverQuestDB.lua
3912,Meet at the Grave,questiedb/foreverQuestDB.lua
3913,A Grave Situation,questiedb/foreverQuestDB.lua
3914,Linken's Sword,questiedb/foreverQuestDB.lua
3921,Wenikee Boltbucket,questiedb/foreverQuestDB.lua
3922,Nugget Slugs,questiedb/foreverQuestDB.lua
3923,Rilli Greasygob,questiedb/foreverQuestDB.lua
3924,Samophlange Manual,questiedb/foreverQuestDB.lua
3941,A Gnome's Assistance,questiedb/foreverQuestDB.lua
3942,Linken's Memory,questiedb/foreverQuestDB.lua
3961,Linken's Adventure,questiedb/foreverQuestDB.lua
3962,It's Dangerous to Go Alone,questiedb/foreverQuestDB.lua
3981,Commander Gor'shak,questiedb/foreverQuestDB.lua
3982,What Is Going On?,questiedb/foreverQuestDB.lua
4001,What Is Going On?,questiedb/foreverQuestDB.lua
4002,The Eastern Kingdom,questiedb/foreverQuestDB.lua
4003,The Royal Rescue,questiedb/foreverQuestDB.lua
4004,The Princess Saved?,questiedb/foreverQuestDB.lua
4005,Aquementas,questiedb/foreverQuestDB.lua
4021,Counterattack!,questiedb/foreverQuestDB.lua
4022,A Taste of Flame,questiedb/foreverQuestDB.lua
4023,A Taste of Flame,questiedb/foreverQuestDB.lua
4024,A Taste of Flame,questiedb/foreverQuestDB.lua
4041,The Videre Elixir,questiedb/foreverQuestDB.lua
4061,The Rise of the Machines,questiedb/foreverQuestDB.lua
4062,The Rise of the Machines,questiedb/foreverQuestDB.lua
4063,The Rise of the Machines,questiedb/foreverQuestDB.lua
4081,KILL ON SIGHT: Dark Iron Dwarves,questiedb/foreverQuestDB.lua
4082,KILL ON SIGHT: High Ranking Dark Iron Officials,questiedb/foreverQuestDB.lua
4083,The Spectral Chalice,questiedb/foreverQuestDB.lua
4084,Silver Heart,questiedb/foreverQuestDB.lua
4101,Cleansing Felwood,questiedb/foreverQuestDB.lua
4102,Cleansing Felwood,questiedb/foreverQuestDB.lua
4103,Salve via Hunting,questiedb/foreverQuestDB.lua
4104,Salve via Mining,questiedb/foreverQuestDB.lua
4105,Salve via Gathering,questiedb/foreverQuestDB.lua
4106,Salve via Skinning,questiedb/foreverQuestDB.lua
4107,Salve via Disenchanting,questiedb/foreverQuestDB.lua
4108,Salve via Hunting,questiedb/foreverQuestDB.lua
4109,Salve via Mining,questiedb/foreverQuestDB.lua
4110,Salve via Gathering,questiedb/foreverQuestDB.lua
4111,Salve via Skinning,questiedb/foreverQuestDB.lua
4112,Salve via Disenchanting,questiedb/foreverQuestDB.lua
4113,Corrupted Songflower,questiedb/foreverQuestDB.lua
4114,Corrupted Songflower,questiedb/foreverQuestDB.lua
4115,Corrupted Windblossom,questiedb/foreverQuestDB.lua
4116,Corrupted Songflower,questiedb/foreverQuestDB.lua
4117,Corrupted Whipper Root,questiedb/foreverQuestDB.lua
4118,Corrupted Songflower,questiedb/foreverQuestDB.lua
4119,Corrupted Night Dragon,questiedb/foreverQuestDB.lua
4120,The Strength of Corruption,questiedb/foreverQuestDB.lua
4121,Precarious Predicament,questiedb/foreverQuestDB.lua
4122,Grark Lorkrub,questiedb/foreverQuestDB.lua
4123,The Heart of the Mountain,questiedb/foreverQuestDB.lua
4124,The Missing Courier,questiedb/foreverQuestDB.lua
4125,The Missing Courier,questiedb/foreverQuestDB.lua
4126,Hurley Blackbreath,questiedb/foreverQuestDB.lua
4127,Boat Wreckage,questiedb/foreverQuestDB.lua
4128,Ragnar Thunderbrew,questiedb/foreverQuestDB.lua
4129,The Knife Revealed,questiedb/foreverQuestDB.lua
4130,Psychometric Reading,questiedb/foreverQuestDB.lua
4131,The Woodpaw Gnolls,questiedb/foreverQuestDB.lua
4132,Operation: Death to Angerforge,questiedb/foreverQuestDB.lua
4133,Vivian Lagrave,questiedb/foreverQuestDB.lua
4134,Lost Thunderbrew Recipe,questiedb/foreverQuestDB.lua
4135,The Writhing Deep,questiedb/foreverQuestDB.lua
4136,Ribbly Screwspigot,questiedb/foreverQuestDB.lua
4141,Muigin and Larion,questiedb/foreverQuestDB.lua
4142,A Visit to Gregan,questiedb/foreverQuestDB.lua
4143,Haze of Evil,questiedb/foreverQuestDB.lua
4144,Bloodpetal Sprouts,questiedb/foreverQuestDB.lua
4145,Larion and Muigin,questiedb/foreverQuestDB.lua
4146,Zapper Fuel,questiedb/foreverQuestDB.lua
4147,Marvon's Workshop,questiedb/foreverQuestDB.lua
4148,Bloodpetal Zapper,questiedb/foreverQuestDB.lua
4161,Recipe of the Kaldorei,questiedb/foreverQuestDB.lua
4181,Goblin Engineering,questiedb/foreverQuestDB.lua
4182,Dragonkin Menace,questiedb/foreverQuestDB.lua
4183,The True Masters,questiedb/foreverQuestDB.lua
4184,The True Masters,questiedb/foreverQuestDB.lua
4185,The True Masters,questiedb/foreverQuestDB.lua
4186,The True Masters,questiedb/foreverQuestDB.lua
4201,The Love Potion,questiedb/foreverQuestDB.lua
4221,Corrupted Windblossom,questiedb/foreverQuestDB.lua
4222,Corrupted Windblossom,questiedb/foreverQuestDB.lua
4223,The True Masters,questiedb/foreverQuestDB.lua
4224,The True Masters,questiedb/foreverQuestDB.lua
4241,Marshal Windsor,questiedb/foreverQuestDB.lua
4242,Abandoned Hope,questiedb/foreverQuestDB.lua
4243,Chasing A-Me 01,questiedb/foreverQuestDB.lua
4244,Chasing A-Me 01,questiedb/foreverQuestDB.lua
4245,Chasing A-Me 01,questiedb/foreverQuestDB.lua
4261,Ancient Spirit,questiedb/foreverQuestDB.lua
4262,Overmaster Pyron,questiedb/foreverQuestDB.lua
4263,Incendius!,questiedb/foreverQuestDB.lua
4264,A Crumpled Up Note,questiedb/foreverQuestDB.lua
4265,Freed from the Hive,questiedb/foreverQuestDB.lua
4266,A Hero's Welcome,questiedb/foreverQuestDB.lua
4267,Rise of the Silithid,questiedb/foreverQuestDB.lua
4281,Thalanaar Delivery,questiedb/foreverQuestDB.lua
4282,A Shred of Hope,questiedb/foreverQuestDB.lua
4283,FIFTY! YEP!,questiedb/foreverQuestDB.lua
4284,Crystals of Power,questiedb/foreverQuestDB.lua
4285,The Northern Pylon,questiedb/foreverQuestDB.lua
4286,The Good Stuff,questiedb/foreverQuestDB.lua
4287,The Eastern Pylon,questiedb/foreverQuestDB.lua
4288,The Western Pylon,questiedb/foreverQuestDB.lua
4289,The Apes of Un'Goro,questiedb/foreverQuestDB.lua
4290,The Fare of Lar'korwi,questiedb/foreverQuestDB.lua
4291,The Scent of Lar'korwi,questiedb/foreverQuestDB.lua
4292,The Bait for Lar'korwi,questiedb/foreverQuestDB.lua
4293,A Sample of Slime...,questiedb/foreverQuestDB.lua
4294,... and a Batch of Ooze,questiedb/foreverQuestDB.lua
4295,Rocknot's Ale,questiedb/foreverQuestDB.lua
4296,Tablet of the Seven,questiedb/foreverQuestDB.lua
4297,Food for Baby,questiedb/foreverQuestDB.lua
4298,Becoming a Parent,questiedb/foreverQuestDB.lua
4300,Bone-Bladed Weapons,questiedb/foreverQuestDB.lua
4301,The Mighty U'cha,questiedb/foreverQuestDB.lua
4321,Making Sense of It,questiedb/foreverQuestDB.lua
4322,Jail Break!,questiedb/foreverQuestDB.lua
4324,Yuka Screwspigot,questiedb/foreverQuestDB.lua
4341,Kharan Mighthammer,questiedb/foreverQuestDB.lua
4342,Kharan's Tale,questiedb/foreverQuestDB.lua
4343,Corrupted Windblossom,questiedb/foreverQuestDB.lua
4361,The Bearer of Bad News,questiedb/foreverQuestDB.lua
4362,The Fate of the Kingdom,questiedb/foreverQuestDB.lua
4363,The Princess's Surprise,questiedb/foreverQuestDB.lua
4381,Crystal Restore,questiedb/foreverQuestDB.lua
4382,Crystal Force,questiedb/foreverQuestDB.lua
4383,Crystal Ward,questiedb/foreverQuestDB.lua
4384,Crystal Yield,questiedb/foreverQuestDB.lua
4385,Crystal Charge,questiedb/foreverQuestDB.lua
4386,Crystal Spire,questiedb/foreverQuestDB.lua
4401,Corrupted Songflower,questiedb/foreverQuestDB.lua
4402,Galgar's Cactus Apple Surprise,questiedb/foreverQuestDB.lua
4403,Corrupted Windblossom,questiedb/foreverQuestDB.lua
4421,The Corruption of the Jadefire,questiedb/foreverQuestDB.lua
4441,Felbound Ancients,questiedb/foreverQuestDB.lua
4442,Purified!,questiedb/foreverQuestDB.lua
4443,Corrupted Whipper Root,questiedb/foreverQuestDB.lua
4444,Corrupted Whipper Root,questiedb/foreverQuestDB.lua
4445,Corrupted Whipper Root,questiedb/foreverQuestDB.lua
4446,Corrupted Whipper Root,questiedb/foreverQuestDB.lua
4447,Corrupted Night Dragon,questiedb/foreverQuestDB.lua
4448,Corrupted Night Dragon,questiedb/foreverQuestDB.lua
4449,Caught!,questiedb/foreverQuestDB.lua
4450,Ledger from Tanaris,questiedb/foreverQuestDB.lua
4451,The Key to Freedom,questiedb/foreverQuestDB.lua
4461,Corrupted Whipper Root,questiedb/foreverQuestDB.lua
4462,Corrupted Night Dragon,questiedb/foreverQuestDB.lua
4463,Libram of Rumination,questiedb/foreverQuestDB.lua
4464,Corrupted Songflower,questiedb/foreverQuestDB.lua
4465,Corrupted Songflower,questiedb/foreverQuestDB.lua
4466,Corrupted Windblossom,questiedb/foreverQuestDB.lua
4467,Corrupted Windblossom,questiedb/foreverQuestDB.lua
4481,Libram of Constitution,questiedb/foreverQuestDB.lua
4482,Libram of Tenacity,questiedb/foreverQuestDB.lua
4483,Libram of Resilience,questiedb/foreverQuestDB.lua
4484,Libram of Voracity,questiedb/foreverQuestDB.lua
4485,The Tome of Nobility,questiedb/foreverQuestDB.lua
4486,The Tome of Nobility,questiedb/foreverQuestDB.lua
4487,Summon Felsteed,questiedb/foreverQuestDB.lua
4488,Summon Felsteed,questiedb/foreverQuestDB.lua
4489,Summon Felsteed,questiedb/foreverQuestDB.lua
4490,Summon Felsteed,questiedb/foreverQuestDB.lua
4491,A Little Help From My Friends,questiedb/foreverQuestDB.lua
4492,Lost!,questiedb/foreverQuestDB.lua
4493,March of the Silithid,questiedb/foreverQuestDB.lua
4494,March of the Silithid,questiedb/foreverQuestDB.lua
4495,A Good Friend,questiedb/foreverQuestDB.lua
4496,Bungle in the Jungle,questiedb/foreverQuestDB.lua
4501,Beware of Pterrordax,questiedb/foreverQuestDB.lua
4502,Volcanic Activity,questiedb/foreverQuestDB.lua
4503,Shizzle's Flyer,questiedb/foreverQuestDB.lua
4504,Super Sticky,questiedb/foreverQuestDB.lua
4505,Well of Corruption,questiedb/foreverQuestDB.lua
4506,Corrupted Sabers,questiedb/foreverQuestDB.lua
4507,Pawn Captures Queen,questiedb/foreverQuestDB.lua
4508,Calm Before the Storm,questiedb/foreverQuestDB.lua
4509,Calm Before the Storm,questiedb/foreverQuestDB.lua
4510,Calm Before the Storm,questiedb/foreverQuestDB.lua
4511,Calm Before the Storm,questiedb/foreverQuestDB.lua
4512,A Little Slime Goes a Long Way,questiedb/foreverQuestDB.lua
4513,A Little Slime Goes a Long Way,questiedb/foreverQuestDB.lua
4521,Wild Guardians,questiedb/foreverQuestDB.lua
4542,Message to Freewind Post,questiedb/foreverQuestDB.lua
4561,Testing for Impurities - Un'Goro Crater,questiedb/foreverQuestDB.lua
4581,Kayneth Stillwind,questiedb/foreverQuestDB.lua
4601,The Sparklematic 5200!,questiedb/foreverQuestDB.lua
4602,The Sparklematic 5200!,questiedb/foreverQuestDB.lua
4603,More Sparklematic Action,questiedb/foreverQuestDB.lua
4604,More Sparklematic Action,questiedb/foreverQuestDB.lua
4605,The Sparklematic 5200!,questiedb/foreverQuestDB.lua
4606,The Sparklematic 5200!,questiedb/foreverQuestDB.lua
4621,"Avast Ye, Admiral!",questiedb/foreverQuestDB.lua
4641,Your Place In The World,questiedb/foreverQuestDB.lua
4642,Melding of Influences,questiedb/foreverQuestDB.lua
4661,Testing for Corruption - Felwood,questiedb/foreverQuestDB.lua
4681,Washed Ashore,questiedb/foreverQuestDB.lua
4701,Put Her Down,questiedb/foreverQuestDB.lua
4721,Wild Guardians,questiedb/foreverQuestDB.lua
4722,Beached Sea Turtle,questiedb/foreverQuestDB.lua
4723,Beached Sea Creature,questiedb/foreverQuestDB.lua
4724,The Pack Mistress,questiedb/foreverQuestDB.lua
4725,Beached Sea Turtle,questiedb/foreverQuestDB.lua
4726,Broodling Essence,questiedb/foreverQuestDB.lua
4727,Beached Sea Turtle,questiedb/foreverQuestDB.lua
4728,Beached Sea Creature,questiedb/foreverQuestDB.lua
4729,Kibler's Exotic Pets,questiedb/foreverQuestDB.lua
4730,Beached Sea Creature,questiedb/foreverQuestDB.lua
4731,Beached Sea Turtle,questiedb/foreverQuestDB.lua
4732,Beached Sea Turtle,questiedb/foreverQuestDB.lua
4733,Beached Sea Creature,questiedb/foreverQuestDB.lua
4734,Egg Freezing,questiedb/foreverQuestDB.lua
4735,Egg Collection,questiedb/foreverQuestDB.lua
4736,In Search of Menara Voidrender,questiedb/foreverQuestDB.lua
4737,In Search of Menara Voidrender,questiedb/foreverQuestDB.lua
4738,In Search of Menara Voidrender,questiedb/foreverQuestDB.lua
4739,In Search of Menara Voidrender,questiedb/foreverQuestDB.lua
4740,WANTED: Murkdeep!,questiedb/foreverQuestDB.lua
4741,Wild Guardians,questiedb/foreverQuestDB.lua
4742,Seal of Ascension,questiedb/foreverQuestDB.lua
4743,Seal of Ascension,questiedb/foreverQuestDB.lua
4761,Thundris Windweaver,questiedb/foreverQuestDB.lua
4762,The Cliffspring River,questiedb/foreverQuestDB.lua
4763,The Blackwood Corrupted,questiedb/foreverQuestDB.lua
4764,Doomrigger's Clasp,questiedb/foreverQuestDB.lua
4765,Delivery to Ridgewell,questiedb/foreverQuestDB.lua
4766,Mayara Brightwing,questiedb/foreverQuestDB.lua
4767,Wind Rider,questiedb/foreverQuestDB.lua
4768,The Darkstone Tablet,questiedb/foreverQuestDB.lua
4769,Vivian Lagrave and the Darkstone Tablet,questiedb/foreverQuestDB.lua
4770,Homeward Bound,questiedb/foreverQuestDB.lua
4771,Dawn's Gambit,questiedb/foreverQuestDB.lua
4781,Components for the Enchanted Gold Bloodrobe,questiedb/foreverQuestDB.lua
4782,Components for the Enchanted Gold Bloodrobe,questiedb/foreverQuestDB.lua
4783,Components for the Enchanted Gold Bloodrobe,questiedb/foreverQuestDB.lua
4784,Components for the Enchanted Gold Bloodrobe,questiedb/foreverQuestDB.lua
4785,Fine Gold Thread,questiedb/foreverQuestDB.lua
4786,The Completed Robe,questiedb/foreverQuestDB.lua
4787,The Ancient Egg,questiedb/foreverQuestDB.lua
4788,The Final Tablets,questiedb/foreverQuestDB.lua
4801,Frostsaber E'ko,questiedb/foreverQuestDB.lua
4802,Winterfall E'ko,questiedb/foreverQuestDB.lua
4803,Shardtooth E'ko,questiedb/foreverQuestDB.lua
4804,Chillwind E'ko,questiedb/foreverQuestDB.lua
4805,Ice Thistle E'ko,questiedb/foreverQuestDB.lua
4806,Frostmaul E'ko,questiedb/foreverQuestDB.lua
4807,Wildkin E'ko,questiedb/foreverQuestDB.lua
4808,Felnok Steelspring,questiedb/foreverQuestDB.lua
4809,Chillwind Horns,questiedb/foreverQuestDB.lua
4810,Return to Tinkee,questiedb/foreverQuestDB.lua
4811,The Red Crystal,questiedb/foreverQuestDB.lua
4812,As Water Cascades,questiedb/foreverQuestDB.lua
4813,The Fragments Within,questiedb/foreverQuestDB.lua
4821,Alien Egg,questiedb/foreverQuestDB.lua
4822,"You Scream, I Scream...",questiedb/foreverQuestDB.lua
4841,Pacify the Centaur,questiedb/foreverQuestDB.lua
4842,Strange Sources,questiedb/foreverQuestDB.lua
4861,Enraged Wildkin,questiedb/foreverQuestDB.lua
4862,En-Ay-Es-Tee-Why,questiedb/foreverQuestDB.lua
4863,Enraged Wildkin,questiedb/foreverQuestDB.lua
4864,Enraged Wildkin,questiedb/foreverQuestDB.lua
4865,Serpent Wild,questiedb/foreverQuestDB.lua
4866,Mother's Milk,questiedb/foreverQuestDB.lua
4867,Urok Doomhowl,questiedb/foreverQuestDB.lua
4881,Assassination Plot,questiedb/foreverQuestDB.lua
4882,Guarding Secrets,questiedb/foreverQuestDB.lua
4883,Guarding Secrets,questiedb/foreverQuestDB.lua
4901,Guardians of the Altar,questiedb/foreverQuestDB.lua
4902,Wildkin of Elune,questiedb/foreverQuestDB.lua
4903,Warlord's Command,questiedb/foreverQuestDB.lua
4904,Free at Last,questiedb/foreverQuestDB.lua
4906,Further Corruption,questiedb/foreverQuestDB.lua
4907,Tinkee Steamboil,questiedb/foreverQuestDB.lua
4921,Lost in Battle,questiedb/foreverQuestDB.lua
4941,Eitrigg's Wisdom,questiedb/foreverQuestDB.lua
4961,Cleansing of the Orb of Orahil,questiedb/foreverQuestDB.lua
4962,Shard of a Felhound,questiedb/foreverQuestDB.lua
4963,Shard of an Infernal,questiedb/foreverQuestDB.lua
4964,The Completed Orb of Dar'Orahil,questiedb/foreverQuestDB.lua
4965,Knowledge of the Orb of Orahil,questiedb/foreverQuestDB.lua
4966,Protect Kanati Greycloud,questiedb/foreverQuestDB.lua
4967,Knowledge of the Orb of Orahil,questiedb/foreverQuestDB.lua
4968,Knowledge of the Orb of Orahil,questiedb/foreverQuestDB.lua
4969,Knowledge of the Orb of Orahil,questiedb/foreverQuestDB.lua
4970,Frostsaber Provisions,questiedb/foreverQuestDB.lua
4971,A Matter of Time,questiedb/foreverQuestDB.lua
4972,Counting Out Time,questiedb/foreverQuestDB.lua
4973,Counting Out Time,questiedb/foreverQuestDB.lua
4974,For The Horde!,questiedb/foreverQuestDB.lua
4975,The Completed Orb of Noh'Orahil,questiedb/foreverQuestDB.lua
4976,Returning the Cleansed Orb,questiedb/foreverQuestDB.lua
4981,Operative Bijou,questiedb/foreverQuestDB.lua
4982,Bijou's Belongings,questiedb/foreverQuestDB.lua
4983,Bijou's Reconnaissance Report,questiedb/foreverQuestDB.lua
4984,The Wildlife Suffers Too,questiedb/foreverQuestDB.lua
4985,The Wildlife Suffers Too,questiedb/foreverQuestDB.lua
4986,Glyphed Oaken Branch,questiedb/foreverQuestDB.lua
4987,Glyphed Oaken Branch,questiedb/foreverQuestDB.lua
5001,Bijou's Belongings,questiedb/foreverQuestDB.lua
5002,Message to Maxwell,questiedb/foreverQuestDB.lua
5021,Better Late Than Never,questiedb/foreverQuestDB.lua
5022,Better Late Than Never,questiedb/foreverQuestDB.lua
5023,Better Late Than Never,questiedb/foreverQuestDB.lua
5041,Supplies for the Crossroads,questiedb/foreverQuestDB.lua
5042,Agamaggan's Strength,questiedb/foreverQuestDB.lua
5043,Agamaggan's Agility,questiedb/foreverQuestDB.lua
5044,Wisdom of Agamaggan,questiedb/foreverQuestDB.lua
5045,Rising Spirit,questiedb/foreverQuestDB.lua
5046,Razorhide,questiedb/foreverQuestDB.lua
5047,"Finkle Einhorn, At Your Service!",questiedb/foreverQuestDB.lua
5048,Good Natured Emma,questiedb/foreverQuestDB.lua
5049,The Jeremiah Blues,questiedb/foreverQuestDB.lua
5050,Good Luck Charm,questiedb/foreverQuestDB.lua
5051,Two Halves Become One,questiedb/foreverQuestDB.lua
5052,Blood Shards of Agamaggan,questiedb/foreverQuestDB.lua
5054,Ursius of the Shardtooth,questiedb/foreverQuestDB.lua
5055,Brumeran of the Chillwind,questiedb/foreverQuestDB.lua
5056,Shy-Rotam,questiedb/foreverQuestDB.lua
5057,Past Endeavors,questiedb/foreverQuestDB.lua
5058,Mrs. Dalson's Diary,questiedb/foreverQuestDB.lua
5059,Locked Away,questiedb/foreverQuestDB.lua
5060,Locked Away,questiedb/foreverQuestDB.lua
5061,Aquatic Form,questiedb/foreverQuestDB.lua
5062,Sacred Fire,questiedb/foreverQuestDB.lua
5063,Cap of the Scarlet Savant,questiedb/foreverQuestDB.lua
5064,Grimtotem Spying,questiedb/foreverQuestDB.lua
5065,The Lost Tablets of Mosh'aru,questiedb/foreverQuestDB.lua
5066,A Call to Arms: The Plaguelands!,questiedb/foreverQuestDB.lua
5067,Leggings of Arcana,questiedb/foreverQuestDB.lua
5068,Breastplate of Bloodthirst,questiedb/foreverQuestDB.lua
5081,Maxwell's Mission,questiedb/foreverQuestDB.lua
5082,Threat of the Winterfall,questiedb/foreverQuestDB.lua
5083,Winterfall Firewater,questiedb/foreverQuestDB.lua
5084,Falling to Corruption,questiedb/foreverQuestDB.lua
5085,Mystery Goo,questiedb/foreverQuestDB.lua
5086,Toxic Horrors,questiedb/foreverQuestDB.lua
5087,Winterfall Runners,questiedb/foreverQuestDB.lua
5088,Arikara,questiedb/foreverQuestDB.lua
5089,General Drakkisath's Command,questiedb/foreverQuestDB.lua
5090,A Call to Arms: The Plaguelands!,questiedb/foreverQuestDB.lua
5091,A Call to Arms: The Plaguelands!,questiedb/foreverQuestDB.lua
5092,Clear the Way,questiedb/foreverQuestDB.lua
5093,A Call to Arms: The Plaguelands!,questiedb/foreverQuestDB.lua
5094,A Call to Arms: The Plaguelands!,questiedb/foreverQuestDB.lua
5095,A Call to Arms: The Plaguelands!,questiedb/foreverQuestDB.lua
5096,Scarlet Diversions,questiedb/foreverQuestDB.lua
5097,All Along the Watchtowers,questiedb/foreverQuestDB.lua
5098,All Along the Watchtowers,questiedb/foreverQuestDB.lua
5102,General Drakkisath's Demise,questiedb/foreverQuestDB.lua
5103,Hot Fiery Death,questiedb/foreverQuestDB.lua
5121,High Chief Winterfall,questiedb/foreverQuestDB.lua
5122,The Medallion of Faith,questiedb/foreverQuestDB.lua
5123,The Final Piece,questiedb/foreverQuestDB.lua
5124,Fiery Plate Gauntlets,questiedb/foreverQuestDB.lua
5125,Aurius' Reckoning,questiedb/foreverQuestDB.lua
5126,Lorax's Tale,questiedb/foreverQuestDB.lua
5127,The Demon Forge,questiedb/foreverQuestDB.lua
5128,Words of the High Chief,questiedb/foreverQuestDB.lua
5141,Dragonscale Leatherworking,questiedb/foreverQuestDB.lua
5142,Little Pamela,questiedb/foreverQuestDB.lua
5143,Tribal Leatherworking,questiedb/foreverQuestDB.lua
5144,Elemental Leatherworking,questiedb/foreverQuestDB.lua
5145,Dragonscale Leatherworking,questiedb/foreverQuestDB.lua
5146,Elemental Leatherworking,questiedb/foreverQuestDB.lua
5147,Wanted - Arnak Grimtotem,questiedb/foreverQuestDB.lua
5148,Tribal Leatherworking,questiedb/foreverQuestDB.lua
5149,Pamela's Doll,questiedb/foreverQuestDB.lua
5150,Dadanga is Hungry!,questiedb/foreverQuestDB.lua
5151,Hypercapacitor Gizmo,questiedb/foreverQuestDB.lua
5152,Auntie Marlene,questiedb/foreverQuestDB.lua
5153,A Strange Historian,questiedb/foreverQuestDB.lua
5154,The Annals of Darrowshire,questiedb/foreverQuestDB.lua
5155,Forces of Jaedenar,questiedb/foreverQuestDB.lua
5156,Verifying the Corruption,questiedb/foreverQuestDB.lua
5157,Collection of the Corrupt Water,questiedb/foreverQuestDB.lua
5158,Seeking Spiritual Aid,questiedb/foreverQuestDB.lua
5159,Cleansed Water Returns to Felwood,questiedb/foreverQuestDB.lua
5160,The Matron Protectorate,questiedb/foreverQuestDB.lua
5161,Wrath of the Blue Flight,questiedb/foreverQuestDB.lua
5162,Wrath of the Blue Flight,questiedb/foreverQuestDB.lua
5163,"Are We There, Yeti?",questiedb/foreverQuestDB.lua
5164,Catalogue of the Wayward,questiedb/foreverQuestDB.lua
5165,Dousing the Flames of Protection,questiedb/foreverQuestDB.lua
5166,Breastplate of the Chromatic Flight,questiedb/foreverQuestDB.lua
5167,Legplates of the Chromatic Defier,questiedb/foreverQuestDB.lua
5168,Heroes of Darrowshire,questiedb/foreverQuestDB.lua
5181,Villains of Darrowshire,questiedb/foreverQuestDB.lua
5201,Winterfall Intrusion,questiedb/foreverQuestDB.lua
5202,A Strange Red Key,questiedb/foreverQuestDB.lua
5203,Rescue From Jaedenar,questiedb/foreverQuestDB.lua
5204,Retribution of the Light,questiedb/foreverQuestDB.lua
5206,Marauders of Darrowshire,questiedb/foreverQuestDB.lua
5210,Brother Carlin,questiedb/foreverQuestDB.lua
5211,Defenders of Darrowshire,questiedb/foreverQuestDB.lua
5212,The Flesh Does Not Lie,questiedb/foreverQuestDB.lua
5213,The Active Agent,questiedb/foreverQuestDB.lua
5214,The Great Fras Siabi,questiedb/foreverQuestDB.lua
5215,The Scourge Cauldrons,questiedb/foreverQuestDB.lua
5216,Target: Felstone Field,questiedb/foreverQuestDB.lua
5217,Return to Chillwind Camp,questiedb/foreverQuestDB.lua
5218,Felstone Field Cauldron,questiedb/foreverQuestDB.lua
5219,Target: Dalson's Tears,questiedb/foreverQuestDB.lua
5220,Return to Chillwind Camp,questiedb/foreverQuestDB.lua
5221,Dalson's Tears Cauldron,questiedb/foreverQuestDB.lua
5222,Target: Writhing Haunt,questiedb/foreverQuestDB.lua
5223,Return to Chillwind Camp,questiedb/foreverQuestDB.lua
5224,Writhing Haunt Cauldron,questiedb/foreverQuestDB.lua
5225,Target: Gahrron's Withering,questiedb/foreverQuestDB.lua
5226,Return to Chillwind Point,questiedb/foreverQuestDB.lua
5227,Gahrron's Withering Cauldron,questiedb/foreverQuestDB.lua
5228,The Scourge Cauldrons,questiedb/foreverQuestDB.lua
5229,Target: Felstone Field,questiedb/foreverQuestDB.lua
5230,Return to the Bulwark,questiedb/foreverQuestDB.lua
5231,Target: Dalson's Tears,questiedb/foreverQuestDB.lua
5232,Return to the Bulwark,questiedb/foreverQuestDB.lua
5233,Target: Writhing Haunt,questiedb/foreverQuestDB.lua
5234,Return to the Bulwark,questiedb/foreverQuestDB.lua
5235,Target: Gahrron's Withering,questiedb/foreverQuestDB.lua
5236,Return to the Bulwark,questiedb/foreverQuestDB.lua
5237,Mission Accomplished!,questiedb/foreverQuestDB.lua
5238,Mission Accomplished!,questiedb/foreverQuestDB.lua
5241,Uncle Carlin,questiedb/foreverQuestDB.lua
5242,A Final Blow,questiedb/foreverQuestDB.lua
5243,Houses of the Holy,questiedb/foreverQuestDB.lua
5244,The Ruins of Kel'Theril,questiedb/foreverQuestDB.lua
5245,Troubled Spirits of Kel'Theril,questiedb/foreverQuestDB.lua
5246,Fragments of the Past,questiedb/foreverQuestDB.lua
5247,Fragments of the Past,questiedb/foreverQuestDB.lua
5248,Tormented By the Past,questiedb/foreverQuestDB.lua
5249,To Winterspring!,questiedb/foreverQuestDB.lua
5250,Starfall,questiedb/foreverQuestDB.lua
5251,The Archivist,questiedb/foreverQuestDB.lua
5252,Remorseful Highborne,questiedb/foreverQuestDB.lua
5253,The Crystal of Zin-Malor,questiedb/foreverQuestDB.lua
5261,Eagan Peltskinner,questiedb/foreverQuestDB.lua
5262,The Truth Comes Crashing Down,questiedb/foreverQuestDB.lua
5263,Above and Beyond,questiedb/foreverQuestDB.lua
5264,Lord Maxwell Tyrosus,questiedb/foreverQuestDB.lua
5265,The Argent Hold,questiedb/foreverQuestDB.lua
5281,The Restless Souls,questiedb/foreverQuestDB.lua
5282,The Restless Souls,questiedb/foreverQuestDB.lua
5283,The Art of the Armorsmith,questiedb/foreverQuestDB.lua
5284,The Way of the Weaponsmith,questiedb/foreverQuestDB.lua
5301,The Art of the Armorsmith,questiedb/foreverQuestDB.lua
5302,The Way of the Weaponsmith,questiedb/foreverQuestDB.lua
5305,Sweet Serenity,questiedb/foreverQuestDB.lua
5306,Snakestone of the Shadow Huntress,questiedb/foreverQuestDB.lua
5307,Corruption,questiedb/foreverQuestDB.lua
5321,The Sleeper Has Awakened,questiedb/foreverQuestDB.lua
5341,Barov Family Fortune,questiedb/foreverQuestDB.lua
5342,The Last Barov,questiedb/foreverQuestDB.lua
5343,Barov Family Fortune,questiedb/foreverQuestDB.lua
5344,The Last Barov,questiedb/foreverQuestDB.lua
5361,Family Tree,questiedb/foreverQuestDB.lua
5381,Hand of Iruxos,questiedb/foreverQuestDB.lua
5382,"Doctor Theolen Krastinov, the Butcher",questiedb/foreverQuestDB.lua
5384,Kirtonos the Herald,questiedb/foreverQuestDB.lua
5385,The Remains of Trey Lightforge,questiedb/foreverQuestDB.lua
5386,Catch of the Day,questiedb/foreverQuestDB.lua
5401,Argent Dawn Commission,questiedb/foreverQuestDB.lua
5402,Minion's Scourgestones,questiedb/foreverQuestDB.lua
5403,Invader's Scourgestones,questiedb/foreverQuestDB.lua
5404,Corruptor's Scourgestones,questiedb/foreverQuestDB.lua
5405,Argent Dawn Commission,questiedb/foreverQuestDB.lua
5406,Corruptor's Scourgestones,questiedb/foreverQuestDB.lua
5407,Invader's Scourgestones,questiedb/foreverQuestDB.lua
5408,Minion's Scourgestones,questiedb/foreverQuestDB.lua
5421,Fish in a Bucket,questiedb/foreverQuestDB.lua
5441,Lazy Peons,questiedb/foreverQuestDB.lua
5461,"The Human, Ras Frostwhisper",questiedb/foreverQuestDB.lua
5462,"The Dying, Ras Frostwhisper",questiedb/foreverQuestDB.lua
5463,Menethil's Gift,questiedb/foreverQuestDB.lua
5464,Menethil's Gift,questiedb/foreverQuestDB.lua
5465,Soulbound Keepsake,questiedb/foreverQuestDB.lua
5466,"The Lich, Ras Frostwhisper",questiedb/foreverQuestDB.lua
5481,Gordo's Task,questiedb/foreverQuestDB.lua
5482,Doom Weed,questiedb/foreverQuestDB.lua
5501,Bone Collector,questiedb/foreverQuestDB.lua
5502,A Warden of the Horde,questiedb/foreverQuestDB.lua
5503,Argent Dawn Commission,questiedb/foreverQuestDB.lua
5504,Mantles of the Dawn,questiedb/foreverQuestDB.lua
5505,The Key to Scholomance,questiedb/foreverQuestDB.lua
5507,Mantles of the Dawn,questiedb/foreverQuestDB.lua
5508,Corruptor's Scourgestones,questiedb/foreverQuestDB.lua
5509,Invader's Scourgestones,questiedb/foreverQuestDB.lua
5510,Minion's Scourgestones,questiedb/foreverQuestDB.lua
5511,The Key to Scholomance,questiedb/foreverQuestDB.lua
5513,Mantles of the Dawn,questiedb/foreverQuestDB.lua
5514,Mold Rhymes With...,questiedb/foreverQuestDB.lua
5515,Krastinov's Bag of Horrors,questiedb/foreverQuestDB.lua
5517,Chromatic Mantle of the Dawn,questiedb/foreverQuestDB.lua
5518,The Gordok Ogre Suit,questiedb/foreverQuestDB.lua
5519,The Gordok Ogre Suit,questiedb/foreverQuestDB.lua
5521,Chromatic Mantle of the Dawn,questiedb/foreverQuestDB.lua
5522,Leonid Barthalomew,questiedb/foreverQuestDB.lua
5524,Chromatic Mantle of the Dawn,questiedb/foreverQuestDB.lua
5525,Free Knot!,questiedb/foreverQuestDB.lua
5526,Shards of the Felvine,questiedb/foreverQuestDB.lua
5527,A Reliquary of Purity,questiedb/foreverQuestDB.lua
5528,The Gordok Taste Test,questiedb/foreverQuestDB.lua
5529,Plagued Hatchlings,questiedb/foreverQuestDB.lua
5531,Betina Bigglezink,questiedb/foreverQuestDB.lua
5533,Scholomance,questiedb/foreverQuestDB.lua
5534,"Kim'jael's ""Missing"" Equipment",questiedb/foreverQuestDB.lua
5535,Spiritual Unrest,questiedb/foreverQuestDB.lua
5536,A Land Filled with Hatred,questiedb/foreverQuestDB.lua
5537,Skeletal Fragments,questiedb/foreverQuestDB.lua
5538,Mold Rhymes With...,questiedb/foreverQuestDB.lua
5541,Ammo for Rumbleshot,questiedb/foreverQuestDB.lua
5542,Demon Dogs,questiedb/foreverQuestDB.lua
5543,Blood Tinged Skies,questiedb/foreverQuestDB.lua
5544,Carrion Grubbage,questiedb/foreverQuestDB.lua
5545,A Bundle of Trouble,questiedb/foreverQuestDB.lua
5561,Kodo Roundup,questiedb/foreverQuestDB.lua
5581,Portals of the Legion,questiedb/foreverQuestDB.lua
5582,Healthy Dragon Scale,questiedb/foreverQuestDB.lua
5601,Sister Pamela,questiedb/foreverQuestDB.lua
5621,Garments of the Moon,questiedb/foreverQuestDB.lua
5622,In Favor of Elune,questiedb/foreverQuestDB.lua
5623,In Favor of the Light,questiedb/foreverQuestDB.lua
5624,Garments of the Light,questiedb/foreverQuestDB.lua
5625,Garments of the Light,questiedb/foreverQuestDB.lua
5626,In Favor of the Light,questiedb/foreverQuestDB.lua
5627,Stars of Elune,questiedb/foreverQuestDB.lua
5628,Returning Home,questiedb/foreverQuestDB.lua
5629,Returning Home,questiedb/foreverQuestDB.lua
5630,Returning Home,questiedb/foreverQuestDB.lua
5631,Returning Home,questiedb/foreverQuestDB.lua
5632,Returning Home,questiedb/foreverQuestDB.lua
5633,Returning Home,questiedb/foreverQuestDB.lua
5634,Desperate Prayer,questiedb/foreverQuestDB.lua
5635,Desperate Prayer,questiedb/foreverQuestDB.lua
5636,Desperate Prayer,questiedb/foreverQuestDB.lua
5637,Desperate Prayer,questiedb/foreverQuestDB.lua
5638,Desperate Prayer,questiedb/foreverQuestDB.lua
5639,Desperate Prayer,questiedb/foreverQuestDB.lua
5640,Desperate Prayer,EverythingQuests/QuestAvailable_Forever.lua
5641,A Lack of Fear,questiedb/foreverQuestDB.lua
5642,Shadowguard,questiedb/foreverQuestDB.lua
5643,Shadowguard,questiedb/foreverQuestDB.lua
5644,Devouring Plague,questiedb/foreverQuestDB.lua
5645,A Lack of Fear,questiedb/foreverQuestDB.lua
5646,Devouring Plague,questiedb/foreverQuestDB.lua
5647,A Lack of Fear,questiedb/foreverQuestDB.lua
5648,Garments of Spirituality,questiedb/foreverQuestDB.lua
5649,In Favor of Spirituality,questiedb/foreverQuestDB.lua
5650,Garments of Darkness,questiedb/foreverQuestDB.lua
5651,In Favor of Darkness,questiedb/foreverQuestDB.lua
5652,Hex of Weakness,questiedb/foreverQuestDB.lua
5654,Hex of Weakness,questiedb/foreverQuestDB.lua
5655,Hex of Weakness,questiedb/foreverQuestDB.lua
5656,Hex of Weakness,questiedb/foreverQuestDB.lua
5657,Hex of Weakness,questiedb/foreverQuestDB.lua
5658,Touch of Weakness,questiedb/foreverQuestDB.lua
5660,Touch of Weakness,questiedb/foreverQuestDB.lua
5661,Touch of Weakness,questiedb/foreverQuestDB.lua
5662,Touch of Weakness,questiedb/foreverQuestDB.lua
5663,Touch of Weakness,questiedb/foreverQuestDB.lua
5672,Elune's Grace,questiedb/foreverQuestDB.lua
5673,Elune's Grace,questiedb/foreverQuestDB.lua
5674,Elune's Grace,questiedb/foreverQuestDB.lua
5675,Elune's Grace,questiedb/foreverQuestDB.lua
5676,Arcane Feedback,questiedb/foreverQuestDB.lua
5677,Arcane Feedback,questiedb/foreverQuestDB.lua
5679,Devouring Plague,questiedb/foreverQuestDB.lua
5680,Shadowguard,questiedb/foreverQuestDB.lua
5713,One Shot. One Kill.,questiedb/foreverQuestDB.lua
5721,The Battle of Darrowshire,questiedb/foreverQuestDB.lua
5722,Searching for the Lost Satchel,questiedb/foreverQuestDB.lua
5723,Testing an Enemy's Strength,questiedb/foreverQuestDB.lua
5724,Returning the Lost Satchel,questiedb/foreverQuestDB.lua
5725,The Power to Destroy...,questiedb/foreverQuestDB.lua
5726,Hidden Enemies,questiedb/foreverQuestDB.lua
5727,Hidden Enemies,questiedb/foreverQuestDB.lua
5728,Hidden Enemies,questiedb/foreverQuestDB.lua
5729,Hidden Enemies,questiedb/foreverQuestDB.lua
5730,Hidden Enemies,questiedb/foreverQuestDB.lua
5741,Sceptre of Light,questiedb/foreverQuestDB.lua
5742,Redemption,questiedb/foreverQuestDB.lua
5761,Slaying the Beast,questiedb/foreverQuestDB.lua
5762,Hemet Nesingwary,questiedb/foreverQuestDB.lua
5763,Hunting in Stranglethorn,questiedb/foreverQuestDB.lua
5781,Of Forgotten Memories,questiedb/foreverQuestDB.lua
5801,Fire Plume Forged,questiedb/foreverQuestDB.lua
5802,Fire Plume Forged,questiedb/foreverQuestDB.lua
5803,Araj's Scarab,questiedb/foreverQuestDB.lua
5804,Araj's Scarab,questiedb/foreverQuestDB.lua
5805,Welcome!,questiedb/foreverQuestDB.lua
5821,Bodyguard for Hire,questiedb/foreverQuestDB.lua
5841,Welcome!,questiedb/foreverQuestDB.lua
5842,Welcome!,questiedb/foreverQuestDB.lua
5843,Welcome!,questiedb/foreverQuestDB.lua
5844,Welcome!,questiedb/foreverQuestDB.lua
5845,Of Lost Honor,questiedb/foreverQuestDB.lua
5846,Of Love and Family,questiedb/foreverQuestDB.lua
5847,Welcome!,questiedb/foreverQuestDB.lua
5848,Of Love and Family,questiedb/foreverQuestDB.lua
5861,Find Myranda,questiedb/foreverQuestDB.lua
5862,Scarlet Subterfuge,questiedb/foreverQuestDB.lua
5863,The Dunemaul Compound,questiedb/foreverQuestDB.lua
5881,Calling in the Reserves,questiedb/foreverQuestDB.lua
5882,Salve via Hunting,questiedb/foreverQuestDB.lua
5883,Salve via Mining,questiedb/foreverQuestDB.lua
5884,Salve via Gathering,questiedb/foreverQuestDB.lua
5885,Salve via Skinning,questiedb/foreverQuestDB.lua
5886,Salve via Disenchanting,questiedb/foreverQuestDB.lua
5887,Salve via Hunting,questiedb/foreverQuestDB.lua
5888,Salve via Mining,questiedb/foreverQuestDB.lua
5889,Salve via Gathering,questiedb/foreverQuestDB.lua
5890,Salve via Skinning,questiedb/foreverQuestDB.lua
5891,Salve via Disenchanting,questiedb/foreverQuestDB.lua
5892,Irondeep Supplies,questiedb/foreverQuestDB.lua
5893,Coldtooth Supplies,questiedb/foreverQuestDB.lua
5901,A Plague Upon Thee,questiedb/foreverQuestDB.lua
5902,A Plague Upon Thee,questiedb/foreverQuestDB.lua
5903,A Plague Upon Thee,questiedb/foreverQuestDB.lua
5904,A Plague Upon Thee,questiedb/foreverQuestDB.lua
5921,Moonglade,questiedb/foreverQuestDB.lua
5922,Moonglade,questiedb/foreverQuestDB.lua
5923,Heeding the Call,questiedb/foreverQuestDB.lua
5924,Heeding the Call,questiedb/foreverQuestDB.lua
5925,Heeding the Call,questiedb/foreverQuestDB.lua
5926,Heeding the Call,questiedb/foreverQuestDB.lua
5927,Heeding the Call,questiedb/foreverQuestDB.lua
5928,Heeding the Call,questiedb/foreverQuestDB.lua
5929,Great Bear Spirit,questiedb/foreverQuestDB.lua
5930,Great Bear Spirit,questiedb/foreverQuestDB.lua
5931,Back to Darnassus,questiedb/foreverQuestDB.lua
5932,Back to Thunder Bluff,questiedb/foreverQuestDB.lua
5941,Return to Chromie,questiedb/foreverQuestDB.lua
5942,Hidden Treasures,questiedb/foreverQuestDB.lua
5943,Gizelton Caravan,questiedb/foreverQuestDB.lua
5944,In Dreams,questiedb/foreverQuestDB.lua
5961,The Champion of the Banshee Queen,questiedb/foreverQuestDB.lua
5981,Rampaging Giants,questiedb/foreverQuestDB.lua
6001,Body and Heart,questiedb/foreverQuestDB.lua
6002,Body and Heart,questiedb/foreverQuestDB.lua
6004,Unfinished Business,questiedb/foreverQuestDB.lua
6021,Zaeldarr the Outcast,questiedb/foreverQuestDB.lua
6022,To Kill With Purpose,questiedb/foreverQuestDB.lua
6023,Unfinished Business,questiedb/foreverQuestDB.lua
6024,Hameya's Plea,questiedb/foreverQuestDB.lua
6025,Unfinished Business,questiedb/foreverQuestDB.lua
6026,That's Asking A Lot,questiedb/foreverQuestDB.lua
6027,Book of the Ancients,questiedb/foreverQuestDB.lua
6028,The Everlook Report,questiedb/foreverQuestDB.lua
6029,The Everlook Report,questiedb/foreverQuestDB.lua
6030,Duke Nicholas Zverenhoff,questiedb/foreverQuestDB.lua
6031,Runecloth,questiedb/foreverQuestDB.lua
6032,Sacred Cloth,questiedb/foreverQuestDB.lua
6041,"When Smokey Sings, I Get Violent",questiedb/foreverQuestDB.lua
6042,Un-Life's Little Annoyances,questiedb/foreverQuestDB.lua
6061,Taming the Beast,questiedb/foreverQuestDB.lua
6062,Taming the Beast,questiedb/foreverQuestDB.lua
6063,Taming the Beast,questiedb/foreverQuestDB.lua
6064,Taming the Beast,questiedb/foreverQuestDB.lua
6065,The Hunter's Path,questiedb/foreverQuestDB.lua
6066,The Hunter's Path,questiedb/foreverQuestDB.lua
6067,The Hunter's Path,questiedb/foreverQuestDB.lua
6068,The Hunter's Path,questiedb/foreverQuestDB.lua
6069,The Hunter's Path,questiedb/foreverQuestDB.lua
6070,The Hunter's Path,questiedb/foreverQuestDB.lua
6071,The Hunter's Path,questiedb/foreverQuestDB.lua
6072,The Hunter's Path,questiedb/foreverQuestDB.lua
6073,The Hunter's Path,questiedb/foreverQuestDB.lua
6074,The Hunter's Path,questiedb/foreverQuestDB.lua
6075,The Hunter's Path,questiedb/foreverQuestDB.lua
6076,The Hunter's Path,questiedb/foreverQuestDB.lua
6081,Training the Beast,questiedb/foreverQuestDB.lua
6082,Taming the Beast,questiedb/foreverQuestDB.lua
6083,Taming the Beast,questiedb/foreverQuestDB.lua
6084,Taming the Beast,questiedb/foreverQuestDB.lua
6085,Taming the Beast,questiedb/foreverQuestDB.lua
6086,Training the Beast,questiedb/foreverQuestDB.lua
6087,Taming the Beast,questiedb/foreverQuestDB.lua
6088,Taming the Beast,questiedb/foreverQuestDB.lua
6089,Training the Beast,questiedb/foreverQuestDB.lua
6101,Taming the Beast,questiedb/foreverQuestDB.lua
6102,Taming the Beast,questiedb/foreverQuestDB.lua
6103,Training the Beast,questiedb/foreverQuestDB.lua
6121,Lessons Anew,questiedb/foreverQuestDB.lua
6122,The Principal Source,questiedb/foreverQuestDB.lua
6123,Gathering the Cure,questiedb/foreverQuestDB.lua
6124,Curing the Sick,questiedb/foreverQuestDB.lua
6125,Power over Poison,questiedb/foreverQuestDB.lua
6126,Lessons Anew,questiedb/foreverQuestDB.lua
6127,The Principal Source,questiedb/foreverQuestDB.lua
6128,Gathering the Cure,questiedb/foreverQuestDB.lua
6129,Curing the Sick,questiedb/foreverQuestDB.lua
6130,Power over Poison,questiedb/foreverQuestDB.lua
6132,Get Me Out of Here!,questiedb/foreverQuestDB.lua
6133,The Ranger Lord's Behest,questiedb/foreverQuestDB.lua
6134,Ghost-o-plasm Round Up,questiedb/foreverQuestDB.lua
6135,"Duskwing, Oh How I Hate Thee...",questiedb/foreverQuestDB.lua
6136,The Corpulent One,questiedb/foreverQuestDB.lua
6141,Brother Anton,questiedb/foreverQuestDB.lua
6142,Clam Bait,questiedb/foreverQuestDB.lua
6143,Other Fish to Fry,questiedb/foreverQuestDB.lua
6144,The Call to Command,questiedb/foreverQuestDB.lua
6145,The Crimson Courier,questiedb/foreverQuestDB.lua
6146,Nathanos' Ruse,questiedb/foreverQuestDB.lua
6147,Return to Nathanos,questiedb/foreverQuestDB.lua
6148,"The Scarlet Oracle, Demetria",questiedb/foreverQuestDB.lua
6161,Claim Rackmore's Treasure!,questiedb/foreverQuestDB.lua
6162,A Husband's Last Battle,questiedb/foreverQuestDB.lua
6163,Ramstein,questiedb/foreverQuestDB.lua
6164,Augustus' Receipt Book,questiedb/foreverQuestDB.lua
6181,A Swift Message,questiedb/foreverQuestDB.lua
6182,The First and the Last,questiedb/foreverQuestDB.lua
6183,Honor the Dead,questiedb/foreverQuestDB.lua
6184,Flint Shadowmore,questiedb/foreverQuestDB.lua
6185,The Eastern Plagues,questiedb/foreverQuestDB.lua
6186,The Blightcaller Cometh,questiedb/foreverQuestDB.lua
6187,Order Must Be Restored,questiedb/foreverQuestDB.lua
6261,Dungar Longdrink,questiedb/foreverQuestDB.lua
6281,Continue to Stormwind,questiedb/foreverQuestDB.lua
6282,Harpies Threaten,questiedb/foreverQuestDB.lua
6283,Bloodfury Bloodline,questiedb/foreverQuestDB.lua
6284,Arachnophobia,questiedb/foreverQuestDB.lua
6285,Return to Lewis,questiedb/foreverQuestDB.lua
6301,Cycle of Rebirth,questiedb/foreverQuestDB.lua
6321,Supplying the Sepulcher,questiedb/foreverQuestDB.lua
6322,Michael Garrett,questiedb/foreverQuestDB.lua
6323,Ride to the Undercity,questiedb/foreverQuestDB.lua
6324,Return to Podrig,questiedb/foreverQuestDB.lua
6341,The Bounty of Teldrassil,questiedb/foreverQuestDB.lua
6342,Flight to Auberdine,questiedb/foreverQuestDB.lua
6343,Return to Nessa,questiedb/foreverQuestDB.lua
6344,Nessa Shadowsong,questiedb/foreverQuestDB.lua
6361,A Bundle of Hides,questiedb/foreverQuestDB.lua
6362,Ride to Thunder Bluff,questiedb/foreverQuestDB.lua
6363,Tal the Wind Rider Master,questiedb/foreverQuestDB.lua
6364,Return to Jahan,questiedb/foreverQuestDB.lua
6365,Meats to Orgrimmar,questiedb/foreverQuestDB.lua
6381,New Life,questiedb/foreverQuestDB.lua
6382,The Ashenvale Hunt,questiedb/foreverQuestDB.lua
6383,The Ashenvale Hunt,questiedb/foreverQuestDB.lua
6384,Ride to Orgrimmar,questiedb/foreverQuestDB.lua
6385,Doras the Wind Rider Master,questiedb/foreverQuestDB.lua
6386,Return to the Crossroads.,questiedb/foreverQuestDB.lua
6387,Honor Students,questiedb/foreverQuestDB.lua
6388,Gryth Thurden,questiedb/foreverQuestDB.lua
6389,A Plague Upon Thee,questiedb/foreverQuestDB.lua
6390,A Plague Upon Thee,questiedb/foreverQuestDB.lua
6391,Ride to Ironforge,questiedb/foreverQuestDB.lua
6392,Return to Brock,questiedb/foreverQuestDB.lua
6393,Elemental War,questiedb/foreverQuestDB.lua
6394,Thazz'ril's Pick,questiedb/foreverQuestDB.lua
6395,Marla's Last Wish,questiedb/foreverQuestDB.lua
6401,Kaya's Alive,questiedb/foreverQuestDB.lua
6402,Stormwind Rendezvous,questiedb/foreverQuestDB.lua
6403,The Great Masquerade,questiedb/foreverQuestDB.lua
6421,Boulderslide Ravine,questiedb/foreverQuestDB.lua
6441,Satyr Horns,questiedb/foreverQuestDB.lua
6442,Naga at the Zoram Strand,questiedb/foreverQuestDB.lua
6461,Blood Feeders,questiedb/foreverQuestDB.lua
6462,Troll Charm,questiedb/foreverQuestDB.lua
6481,Earthen Arise,questiedb/foreverQuestDB.lua
6482,Freedom to Ruul,questiedb/foreverQuestDB.lua
6501,The Dragon's Eye,questiedb/foreverQuestDB.lua
6502,Drakefire Amulet,questiedb/foreverQuestDB.lua
6503,Ashenvale Outrunners,questiedb/foreverQuestDB.lua
6504,The Lost Pages,questiedb/foreverQuestDB.lua
6521,An Unholy Alliance,questiedb/foreverQuestDB.lua
6522,An Unholy Alliance,questiedb/foreverQuestDB.lua
6523,Protect Kaya,questiedb/foreverQuestDB.lua
6541,Report to Kadrak,questiedb/foreverQuestDB.lua
6542,Report to Kadrak,questiedb/foreverQuestDB.lua
6543,The Warsong Reports,questiedb/foreverQuestDB.lua
6544,Torek's Assault,questiedb/foreverQuestDB.lua
6545,Warsong Runner Update,questiedb/foreverQuestDB.lua
6546,Warsong Outrider Update,questiedb/foreverQuestDB.lua
6547,Warsong Scout Update,questiedb/foreverQuestDB.lua
6548,Avenge My Village,questiedb/foreverQuestDB.lua
6561,Blackfathom Villainy,questiedb/foreverQuestDB.lua
6562,Trouble in the Deeps,questiedb/foreverQuestDB.lua
6563,The Essence of Aku'Mai,questiedb/foreverQuestDB.lua
6564,Allegiance to the Old Gods,questiedb/foreverQuestDB.lua
6565,Allegiance to the Old Gods,questiedb/foreverQuestDB.lua
6566,What the Wind Carries,questiedb/foreverQuestDB.lua
6567,The Champion of the Horde,questiedb/foreverQuestDB.lua
6568,The Testament of Rexxar,questiedb/foreverQuestDB.lua
6569,Oculus Illusions,questiedb/foreverQuestDB.lua
6570,Emberstrife,questiedb/foreverQuestDB.lua
6571,Warsong Supplies,questiedb/foreverQuestDB.lua
6581,Warsong Saw Blades,questiedb/foreverQuestDB.lua
6582,"The Test of Skulls, Scryer",questiedb/foreverQuestDB.lua
6583,"The Test of Skulls, Somnus",questiedb/foreverQuestDB.lua
6584,"The Test of Skulls, Chronalis",questiedb/foreverQuestDB.lua
6585,"The Test of Skulls, Axtroz",questiedb/foreverQuestDB.lua
6601,Ascension...,questiedb/foreverQuestDB.lua
6602,Blood of the Black Dragon Champion,questiedb/foreverQuestDB.lua
6603,Trouble in Winterspring!,questiedb/foreverQuestDB.lua
6604,Enraged Wildkin,questiedb/foreverQuestDB.lua
6605,A Strange One,questiedb/foreverQuestDB.lua
6606,A Little Luck,questiedb/foreverQuestDB.lua
6607,"Nat Pagle, Angler Extreme",questiedb/foreverQuestDB.lua
6608,You Too Good.,questiedb/foreverQuestDB.lua
6609,I Got Nothin' Left!,questiedb/foreverQuestDB.lua
6610,Clamlette Surprise,questiedb/foreverQuestDB.lua
6611,To Gadgetzan You Go!,questiedb/foreverQuestDB.lua
6612,I Know A Guy...,questiedb/foreverQuestDB.lua
6621,King of the Foulweald,questiedb/foreverQuestDB.lua
6622,Triage,questiedb/foreverQuestDB.lua
6623,Horde Trauma,questiedb/foreverQuestDB.lua
6624,Triage,questiedb/foreverQuestDB.lua
6625,Alliance Trauma,questiedb/foreverQuestDB.lua
6626,A Host of Evil,questiedb/foreverQuestDB.lua
6627,Test of Lore,questiedb/foreverQuestDB.lua
6628,Test of Lore,questiedb/foreverQuestDB.lua
6629,Kill Grundig Darkcloud,questiedb/foreverQuestDB.lua
6641,Vorsha the Lasher,questiedb/foreverQuestDB.lua
6642,"Favor Amongst the Brotherhood, Dark Iron Ore",questiedb/foreverQuestDB.lua
6643,"Favor Amongst the Brotherhood, Fiery Core",questiedb/foreverQuestDB.lua
6644,"Favor Amongst the Brotherhood, Lava Core",questiedb/foreverQuestDB.lua
6645,"Favor Amongst the Brotherhood, Core Leather",questiedb/foreverQuestDB.lua
6646,"Favor Amongst the Brotherhood, Blood of the Mountain",questiedb/foreverQuestDB.lua
6661,Deeprun Rat Roundup,questiedb/foreverQuestDB.lua
6662,"Me Brother, Nipsy",questiedb/foreverQuestDB.lua
6681,"The Manor, Ravenholdt",questiedb/foreverQuestDB.lua
6701,Syndicate Emblems,questiedb/foreverQuestDB.lua
6721,The Hunter's Path,questiedb/foreverQuestDB.lua
6722,The Hunter's Path,questiedb/foreverQuestDB.lua
6741,More Booty!,questiedb/foreverQuestDB.lua
6761,The New Frontier,questiedb/foreverQuestDB.lua
6762,Rabine Saturna,questiedb/foreverQuestDB.lua
6781,More Armor Scraps,questiedb/foreverQuestDB.lua
6801,Lokholar the Ice Lord,questiedb/foreverQuestDB.lua
6804,Poisoned Water,questiedb/foreverQuestDB.lua
6805,Stormers and Rumblers,questiedb/foreverQuestDB.lua
6821,Eye of the Emberseer,questiedb/foreverQuestDB.lua
6822,The Molten Core,questiedb/foreverQuestDB.lua
6823,Agent of Hydraxis,questiedb/foreverQuestDB.lua
6824,Hands of the Enemy,questiedb/foreverQuestDB.lua
6825,Call of Air - Guse's Fleet,questiedb/foreverQuestDB.lua
6826,Call of Air - Jeztor's Fleet,questiedb/foreverQuestDB.lua
6827,Call of Air - Mulverick's Fleet,questiedb/foreverQuestDB.lua
6844,"Umber, Archivist",questiedb/foreverQuestDB.lua
6845,Uncovering Past Secrets,questiedb/foreverQuestDB.lua
6846,Begin the Attack!,questiedb/foreverQuestDB.lua
6847,Master Ryson's All Seeing Eye,questiedb/foreverQuestDB.lua
6848,Master Ryson's All Seeing Eye,questiedb/foreverQuestDB.lua
6861,Zinfizzlex's Portable Shredder Unit,questiedb/foreverQuestDB.lua
6862,Zinfizzlex's Portable Shredder Unit,questiedb/foreverQuestDB.lua
6881,Ivus the Forest Lord,questiedb/foreverQuestDB.lua
6901,Launch the Attack!,questiedb/foreverQuestDB.lua
6921,Amongst the Ruins,questiedb/foreverQuestDB.lua
6922,Baron Aquanis,questiedb/foreverQuestDB.lua
6941,Call of Air - Vipore's Fleet,questiedb/foreverQuestDB.lua
6942,Call of Air - Slidore's Fleet,questiedb/foreverQuestDB.lua
6943,Call of Air - Ichman's Fleet,questiedb/foreverQuestDB.lua
6961,Great-father Winter is Here!,questiedb/foreverQuestDB.lua
6962,Treats for Great-father Winter,questiedb/foreverQuestDB.lua
6963,Stolen Winter Veil Treats,questiedb/foreverQuestDB.lua
6964,The Reason for the Season,questiedb/foreverQuestDB.lua
6981,The Glowing Shard,questiedb/foreverQuestDB.lua
6982,Coldtooth Supplies,questiedb/foreverQuestDB.lua
6983,You're a Mean One...,questiedb/foreverQuestDB.lua
6984,A Smokywood Pastures Thank You!,questiedb/foreverQuestDB.lua
6985,Irondeep Supplies,questiedb/foreverQuestDB.lua
7001,Empty Stables,questiedb/foreverQuestDB.lua
7002,Ram Hide Harnesses,questiedb/foreverQuestDB.lua
7003,Zapped Giants,questiedb/foreverQuestDB.lua
7021,Great-father Winter is Here!,questiedb/foreverQuestDB.lua
7022,Greatfather Winter is Here!,questiedb/foreverQuestDB.lua
7023,Greatfather Winter is Here!,questiedb/foreverQuestDB.lua
7024,Great-father Winter is Here!,questiedb/foreverQuestDB.lua
7025,Treats for Greatfather Winter,questiedb/foreverQuestDB.lua
7026,Ram Riding Harnesses,questiedb/foreverQuestDB.lua
7027,Empty Stables,questiedb/foreverQuestDB.lua
7028,Twisted Evils,questiedb/foreverQuestDB.lua
7029,Vyletongue Corruption,questiedb/foreverQuestDB.lua
7041,Vyletongue Corruption,questiedb/foreverQuestDB.lua
7042,Stolen Winter Veil Treats,questiedb/foreverQuestDB.lua
7043,You're a Mean One...,questiedb/foreverQuestDB.lua
7044,Legends of Maraudon,questiedb/foreverQuestDB.lua
7045,A Smokywood Pastures Thank You!,questiedb/foreverQuestDB.lua
7046,The Scepter of Celebras,questiedb/foreverQuestDB.lua
7061,The Feast of Winter Veil,questiedb/foreverQuestDB.lua
7062,The Reason for the Season,questiedb/foreverQuestDB.lua
7063,The Feast of Winter Veil,questiedb/foreverQuestDB.lua
7064,Corruption of Earth and Seed,questiedb/foreverQuestDB.lua
7065,Corruption of Earth and Seed,questiedb/foreverQuestDB.lua
7066,Seed of Life,questiedb/foreverQuestDB.lua
7067,The Pariah's Instructions,questiedb/foreverQuestDB.lua
7068,Shadowshard Fragments,questiedb/foreverQuestDB.lua
7070,Shadowshard Fragments,questiedb/foreverQuestDB.lua
7081,Alterac Valley Graveyards,questiedb/foreverQuestDB.lua
7082,The Graveyards of Alterac,questiedb/foreverQuestDB.lua
7101,Towers and Bunkers,questiedb/foreverQuestDB.lua
7102,Towers and Bunkers,questiedb/foreverQuestDB.lua
7121,The Quartermaster,questiedb/foreverQuestDB.lua
7122,Capture a Mine,questiedb/foreverQuestDB.lua
7123,Speak with our Quartermaster,questiedb/foreverQuestDB.lua
7124,Capture a Mine,questiedb/foreverQuestDB.lua
7141,The Battle of Alterac,questiedb/foreverQuestDB.lua
7142,The Battle for Alterac,questiedb/foreverQuestDB.lua
7161,Proving Grounds,questiedb/foreverQuestDB.lua
7162,Proving Grounds,questiedb/foreverQuestDB.lua
7163,Rise and Be Recognized,questiedb/foreverQuestDB.lua
7164,Honored Amongst the Clan,questiedb/foreverQuestDB.lua
7165,Earned Reverence,questiedb/foreverQuestDB.lua
7166,Legendary Heroes,questiedb/foreverQuestDB.lua
7167,The Eye of Command,questiedb/foreverQuestDB.lua
7168,Rise and Be Recognized,questiedb/foreverQuestDB.lua
7169,Honored Amongst the Guard,questiedb/foreverQuestDB.lua
7170,Earned Reverence,questiedb/foreverQuestDB.lua
7171,Legendary Heroes,questiedb/foreverQuestDB.lua
7172,The Eye of Command,questiedb/foreverQuestDB.lua
7181,The Legend of Korrak,questiedb/foreverQuestDB.lua
7201,The Last Element,questiedb/foreverQuestDB.lua
7202,Korrak the Bloodrager,questiedb/foreverQuestDB.lua
7221,Speak with Prospector Stonehewer,questiedb/foreverQuestDB.lua
7222,Speak with Voggah Deathgrip,questiedb/foreverQuestDB.lua
7223,Armor Scraps,questiedb/foreverQuestDB.lua
7224,Enemy Booty,questiedb/foreverQuestDB.lua
7241,In Defense of Frostwolf,questiedb/foreverQuestDB.lua
7261,The Sovereign Imperative,questiedb/foreverQuestDB.lua
7281,Brotherly Love,questiedb/foreverQuestDB.lua
7282,Brotherly Love,questiedb/foreverQuestDB.lua
7301,Fallen Sky Lords,questiedb/foreverQuestDB.lua
7302,Fallen Sky Lords,questiedb/foreverQuestDB.lua
7321,Soothing Turtle Bisque,questiedb/foreverQuestDB.lua
7341,A Fair Trade,questiedb/foreverQuestDB.lua
7342,Arrows Are For Sissies,questiedb/foreverQuestDB.lua
7361,Favor Amongst the Darkspear,questiedb/foreverQuestDB.lua
7362,Ally of the Tauren,questiedb/foreverQuestDB.lua
7363,The Human Condition,questiedb/foreverQuestDB.lua
7364,Gnomeregan Bounty,questiedb/foreverQuestDB.lua
7365,Staghelm's Requiem,questiedb/foreverQuestDB.lua
7366,The Archbishop's Mercy,questiedb/foreverQuestDB.lua
7367,Defusing the Threat,questiedb/foreverQuestDB.lua
7368,Defusing the Threat,questiedb/foreverQuestDB.lua
7381,The Return of Korrak,questiedb/foreverQuestDB.lua
7382,Korrak the Everliving,questiedb/foreverQuestDB.lua
7383,Crown of the Earth,questiedb/foreverQuestDB.lua
7385,A Gallon of Blood,questiedb/foreverQuestDB.lua
7386,Crystal Cluster,questiedb/foreverQuestDB.lua
7401,Wanted: DWARVES!,questiedb/foreverQuestDB.lua
7402,Wanted: ORCS!,questiedb/foreverQuestDB.lua
7421,Darkspear Defense,questiedb/foreverQuestDB.lua
7422,Tuft it Out,questiedb/foreverQuestDB.lua
7423,I've Got A Fever For More Bone Chips,questiedb/foreverQuestDB.lua
7424,What the Hoof?,questiedb/foreverQuestDB.lua
7425,Staghelm's Mojo Jamboree,questiedb/foreverQuestDB.lua
7426,One Man's Love,questiedb/foreverQuestDB.lua
7427,Wanted: MORE DWARVES!,questiedb/foreverQuestDB.lua
7428,Wanted: MORE ORCS!,questiedb/foreverQuestDB.lua
7429,Free Knot!,questiedb/foreverQuestDB.lua
7441,Pusillin and the Elder Azj'Tordin,questiedb/foreverQuestDB.lua
7461,The Madness Within,questiedb/foreverQuestDB.lua
7462,The Treasure of the Shen'dralar,questiedb/foreverQuestDB.lua
7463,Arcane Refreshment,questiedb/foreverQuestDB.lua
7481,Elven Legends,questiedb/foreverQuestDB.lua
7482,Elven Legends,questiedb/foreverQuestDB.lua
7483,Libram of Rapidity,questiedb/foreverQuestDB.lua
7484,Libram of Focus,questiedb/foreverQuestDB.lua
7485,Libram of Protection,questiedb/foreverQuestDB.lua
7486,A Hero's Reward,questiedb/foreverQuestDB.lua
7488,Lethtendris's Web,questiedb/foreverQuestDB.lua
7489,Lethtendris's Web,questiedb/foreverQuestDB.lua
7490,Victory for the Horde,questiedb/foreverQuestDB.lua
7491,For All To See,questiedb/foreverQuestDB.lua
7492,Camp Mojache,questiedb/foreverQuestDB.lua
7493,The Journey Has Just Begun,questiedb/foreverQuestDB.lua
7494,Feathermoon Stronghold,questiedb/foreverQuestDB.lua
7495,Victory for the Alliance,questiedb/foreverQuestDB.lua
7496,Celebrating Good Times,questiedb/foreverQuestDB.lua
7497,The Journey Has Just Begun,questiedb/foreverQuestDB.lua
7498,Garona: A Study on Stealth and Treachery,questiedb/foreverQuestDB.lua
7499,Codex of Defense,questiedb/foreverQuestDB.lua
7500,The Arcanist's Cookbook,questiedb/foreverQuestDB.lua
7501,The Light and How To Swing It,questiedb/foreverQuestDB.lua
7502,Harnessing Shadows,questiedb/foreverQuestDB.lua
7503,The Greatest Race of Hunters,questiedb/foreverQuestDB.lua
7504,Holy Bologna: What the Light Won't Tell You,questiedb/foreverQuestDB.lua
7505,Frost Shock and You,questiedb/foreverQuestDB.lua
7506,The Emerald Dream...,questiedb/foreverQuestDB.lua
7507,Foror's Compendium,questiedb/foreverQuestDB.lua
7508,The Forging of Quel'Serrar,questiedb/foreverQuestDB.lua
7509,The Forging of Quel'Serrar,questiedb/foreverQuestDB.lua
7541,Service to the Horde,questiedb/foreverQuestDB.lua
7562,Mor'zul Bloodbringer,questiedb/foreverQuestDB.lua
7563,Rage of Blood,questiedb/foreverQuestDB.lua
7564,Wildeyes,questiedb/foreverQuestDB.lua
7581,The Prison's Bindings,questiedb/foreverQuestDB.lua
7582,The Prison's Casing,questiedb/foreverQuestDB.lua
7583,Suppression,questiedb/foreverQuestDB.lua
7601,What Niby Commands,questiedb/foreverQuestDB.lua
7602,Flawless Fel Essence,questiedb/foreverQuestDB.lua
7603,Kroshius' Infernal Core,questiedb/foreverQuestDB.lua
7604,A Binding Contract,questiedb/foreverQuestDB.lua
7621,A Warning,questiedb/foreverQuestDB.lua
7622,The Balance of Light and Shadow,questiedb/foreverQuestDB.lua
7623,Lord Banehollow,questiedb/foreverQuestDB.lua
7624,Ulathek the Traitor,questiedb/foreverQuestDB.lua
7625,Xorothian Stardust,questiedb/foreverQuestDB.lua
7626,Bell of Dethmoora,questiedb/foreverQuestDB.lua
7627,Wheel of the Black March,questiedb/foreverQuestDB.lua
7628,Doomsday Candle,questiedb/foreverQuestDB.lua
7629,Imp Delivery,questiedb/foreverQuestDB.lua
7630,Arcanite,questiedb/foreverQuestDB.lua
7631,Dreadsteed of Xoroth,questiedb/foreverQuestDB.lua
7632,The Ancient Leaf,questiedb/foreverQuestDB.lua
7633,An Introduction,questiedb/foreverQuestDB.lua
7634,Ancient Sinew Wrapped Lamina,questiedb/foreverQuestDB.lua
7635,A Proper String,questiedb/foreverQuestDB.lua
7636,Stave of the Ancients,questiedb/foreverQuestDB.lua
7637,Emphasis on Sacrifice,questiedb/foreverQuestDB.lua
7638,Lord Grayson Shadowbreaker,questiedb/foreverQuestDB.lua
7639,To Show Due Judgment,questiedb/foreverQuestDB.lua
7640,Exorcising Terrordale,questiedb/foreverQuestDB.lua
7641,The Work of Grimand Elmore,questiedb/foreverQuestDB.lua
7642,Collection of Goods,questiedb/foreverQuestDB.lua
7643,Ancient Equine Spirit,questiedb/foreverQuestDB.lua
7644,Blessed Arcanite Barding,questiedb/foreverQuestDB.lua
7645,Manna-Enriched Horse Feed,questiedb/foreverQuestDB.lua
7646,The Divination Scryer,questiedb/foreverQuestDB.lua
7647,Judgment and Redemption,questiedb/foreverQuestDB.lua
7648,Grimand's Finest Work,questiedb/foreverQuestDB.lua
7649,Enchanted Thorium Platemail: Volume I,questiedb/foreverQuestDB.lua
7650,Enchanted Thorium Platemail: Volume II,questiedb/foreverQuestDB.lua
7651,Enchanted Thorium Platemail: Volume III,questiedb/foreverQuestDB.lua
7652,A Blue Light Bargain,questiedb/foreverQuestDB.lua
7653,Imperial Plate Belt,questiedb/foreverQuestDB.lua
7654,Imperial Plate Boots,questiedb/foreverQuestDB.lua
7655,Imperial Plate Bracer,questiedb/foreverQuestDB.lua
7656,Imperial Plate Chest,questiedb/foreverQuestDB.lua
7657,Imperial Plate Helm,questiedb/foreverQuestDB.lua
7658,Imperial Plate Leggings,questiedb/foreverQuestDB.lua
7659,Imperial Plate Shoulders,questiedb/foreverQuestDB.lua
7660,Wolf Swapping - Arctic Wolf,questiedb/foreverQuestDB.lua
7661,Wolf Swapping - Red Wolf,questiedb/foreverQuestDB.lua
7662,New Kodo - Teal,questiedb/foreverQuestDB.lua
7663,New Kodo - Green,questiedb/foreverQuestDB.lua
7664,Ivory Raptor Replacement,questiedb/foreverQuestDB.lua
7665,Red Raptor Replacement,questiedb/foreverQuestDB.lua
7666,Again Into the Great Ossuary,questiedb/foreverQuestDB.lua
7667,Material Assistance,questiedb/foreverQuestDB.lua
7671,Frostsaber Replacement,questiedb/foreverQuestDB.lua
7672,Nightsaber Replacement,questiedb/foreverQuestDB.lua
7673,Frost Ram Exchange,questiedb/foreverQuestDB.lua
7674,Black Ram Exchange,questiedb/foreverQuestDB.lua
7675,Icy Blue Mechanostrider Replacement,questiedb/foreverQuestDB.lua
7676,White Mechanostrider Replacement,questiedb/foreverQuestDB.lua
7677,White Stallion Exchange,questiedb/foreverQuestDB.lua
7678,Palomino Exchange,questiedb/foreverQuestDB.lua
7701,WANTED: Overseer Maltorius,questiedb/foreverQuestDB.lua
7703,Unfinished Gordok Business,questiedb/foreverQuestDB.lua
7704,Look at the Size of It!,questiedb/foreverQuestDB.lua
7721,Fuel for the Zapping,questiedb/foreverQuestDB.lua
7722,What the Flux?,questiedb/foreverQuestDB.lua
7723,Curse These Fat Fingers,questiedb/foreverQuestDB.lua
7724,Fiery Menace!,questiedb/foreverQuestDB.lua
7725,Again With the Zapped Giants,questiedb/foreverQuestDB.lua
7726,Refuel for the Zapping,questiedb/foreverQuestDB.lua
7727,Incendosaurs? Whateverosaur is More Like It,questiedb/foreverQuestDB.lua
7728,STOLEN: Smithing Tuyere and Lookout's Spyglass,questiedb/foreverQuestDB.lua
7729,JOB OPPORTUNITY: Culling the Competition,questiedb/foreverQuestDB.lua
7730,Zukk'ash Infestation,questiedb/foreverQuestDB.lua
7731,Stinglasher,questiedb/foreverQuestDB.lua
7732,Zukk'ash Report,questiedb/foreverQuestDB.lua
7733,Improved Quality,questiedb/foreverQuestDB.lua
7734,Improved Quality,questiedb/foreverQuestDB.lua
7735,Pristine Yeti Hide,questiedb/foreverQuestDB.lua
7736,Restoring Fiery Flux Supplies via Kingsblood,questiedb/foreverQuestDB.lua
7737,Gaining Acceptance,questiedb/foreverQuestDB.lua
7738,Perfect Yeti Hide,questiedb/foreverQuestDB.lua
7761,Blackhand's Command,questiedb/foreverQuestDB.lua
7781,The Lord of Blackrock,questiedb/foreverQuestDB.lua
7782,The Lord of Blackrock,questiedb/foreverQuestDB.lua
7783,The Lord of Blackrock,questiedb/foreverQuestDB.lua
7784,The Lord of Blackrock,questiedb/foreverQuestDB.lua
7785,Examine the Vessel,questiedb/foreverQuestDB.lua
7786,Thunderaan the Windseeker,questiedb/foreverQuestDB.lua
7787,"Rise, Thunderfury!",questiedb/foreverQuestDB.lua
7788,Vanquish the Invaders!,questiedb/foreverQuestDB.lua
7789,Quell the Silverwing Usurpers,questiedb/foreverQuestDB.lua
7791,A Donation of Wool,questiedb/foreverQuestDB.lua
7792,A Donation of Wool,questiedb/foreverQuestDB.lua
7793,A Donation of Silk,questiedb/foreverQuestDB.lua
7794,A Donation of Mageweave,questiedb/foreverQuestDB.lua
7795,A Donation of Runecloth,questiedb/foreverQuestDB.lua
7796,Additional Runecloth,questiedb/foreverQuestDB.lua
7798,A Donation of Silk,questiedb/foreverQuestDB.lua
7799,A Donation of Mageweave,questiedb/foreverQuestDB.lua
7800,A Donation of Runecloth,questiedb/foreverQuestDB.lua
7801,Additional Runecloth,questiedb/foreverQuestDB.lua
7802,A Donation of Wool,questiedb/foreverQuestDB.lua
7803,A Donation of Silk,questiedb/foreverQuestDB.lua
7804,A Donation of Mageweave,questiedb/foreverQuestDB.lua
7805,A Donation of Runecloth,questiedb/foreverQuestDB.lua
7806,Additional Runecloth,questiedb/foreverQuestDB.lua
7807,A Donation of Wool,questiedb/foreverQuestDB.lua
7808,A Donation of Silk,questiedb/foreverQuestDB.lua
7809,A Donation of Mageweave,questiedb/foreverQuestDB.lua
7810,Arena Master,questiedb/foreverQuestDB.lua
7811,A Donation of Runecloth,questiedb/foreverQuestDB.lua
7812,Additional Runecloth,questiedb/foreverQuestDB.lua
7813,A Donation of Wool,questiedb/foreverQuestDB.lua
7814,A Donation of Silk,questiedb/foreverQuestDB.lua
7815,"Snapjaws, Mon!",questiedb/foreverQuestDB.lua
7816,"Gammerita, Mon!",questiedb/foreverQuestDB.lua
7817,A Donation of Mageweave,questiedb/foreverQuestDB.lua
7818,A Donation of Runecloth,questiedb/foreverQuestDB.lua
7819,Additional Runecloth,questiedb/foreverQuestDB.lua
7820,A Donation of Wool,questiedb/foreverQuestDB.lua
7821,A Donation of Silk,questiedb/foreverQuestDB.lua
7822,A Donation of Mageweave,questiedb/foreverQuestDB.lua
7823,A Donation of Runecloth,questiedb/foreverQuestDB.lua
7824,A Donation of Runecloth,questiedb/foreverQuestDB.lua
7825,Additional Runecloth,questiedb/foreverQuestDB.lua
7826,A Donation of Wool,questiedb/foreverQuestDB.lua
7827,A Donation of Silk,questiedb/foreverQuestDB.lua
7828,Stalking the Stalkers,questiedb/foreverQuestDB.lua
7829,Hunt the Savages,questiedb/foreverQuestDB.lua
7830,Avenging the Fallen,questiedb/foreverQuestDB.lua
7831,A Donation of Mageweave,questiedb/foreverQuestDB.lua
7832,Additional Runecloth,questiedb/foreverQuestDB.lua
7833,A Donation of Wool,questiedb/foreverQuestDB.lua
7834,A Donation of Silk,questiedb/foreverQuestDB.lua
7835,A Donation of Mageweave,questiedb/foreverQuestDB.lua
7836,A Donation of Runecloth,questiedb/foreverQuestDB.lua
7837,Additional Runecloth,questiedb/foreverQuestDB.lua
7838,Arena Grandmaster,questiedb/foreverQuestDB.lua
7839,Vilebranch Hooligans,questiedb/foreverQuestDB.lua
7840,Lard Lost His Lunch,questiedb/foreverQuestDB.lua
7841,Message to the Wildhammer,questiedb/foreverQuestDB.lua
7842,Another Message to the Wildhammer,questiedb/foreverQuestDB.lua
7843,The Final Message to the Wildhammer,questiedb/foreverQuestDB.lua
7844,Cannibalistic Cousins,questiedb/foreverQuestDB.lua
7845,Kidnapped Elder Torntusk!,questiedb/foreverQuestDB.lua
7846,Recover the Key!,questiedb/foreverQuestDB.lua
7847,Return to Primal Torntusk,questiedb/foreverQuestDB.lua
7848,Attunement to the Core,questiedb/foreverQuestDB.lua
7849,Separation Anxiety,questiedb/foreverQuestDB.lua
7850,Dark Vessels,questiedb/foreverQuestDB.lua
7861,Wanted: Vile Priestess Hexx and Her Minions,questiedb/foreverQuestDB.lua
7862,Job Opening: Guard Captain of Revantusk Village,questiedb/foreverQuestDB.lua
7863,Sentinel Basic Care Package,questiedb/foreverQuestDB.lua
7864,Sentinel Standard Care Package,questiedb/foreverQuestDB.lua
7865,Sentinel Advanced Care Package,questiedb/foreverQuestDB.lua
7866,Outrider Basic Care Package,questiedb/foreverQuestDB.lua
7867,Outrider Standard Care Package,questiedb/foreverQuestDB.lua
7868,Outrider Advanced Care Package,questiedb/foreverQuestDB.lua
7871,Vanquish the Invaders!,questiedb/foreverQuestDB.lua
7872,Vanquish the Invaders!,questiedb/foreverQuestDB.lua
7873,Vanquish the Invaders!,questiedb/foreverQuestDB.lua
7874,Quell the Silverwing Usurpers,questiedb/foreverQuestDB.lua
7875,Quell the Silverwing Usurpers,questiedb/foreverQuestDB.lua
7876,Quell the Silverwing Usurpers,questiedb/foreverQuestDB.lua
7877,The Treasure of the Shen'dralar,questiedb/foreverQuestDB.lua
7881,Carnival Boots,questiedb/foreverQuestDB.lua
7882,Carnival Jerkins,questiedb/foreverQuestDB.lua
7883,The World's Largest Gnome!,questiedb/foreverQuestDB.lua
7884,Crocolisk Boy and the Bearded Murloc,questiedb/foreverQuestDB.lua
7885,Armor Kits,questiedb/foreverQuestDB.lua
7886,Talismans of Merit,questiedb/foreverQuestDB.lua
7887,Talismans of Merit,questiedb/foreverQuestDB.lua
7888,Talismans of Merit,questiedb/foreverQuestDB.lua
7889,Coarse Weightstone,questiedb/foreverQuestDB.lua
7890,Heavy Grinding Stone,questiedb/foreverQuestDB.lua
7891,Green Iron Bracers,questiedb/foreverQuestDB.lua
7892,Big Black Mace,questiedb/foreverQuestDB.lua
7893,Rituals of Strength,questiedb/foreverQuestDB.lua
7894,Copper Modulator,questiedb/foreverQuestDB.lua
7895,Whirring Bronze Gizmo,questiedb/foreverQuestDB.lua
7896,Green Fireworks,questiedb/foreverQuestDB.lua
7897,Mechanical Repair Kits,questiedb/foreverQuestDB.lua
7898,Thorium Widget,questiedb/foreverQuestDB.lua
7899,Small Furry Paws,questiedb/foreverQuestDB.lua
7900,Torn Bear Pelts,questiedb/foreverQuestDB.lua
7901,Soft Bushy Tails,questiedb/foreverQuestDB.lua
7902,Vibrant Plumes,questiedb/foreverQuestDB.lua
7903,Evil Bat Eyes,questiedb/foreverQuestDB.lua
7905,The Darkmoon Faire,questiedb/foreverQuestDB.lua
7907,Darkmoon Beast Deck,questiedb/foreverQuestDB.lua
7921,Talismans of Merit,questiedb/foreverQuestDB.lua
7922,Mark of Honor,questiedb/foreverQuestDB.lua
7923,Mark of Honor,questiedb/foreverQuestDB.lua
7924,Mark of Honor,questiedb/foreverQuestDB.lua
7925,Mark of Honor,questiedb/foreverQuestDB.lua
7926,The Darkmoon Faire,questiedb/foreverQuestDB.lua
7927,Darkmoon Portals Deck,questiedb/foreverQuestDB.lua
7928,Darkmoon Warlords Deck,questiedb/foreverQuestDB.lua
7929,Darkmoon Elementals Deck,questiedb/foreverQuestDB.lua
7930,5 Tickets - Darkmoon Flower,questiedb/foreverQuestDB.lua
7931,5 Tickets - Minor Darkmoon Prize,questiedb/foreverQuestDB.lua
7932,12 Tickets - Lesser Darkmoon Prize,questiedb/foreverQuestDB.lua
7933,40 Tickets - Greater Darkmoon Prize,questiedb/foreverQuestDB.lua
7934,50 Tickets - Darkmoon Storage Box,questiedb/foreverQuestDB.lua
7935,10 Tickets - Last Month's Mutton,questiedb/foreverQuestDB.lua
7936,50 Tickets - Last Year's Mutton,questiedb/foreverQuestDB.lua
7937,Your Fortune Awaits You...,questiedb/foreverQuestDB.lua
7938,Your Fortune Awaits You...,questiedb/foreverQuestDB.lua
7939,More Dense Grinding Stones,questiedb/foreverQuestDB.lua
7940,1200 Tickets - Orb of the Darkmoon,questiedb/foreverQuestDB.lua
7941,More Armor Kits,questiedb/foreverQuestDB.lua
7942,More Thorium Widgets,questiedb/foreverQuestDB.lua
7943,More Bat Eyes,questiedb/foreverQuestDB.lua
7944,Your Fortune Awaits You...,questiedb/foreverQuestDB.lua
7945,Your Fortune Awaits You...,questiedb/foreverQuestDB.lua
7946,Spawn of Jubjub,questiedb/foreverQuestDB.lua
7981,1200 Tickets - Amulet of the Darkmoon,questiedb/foreverQuestDB.lua
8041,Strength of Mount Mugamba,questiedb/foreverQuestDB.lua
8042,Strength of Mount Mugamba,questiedb/foreverQuestDB.lua
8043,Strength of Mount Mugamba,questiedb/foreverQuestDB.lua
8044,The Rage of Mount Mugamba,questiedb/foreverQuestDB.lua
8045,The Heathen's Brand,questiedb/foreverQuestDB.lua
8046,The Heathen's Brand,questiedb/foreverQuestDB.lua
8047,The Heathen's Brand,questiedb/foreverQuestDB.lua
8048,The Hero's Brand,questiedb/foreverQuestDB.lua
8049,The Eye of Zuldazar,questiedb/foreverQuestDB.lua
8050,The Eye of Zuldazar,questiedb/foreverQuestDB.lua
8051,The Eye of Zuldazar,questiedb/foreverQuestDB.lua
8052,The All-Seeing Eye of Zuldazar,questiedb/foreverQuestDB.lua
8053,Paragons of Power: The Freethinker's Armguards,questiedb/foreverQuestDB.lua
8054,Paragons of Power: The Freethinker's Belt,questiedb/foreverQuestDB.lua
8055,Paragons of Power: The Freethinker's Breastplate,questiedb/foreverQuestDB.lua
8056,Paragons of Power: The Augur's Bracers,questiedb/foreverQuestDB.lua
8057,Paragons of Power: The Haruspex's Bracers,questiedb/foreverQuestDB.lua
8058,Paragons of Power: The Vindicator's Armguards,questiedb/foreverQuestDB.lua
8059,Paragons of Power: The Demoniac's Wraps,questiedb/foreverQuestDB.lua
8060,Paragons of Power: The Illusionist's Wraps,questiedb/foreverQuestDB.lua
8061,Paragons of Power: The Confessor's Wraps,questiedb/foreverQuestDB.lua
8062,Paragons of Power: The Predator's Bracers,questiedb/foreverQuestDB.lua
8063,Paragons of Power: The Madcap's Bracers,questiedb/foreverQuestDB.lua
8064,Paragons of Power: The Haruspex's Belt,questiedb/foreverQuestDB.lua
8065,Paragons of Power: The Haruspex's Tunic,questiedb/foreverQuestDB.lua
8066,Paragons of Power: The Predator's Belt,questiedb/foreverQuestDB.lua
8067,Paragons of Power: The Predator's Mantle,questiedb/foreverQuestDB.lua
8068,Paragons of Power: The Illusionist's Mantle,questiedb/foreverQuestDB.lua
8069,Paragons of Power: The Illusionist's Robes,questiedb/foreverQuestDB.lua
8070,Paragons of Power: The Confessor's Bindings,questiedb/foreverQuestDB.lua
8071,Paragons of Power: The Confessor's Mantle,questiedb/foreverQuestDB.lua
8072,Paragons of Power: The Madcap's Mantle,questiedb/foreverQuestDB.lua
8073,Paragons of Power: The Madcap's Tunic,questiedb/foreverQuestDB.lua
8074,Paragons of Power: The Augur's Belt,questiedb/foreverQuestDB.lua
8075,Paragons of Power: The Augur's Hauberk,questiedb/foreverQuestDB.lua
8076,Paragons of Power: The Demoniac's Mantle,questiedb/foreverQuestDB.lua
8077,Paragons of Power: The Demoniac's Robes,questiedb/foreverQuestDB.lua
8078,Paragons of Power: The Vindicator's Belt,questiedb/foreverQuestDB.lua
8079,Paragons of Power: The Vindicator's Breastplate,questiedb/foreverQuestDB.lua
8080,Arathi Basin Resources!,questiedb/foreverQuestDB.lua
8081,More Resource Crates,questiedb/foreverQuestDB.lua
8101,The Pebble of Kajaro,questiedb/foreverQuestDB.lua
8102,The Pebble of Kajaro,questiedb/foreverQuestDB.lua
8103,The Pebble of Kajaro,questiedb/foreverQuestDB.lua
8104,The Jewel of Kajaro,questiedb/foreverQuestDB.lua
8105,The Battle for Arathi Basin!,questiedb/foreverQuestDB.lua
8106,Kezan's Taint,questiedb/foreverQuestDB.lua
8107,Kezan's Taint,questiedb/foreverQuestDB.lua
8108,Kezan's Taint,questiedb/foreverQuestDB.lua
8109,Kezan's Unstoppable Taint,questiedb/foreverQuestDB.lua
8110,Enchanted South Seas Kelp,questiedb/foreverQuestDB.lua
8111,Enchanted South Seas Kelp,questiedb/foreverQuestDB.lua
8112,Enchanted South Seas Kelp,questiedb/foreverQuestDB.lua
8113,Pristine Enchanted South Seas Kelp,questiedb/foreverQuestDB.lua
8114,Control Four Bases,questiedb/foreverQuestDB.lua
8115,Control Five Bases,questiedb/foreverQuestDB.lua
8116,Vision of Voodress,questiedb/foreverQuestDB.lua
8117,Vision of Voodress,questiedb/foreverQuestDB.lua
8118,Vision of Voodress,questiedb/foreverQuestDB.lua
8119,The Unmarred Vision of Voodress,questiedb/foreverQuestDB.lua
8120,The Battle for Arathi Basin!,questiedb/foreverQuestDB.lua
8121,Take Four Bases,questiedb/foreverQuestDB.lua
8122,Take Five Bases,questiedb/foreverQuestDB.lua
8123,Cut Arathor Supply Lines,questiedb/foreverQuestDB.lua
8124,More Resource Crates,questiedb/foreverQuestDB.lua
8141,Zandalarian Shadow Talisman,questiedb/foreverQuestDB.lua
8142,Zandalarian Shadow Talisman,questiedb/foreverQuestDB.lua
8143,Zandalarian Shadow Talisman,questiedb/foreverQuestDB.lua
8144,Zandalarian Shadow Mastery Talisman,questiedb/foreverQuestDB.lua
8145,The Maelstrom's Tendril,questiedb/foreverQuestDB.lua
8146,The Maelstrom's Tendril,questiedb/foreverQuestDB.lua
8147,The Maelstrom's Tendril,questiedb/foreverQuestDB.lua
8148,The Maelstrom's Wrath,questiedb/foreverQuestDB.lua
8149,Honoring a Hero,questiedb/foreverQuestDB.lua
8150,Honoring a Hero,questiedb/foreverQuestDB.lua
8151,The Hunter's Charm,questiedb/foreverQuestDB.lua
8153,Courser Antlers,questiedb/foreverQuestDB.lua
8154,Arathi Basin Resources!,questiedb/foreverQuestDB.lua
8155,Arathi Basin Resources!,questiedb/foreverQuestDB.lua
8156,Arathi Basin Resources!,questiedb/foreverQuestDB.lua
8157,More Resource Crates,questiedb/foreverQuestDB.lua
8158,More Resource Crates,questiedb/foreverQuestDB.lua
8159,More Resource Crates,questiedb/foreverQuestDB.lua
8160,Cut Arathor Supply Lines,questiedb/foreverQuestDB.lua
8161,Cut Arathor Supply Lines,questiedb/foreverQuestDB.lua
8162,Cut Arathor Supply Lines,questiedb/foreverQuestDB.lua
8163,More Resource Crates,questiedb/foreverQuestDB.lua
8164,More Resource Crates,questiedb/foreverQuestDB.lua
8165,More Resource Crates,questiedb/foreverQuestDB.lua
8166,The Battle for Arathi Basin!,questiedb/foreverQuestDB.lua
8167,The Battle for Arathi Basin!,questiedb/foreverQuestDB.lua
8168,The Battle for Arathi Basin!,questiedb/foreverQuestDB.lua
8169,The Battle for Arathi Basin!,questiedb/foreverQuestDB.lua
8170,The Battle for Arathi Basin!,questiedb/foreverQuestDB.lua
8171,The Battle for Arathi Basin!,questiedb/foreverQuestDB.lua
8181,Confront Yeh'kinya,questiedb/foreverQuestDB.lua
8182,The Hand of Rastakhan,questiedb/foreverQuestDB.lua
8183,The Heart of Hakkar,questiedb/foreverQuestDB.lua
8184,Presence of Might,questiedb/foreverQuestDB.lua
8185,Syncretist's Sigil,questiedb/foreverQuestDB.lua
8186,Death's Embrace,questiedb/foreverQuestDB.lua
8187,Falcon's Call,questiedb/foreverQuestDB.lua
8188,Vodouisant's Vigilant Embrace,questiedb/foreverQuestDB.lua
8189,Presence of Sight,questiedb/foreverQuestDB.lua
8190,Hoodoo Hex,questiedb/foreverQuestDB.lua
8191,Prophetic Aura,questiedb/foreverQuestDB.lua
8192,Animist's Caress,questiedb/foreverQuestDB.lua
8193,Master Angler,questiedb/foreverQuestDB.lua
8194,Apprentice Angler,questiedb/foreverQuestDB.lua
8195,"Zulian, Razzashi, and Hakkari Coins",questiedb/foreverQuestDB.lua
8196,Essence Mangoes,questiedb/foreverQuestDB.lua
8201,A Collection of Heads,questiedb/foreverQuestDB.lua
8221,Rare Fish - Keefer's Angelfish,questiedb/foreverQuestDB.lua
8222,Glowing Scorpid Blood,questiedb/foreverQuestDB.lua
8223,More Glowing Scorpid Blood,questiedb/foreverQuestDB.lua
8224,Rare Fish - Dezian Queenfish,questiedb/foreverQuestDB.lua
8225,Rare Fish - Brownell's Blue Striped Racer,questiedb/foreverQuestDB.lua
8227,Nat's Measuring Tape,questiedb/foreverQuestDB.lua
8228,Could I get a Fishing Flier?,questiedb/foreverQuestDB.lua
8229,Could I get a Fishing Flier?,questiedb/foreverQuestDB.lua
8231,Wavethrashing,questiedb/foreverQuestDB.lua
8232,The Green Drake,questiedb/foreverQuestDB.lua
8233,A Simple Request,questiedb/foreverQuestDB.lua
8234,Sealed Azure Bag,questiedb/foreverQuestDB.lua
8235,Encoded Fragments,questiedb/foreverQuestDB.lua
8236,The Azure Key,questiedb/foreverQuestDB.lua
8238,"Gurubashi, Vilebranch, and Witherbark Coins",questiedb/foreverQuestDB.lua
8239,"Sandfury, Skullsplitter, and Bloodscalp Coins",questiedb/foreverQuestDB.lua
8240,A Bijou for Zanza,questiedb/foreverQuestDB.lua
8241,Restoring Fiery Flux Supplies via Iron,questiedb/foreverQuestDB.lua
8242,Restoring Fiery Flux Supplies via Heavy Leather,questiedb/foreverQuestDB.lua
8243,Zanza's Potent Potables,questiedb/foreverQuestDB.lua
8246,Signets of the Zandalar,questiedb/foreverQuestDB.lua
8249,Junkboxes Needed,questiedb/foreverQuestDB.lua
8250,Magecraft,questiedb/foreverQuestDB.lua
8251,Magic Dust,questiedb/foreverQuestDB.lua
8252,The Siren's Coral,questiedb/foreverQuestDB.lua
8253,Destroy Morphaz,questiedb/foreverQuestDB.lua
8254,Cenarion Aid,questiedb/foreverQuestDB.lua
8255,Of Coursers We Know,questiedb/foreverQuestDB.lua
8256,The Ichor of Undeath,questiedb/foreverQuestDB.lua
8257,Blood of Morphaz,questiedb/foreverQuestDB.lua
8258,The Darkreaver Menace,questiedb/foreverQuestDB.lua
8260,Arathor Basic Care Package,questiedb/foreverQuestDB.lua
8261,Arathor Standard Care Package,questiedb/foreverQuestDB.lua
8262,Arathor Advanced Care Package,questiedb/foreverQuestDB.lua
8263,Defiler's Basic Care Package,questiedb/foreverQuestDB.lua
8264,Defiler's Standard Care Package,questiedb/foreverQuestDB.lua
8265,Defiler's Advanced Care Package,questiedb/foreverQuestDB.lua
8266,Ribbons of Sacrifice,questiedb/foreverQuestDB.lua
8267,Ribbons of Sacrifice,questiedb/foreverQuestDB.lua
8268,Ribbons of Sacrifice,questiedb/foreverQuestDB.lua
8269,Ribbons of Sacrifice,questiedb/foreverQuestDB.lua
8271,Hero of the Stormpike,questiedb/foreverQuestDB.lua
8272,Hero of the Frostwolf,questiedb/foreverQuestDB.lua
8273,Oran's Gratitude,questiedb/foreverQuestDB.lua
8275,Taking Back Silithus,questiedb/foreverQuestDB.lua
8276,Taking Back Silithus,questiedb/foreverQuestDB.lua
8277,Deadly Desert Venom,questiedb/foreverQuestDB.lua
8278,Noggle's Last Hope,questiedb/foreverQuestDB.lua
8279,The Twilight Lexicon,questiedb/foreverQuestDB.lua
8280,Securing the Supply Lines,questiedb/foreverQuestDB.lua
8281,Stepping Up Security,questiedb/foreverQuestDB.lua
8282,Noggle's Lost Satchel,questiedb/foreverQuestDB.lua
8283,"Wanted - Deathclasp, Terror of the Sands",questiedb/foreverQuestDB.lua
8284,The Twilight Mystery,questiedb/foreverQuestDB.lua
8285,The Deserter,questiedb/foreverQuestDB.lua
8286,What Tomorrow Brings,questiedb/foreverQuestDB.lua
8287,A Terrible Purpose,questiedb/foreverQuestDB.lua
8288,Only One May Rise,questiedb/foreverQuestDB.lua
8289,Talismans of Merit,questiedb/foreverQuestDB.lua
8290,Vanquish the Invaders,questiedb/foreverQuestDB.lua
8291,Vanquish the Invaders!,questiedb/foreverQuestDB.lua
8292,Talismans of Merit,questiedb/foreverQuestDB.lua
8293,Mark of Honor,questiedb/foreverQuestDB.lua
8294,Quell the Silverwing Usurpers,questiedb/foreverQuestDB.lua
8295,Quell the Silverwing Usurpers,questiedb/foreverQuestDB.lua
8296,Mark of Honor,questiedb/foreverQuestDB.lua
8297,Arathi Basin Resources!,questiedb/foreverQuestDB.lua
8298,More Resource Crates,questiedb/foreverQuestDB.lua
8299,Cut Arathor Supply Lines,questiedb/foreverQuestDB.lua
8300,More Resource Crates,questiedb/foreverQuestDB.lua
8301,The Path of the Righteous,questiedb/foreverQuestDB.lua
8302,The Hand of the Righteous,questiedb/foreverQuestDB.lua
8303,Anachronos,questiedb/foreverQuestDB.lua
8304,Dearest Natalia,questiedb/foreverQuestDB.lua
8305,Long Forgotten Memories,questiedb/foreverQuestDB.lua
8306,Into The Maw of Madness,questiedb/foreverQuestDB.lua
8307,Desert Recipe,questiedb/foreverQuestDB.lua
8308,Brann Bronzebeard's Lost Letter,questiedb/foreverQuestDB.lua
8309,Glyph Chasing,questiedb/foreverQuestDB.lua
8310,Breaking the Code,questiedb/foreverQuestDB.lua
8311,Hallow's End Treats for Jesper!,questiedb/foreverQuestDB.lua
8312,Hallow's End Treats for Spoops!,questiedb/foreverQuestDB.lua
8313,Sharing the Knowledge,questiedb/foreverQuestDB.lua
8314,Unraveling the Mystery,questiedb/foreverQuestDB.lua
8315,The Calling,questiedb/foreverQuestDB.lua
8316,Armaments of War,questiedb/foreverQuestDB.lua
8317,Kitchen Assistance,questiedb/foreverQuestDB.lua
8318,Secret Communication,questiedb/foreverQuestDB.lua
8319,Encrypted Twilight Texts,questiedb/foreverQuestDB.lua
8320,Twilight Geolords,questiedb/foreverQuestDB.lua
8321,Vyral the Vile,questiedb/foreverQuestDB.lua
8322,Rotten Eggs,questiedb/foreverQuestDB.lua
8323,True Believers,questiedb/foreverQuestDB.lua
8324,Still Believing,questiedb/foreverQuestDB.lua
8331,Aurel Goldleaf,questiedb/foreverQuestDB.lua
8332,Dukes of the Council,questiedb/foreverQuestDB.lua
8333,Medallion of Station,questiedb/foreverQuestDB.lua
8341,Lords of the Council,questiedb/foreverQuestDB.lua
8342,Twilight Ring of Lordship,questiedb/foreverQuestDB.lua
8343,Goldleaf's Discovery,questiedb/foreverQuestDB.lua
8348,Signet of the Dukes,questiedb/foreverQuestDB.lua
8349,Bor Wildmane,questiedb/foreverQuestDB.lua
8351,Bor Wishes to Speak,questiedb/foreverQuestDB.lua
8352,Scepter of the Council,questiedb/foreverQuestDB.lua
8353,Chicken Clucking for a Mint,questiedb/foreverQuestDB.lua
8354,Chicken Clucking for a Mint,questiedb/foreverQuestDB.lua
8355,Incoming Gumdrop,questiedb/foreverQuestDB.lua
8356,Flexing for Nougat,questiedb/foreverQuestDB.lua
8357,Dancing for Marzipan,questiedb/foreverQuestDB.lua
8358,Incoming Gumdrop,questiedb/foreverQuestDB.lua
8359,Flexing for Nougat,questiedb/foreverQuestDB.lua
8360,Dancing for Marzipan,questiedb/foreverQuestDB.lua
8361,Abyssal Contacts,questiedb/foreverQuestDB.lua
8362,Abyssal Crests,questiedb/foreverQuestDB.lua
8363,Abyssal Signets,questiedb/foreverQuestDB.lua
8364,Abyssal Scepters,questiedb/foreverQuestDB.lua
8365,Pirate Hats Ahoy!,questiedb/foreverQuestDB.lua
8366,Southsea Shakedown,questiedb/foreverQuestDB.lua
8367,For Great Honor,questiedb/foreverQuestDB.lua
8368,Battle of Warsong Gulch,questiedb/foreverQuestDB.lua
8369,Invaders of Alterac Valley,questiedb/foreverQuestDB.lua
8370,Conquering Arathi Basin,questiedb/foreverQuestDB.lua
8371,Concerted Efforts,questiedb/foreverQuestDB.lua
8372,Fight for Warsong Gulch,questiedb/foreverQuestDB.lua
8373,The Power of Pine,questiedb/foreverQuestDB.lua
8374,Claiming Arathi Basin,questiedb/foreverQuestDB.lua
8375,Remember Alterac Valley!,questiedb/foreverQuestDB.lua
8376,Armaments of War,questiedb/foreverQuestDB.lua
8377,Armaments of War,questiedb/foreverQuestDB.lua
8378,Armaments of War,questiedb/foreverQuestDB.lua
8379,Armaments of War,questiedb/foreverQuestDB.lua
8380,Armaments of War,questiedb/foreverQuestDB.lua
8381,Armaments of War,questiedb/foreverQuestDB.lua
8382,Armaments of War,questiedb/foreverQuestDB.lua
8383,Remember Alterac Valley!,questiedb/foreverQuestDB.lua
8384,Claiming Arathi Basin,questiedb/foreverQuestDB.lua
8385,Concerted Efforts,questiedb/foreverQuestDB.lua
8386,Fight for Warsong Gulch,questiedb/foreverQuestDB.lua
8387,Invaders of Alterac Valley,questiedb/foreverQuestDB.lua
8388,For Great Honor,questiedb/foreverQuestDB.lua
8389,Battle of Warsong Gulch,questiedb/foreverQuestDB.lua
8390,Conquering Arathi Basin,questiedb/foreverQuestDB.lua
8391,Claiming Arathi Basin,questiedb/foreverQuestDB.lua
8392,Claiming Arathi Basin,questiedb/foreverQuestDB.lua
8393,Claiming Arathi Basin,questiedb/foreverQuestDB.lua
8394,Claiming Arathi Basin,questiedb/foreverQuestDB.lua
8395,Claiming Arathi Basin,questiedb/foreverQuestDB.lua
8396,Claiming Arathi Basin,questiedb/foreverQuestDB.lua
8397,Claiming Arathi Basin,questiedb/foreverQuestDB.lua
8398,Claiming Arathi Basin,questiedb/foreverQuestDB.lua
8399,Fight for Warsong Gulch,questiedb/foreverQuestDB.lua
8400,Fight for Warsong Gulch,questiedb/foreverQuestDB.lua
8401,Fight for Warsong Gulch,questiedb/foreverQuestDB.lua
8402,Fight for Warsong Gulch,questiedb/foreverQuestDB.lua
8403,Fight for Warsong Gulch,questiedb/foreverQuestDB.lua
8404,Fight for Warsong Gulch,questiedb/foreverQuestDB.lua
8405,Fight for Warsong Gulch,questiedb/foreverQuestDB.lua
8406,Fight for Warsong Gulch,questiedb/foreverQuestDB.lua
8407,Fight for Warsong Gulch,questiedb/foreverQuestDB.lua
8408,Fight for Warsong Gulch,questiedb/foreverQuestDB.lua
8409,Ruined Kegs,questiedb/foreverQuestDB.lua
8410,Elemental Mastery,questiedb/foreverQuestDB.lua
8411,Mastering the Elements,questiedb/foreverQuestDB.lua
8412,Spirit Totem,questiedb/foreverQuestDB.lua
8413,Da Voodoo,questiedb/foreverQuestDB.lua
8414,Dispelling Evil,questiedb/foreverQuestDB.lua
8415,Chillwind Point,questiedb/foreverQuestDB.lua
8416,Inert Scourgestones,questiedb/foreverQuestDB.lua
8417,A Troubled Spirit,questiedb/foreverQuestDB.lua
8418,Forging the Mightstone,questiedb/foreverQuestDB.lua
8419,An Imp's Request,questiedb/foreverQuestDB.lua
8420,Hot and Itchy,questiedb/foreverQuestDB.lua
8421,The Wrong Stuff,questiedb/foreverQuestDB.lua
8422,Trolls of a Feather,questiedb/foreverQuestDB.lua
8423,Warrior Kinship,questiedb/foreverQuestDB.lua
8424,War on the Shadowsworn,questiedb/foreverQuestDB.lua
8425,Voodoo Feathers,questiedb/foreverQuestDB.lua
8426,Battle of Warsong Gulch,questiedb/foreverQuestDB.lua
8427,Battle of Warsong Gulch,questiedb/foreverQuestDB.lua
8428,Battle of Warsong Gulch,questiedb/foreverQuestDB.lua
8429,Battle of Warsong Gulch,questiedb/foreverQuestDB.lua
8430,Battle of Warsong Gulch,questiedb/foreverQuestDB.lua
8431,Battle of Warsong Gulch,questiedb/foreverQuestDB.lua
8432,Battle of Warsong Gulch,questiedb/foreverQuestDB.lua
8433,Battle of Warsong Gulch,questiedb/foreverQuestDB.lua
8434,Battle of Warsong Gulch,questiedb/foreverQuestDB.lua
8435,Battle of Warsong Gulch,questiedb/foreverQuestDB.lua
8436,Conquering Arathi Basin,questiedb/foreverQuestDB.lua
8437,Conquering Arathi Basin,questiedb/foreverQuestDB.lua
8438,Conquering Arathi Basin,questiedb/foreverQuestDB.lua
8439,Conquering Arathi Basin,questiedb/foreverQuestDB.lua
8440,Conquering Arathi Basin,questiedb/foreverQuestDB.lua
8441,Conquering Arathi Basin,questiedb/foreverQuestDB.lua
8442,Conquering Arathi Basin,questiedb/foreverQuestDB.lua
8443,Conquering Arathi Basin,questiedb/foreverQuestDB.lua
8446,Shrouded in Nightmare,questiedb/foreverQuestDB.lua
8447,Waking Legends,questiedb/foreverQuestDB.lua
8460,Timbermaw Ally,questiedb/foreverQuestDB.lua
8461,Deadwood of the North,questiedb/foreverQuestDB.lua
8462,Speak to Nafien,questiedb/foreverQuestDB.lua
8464,Winterfall Activity,questiedb/foreverQuestDB.lua
8465,Speak to Salfa,questiedb/foreverQuestDB.lua
8466,Feathers for Grazle,questiedb/foreverQuestDB.lua
8467,Feathers for Nafien,questiedb/foreverQuestDB.lua
8469,Beads for Salfa,questiedb/foreverQuestDB.lua
8470,Deadwood Ritual Totem,questiedb/foreverQuestDB.lua
8471,Winterfall Ritual Totem,questiedb/foreverQuestDB.lua
8481,The Root of All Evil,questiedb/foreverQuestDB.lua
8484,The Brokering of Peace,questiedb/foreverQuestDB.lua
8485,The Brokering of Peace,questiedb/foreverQuestDB.lua
8492,The Alliance Needs Copper Bars!,questiedb/foreverQuestDB.lua
8493,The Alliance Needs More Copper Bars!,questiedb/foreverQuestDB.lua
8494,The Alliance Needs Iron Bars!,questiedb/foreverQuestDB.lua
8495,The Alliance Needs More Iron Bars!,questiedb/foreverQuestDB.lua
8496,Bandages for the Field,questiedb/foreverQuestDB.lua
8497,Desert Survival Kits,questiedb/foreverQuestDB.lua
8498,Twilight Battle Orders,questiedb/foreverQuestDB.lua
8499,The Alliance Needs Thorium Bars!,questiedb/foreverQuestDB.lua
8500,The Alliance Needs More Thorium Bars!,questiedb/foreverQuestDB.lua
8501,Target: Hive'Ashi Stingers,questiedb/foreverQuestDB.lua
8502,Target: Hive'Ashi Workers,questiedb/foreverQuestDB.lua
8503,The Alliance Needs Stranglekelp!,questiedb/foreverQuestDB.lua
8504,The Alliance Needs More Stranglekelp!,questiedb/foreverQuestDB.lua
8505,The Alliance Needs Purple Lotus!,questiedb/foreverQuestDB.lua
8506,The Alliance Needs More Purple Lotus!,questiedb/foreverQuestDB.lua
8507,Field Duty,questiedb/foreverQuestDB.lua
8508,Field Duty Papers,questiedb/foreverQuestDB.lua
8509,The Alliance Needs Arthas' Tears!,questiedb/foreverQuestDB.lua
8510,The Alliance Needs More Arthas' Tears!,questiedb/foreverQuestDB.lua
8511,The Alliance Needs Light Leather!,questiedb/foreverQuestDB.lua
8512,The Alliance Needs Light Leather!,questiedb/foreverQuestDB.lua
8513,The Alliance Needs Medium Leather!,questiedb/foreverQuestDB.lua
8514,The Alliance Needs More Medium Leather!,questiedb/foreverQuestDB.lua
8515,The Alliance Needs Thick Leather!,questiedb/foreverQuestDB.lua
8516,The Alliance Needs More Thick Leather!,questiedb/foreverQuestDB.lua
8517,The Alliance Needs Linen Bandages!,questiedb/foreverQuestDB.lua
8518,The Alliance Needs More Linen Bandages!,questiedb/foreverQuestDB.lua
8519,A Pawn on the Eternal Board,questiedb/foreverQuestDB.lua
8520,The Alliance Needs Silk Bandages!,questiedb/foreverQuestDB.lua
8521,The Alliance Needs More Silk Bandages!,questiedb/foreverQuestDB.lua
8522,The Alliance Needs Runecloth Bandages!,questiedb/foreverQuestDB.lua
8523,The Alliance Needs More Runecloth Bandages!,questiedb/foreverQuestDB.lua
8524,The Alliance Needs Rainbow Fin Albacore!,questiedb/foreverQuestDB.lua
8525,The Alliance Needs More Rainbow Fin Albacore!,questiedb/foreverQuestDB.lua
8526,The Alliance Needs Roast Raptor!,questiedb/foreverQuestDB.lua
8527,The Alliance Needs More Roast Raptor!,questiedb/foreverQuestDB.lua
8528,The Alliance Needs Spotted Yellowtail!,questiedb/foreverQuestDB.lua
8529,The Alliance Needs More Spotted Yellowtail!,questiedb/foreverQuestDB.lua
8532,The Horde Needs Copper Bars!,questiedb/foreverQuestDB.lua
8533,The Horde Needs More Copper Bars!,questiedb/foreverQuestDB.lua
8534,Hive'Zora Scout Report,questiedb/foreverQuestDB.lua
8535,Hoary Templar,questiedb/foreverQuestDB.lua
8536,Earthen Templar,questiedb/foreverQuestDB.lua
8537,Crimson Templar,questiedb/foreverQuestDB.lua
8538,The Four Dukes,questiedb/foreverQuestDB.lua
8539,Target: Hive'Zora Hive Sisters,questiedb/foreverQuestDB.lua
8540,Boots for the Guard,questiedb/foreverQuestDB.lua
8541,Grinding Stones for the Guard,questiedb/foreverQuestDB.lua
8542,The Horde Needs Tin Bars!,questiedb/foreverQuestDB.lua
8543,The Horde Needs More Tin Bars!,questiedb/foreverQuestDB.lua
8544,Conqueror's Spaulders,questiedb/foreverQuestDB.lua
8545,The Horde Needs Mithril Bars!,questiedb/foreverQuestDB.lua
8546,The Horde Needs More Mithril Bars!,questiedb/foreverQuestDB.lua
8548,Volunteer's Battlegear,questiedb/foreverQuestDB.lua
8549,The Horde Needs Peacebloom!,questiedb/foreverQuestDB.lua
8550,The Horde Needs Peacebloom!,questiedb/foreverQuestDB.lua
8551,The Captain's Chest,questiedb/foreverQuestDB.lua
8552,The Monogrammed Sash,questiedb/foreverQuestDB.lua
8553,The Captain's Cutlass,questiedb/foreverQuestDB.lua
8554,Facing Negolash,questiedb/foreverQuestDB.lua
8555,The Charge of the Dragonflights,questiedb/foreverQuestDB.lua
8556,Signet of Unyielding Strength,questiedb/foreverQuestDB.lua
8557,Drape of Unyielding Strength,questiedb/foreverQuestDB.lua
8558,Sickle of Unyielding Strength,questiedb/foreverQuestDB.lua
8559,Conqueror's Greaves,questiedb/foreverQuestDB.lua
8560,Conqueror's Legguards,questiedb/foreverQuestDB.lua
8561,Conqueror's Crown,questiedb/foreverQuestDB.lua
8562,Conqueror's Breastplate,questiedb/foreverQuestDB.lua
8565,Past Victories in Arathi,questiedb/foreverQuestDB.lua
8566,Past Victories in Arathi,questiedb/foreverQuestDB.lua
8567,Past Victories in Warsong Gulch,questiedb/foreverQuestDB.lua
8568,Past Victories in Warsong Gulch,questiedb/foreverQuestDB.lua
8569,Past Efforts in Warsong Gulch,questiedb/foreverQuestDB.lua
8570,Past Efforts in Warsong Gulch,questiedb/foreverQuestDB.lua
8572,Veteran's Battlegear,questiedb/foreverQuestDB.lua
8573,Champion's Battlegear,questiedb/foreverQuestDB.lua
8574,Stalwart's Battlegear,questiedb/foreverQuestDB.lua
8575,Azuregos's Magical Ledger,questiedb/foreverQuestDB.lua
8576,Translating the Ledger,questiedb/foreverQuestDB.lua
8577,"Stewvul, Ex-B.F.F.",questiedb/foreverQuestDB.lua
8578,Scrying Goggles? No Problem!,questiedb/foreverQuestDB.lua
8579,Mortal Champions,questiedb/foreverQuestDB.lua
8580,The Horde Needs Firebloom!,questiedb/foreverQuestDB.lua
8581,The Horde Needs More Firebloom!,questiedb/foreverQuestDB.lua
8582,The Horde Needs Purple Lotus!,questiedb/foreverQuestDB.lua
8583,The Horde Needs More Purple Lotus!,questiedb/foreverQuestDB.lua
8584,Never Ask Me About My Business,questiedb/foreverQuestDB.lua
8585,The Isle of Dread!,questiedb/foreverQuestDB.lua
8586,Dirge's Kickin' Chimaerok Chops,questiedb/foreverQuestDB.lua
8587,Return to Narain,questiedb/foreverQuestDB.lua
8588,The Horde Needs Heavy Leather!,questiedb/foreverQuestDB.lua
8589,The Horde Needs More Heavy Leather!,questiedb/foreverQuestDB.lua
8590,The Horde Needs Thick Leather!,questiedb/foreverQuestDB.lua
8591,The Horde Needs More Thick Leather!,questiedb/foreverQuestDB.lua
8592,Tiara of the Oracle,questiedb/foreverQuestDB.lua
8593,Trousers of the Oracle,questiedb/foreverQuestDB.lua
8594,Mantle of the Oracle,questiedb/foreverQuestDB.lua
8595,Mortal Champions,questiedb/foreverQuestDB.lua
8596,Footwraps of the Oracle,questiedb/foreverQuestDB.lua
8597,Draconic for Dummies,questiedb/foreverQuestDB.lua
8598,rAnS0m,questiedb/foreverQuestDB.lua
8599,Love Song for Narain,questiedb/foreverQuestDB.lua
8600,The Horde Needs Rugged Leather!,questiedb/foreverQuestDB.lua
8601,The Horde Needs More Rugged Leather!,questiedb/foreverQuestDB.lua
8602,Stormcaller's Pauldrons,questiedb/foreverQuestDB.lua
8603,Vestments of the Oracle,questiedb/foreverQuestDB.lua
8604,The Horde Needs Wool Bandages!,questiedb/foreverQuestDB.lua
8605,The Horde Needs More Wool Bandages!,questiedb/foreverQuestDB.lua
8606,Decoy!,questiedb/foreverQuestDB.lua
8607,The Horde Needs Mageweave Bandages!,questiedb/foreverQuestDB.lua
8608,The Horde Needs More Mageweave Bandages!,questiedb/foreverQuestDB.lua
8609,The Horde Needs Runecloth Bandages!,questiedb/foreverQuestDB.lua
8610,The Horde Needs More Runecloth Bandages!,questiedb/foreverQuestDB.lua
8611,The Horde Needs Lean Wolf Steaks!,questiedb/foreverQuestDB.lua
8612,The Horde Needs More Lean Wolf Steaks!,questiedb/foreverQuestDB.lua
8613,The Horde Needs Spotted Yellowtail!,questiedb/foreverQuestDB.lua
8614,The Horde Needs More Spotted Yellowtail!,questiedb/foreverQuestDB.lua
8615,The Horde Needs Baked Salmon!,questiedb/foreverQuestDB.lua
8616,The Horde Needs More Baked Salmon!,questiedb/foreverQuestDB.lua
8619,Morndeep the Elder,questiedb/foreverQuestDB.lua
8620,The Only Prescription,questiedb/foreverQuestDB.lua
8621,Stormcaller's Footguards,questiedb/foreverQuestDB.lua
8622,Stormcaller's Hauberk,questiedb/foreverQuestDB.lua
8623,Stormcaller's Diadem,questiedb/foreverQuestDB.lua
8624,Stormcaller's Leggings,questiedb/foreverQuestDB.lua
8625,Enigma Shoulderpads,questiedb/foreverQuestDB.lua
8626,Striker's Footguards,questiedb/foreverQuestDB.lua
8627,Avenger's Breastplate,questiedb/foreverQuestDB.lua
8628,Avenger's Crown,questiedb/foreverQuestDB.lua
8629,Avenger's Legguards,questiedb/foreverQuestDB.lua
8630,Avenger's Pauldrons,questiedb/foreverQuestDB.lua
8631,Enigma Leggings,questiedb/foreverQuestDB.lua
8632,Enigma Circlet,questiedb/foreverQuestDB.lua
8633,Enigma Robes,questiedb/foreverQuestDB.lua
8634,Enigma Boots,questiedb/foreverQuestDB.lua
8635,Splitrock the Elder,questiedb/foreverQuestDB.lua
8636,Rumblerock the Elder,questiedb/foreverQuestDB.lua
8637,Deathdealer's Boots,questiedb/foreverQuestDB.lua
8638,Deathdealer's Vest,questiedb/foreverQuestDB.lua
8639,Deathdealer's Helm,questiedb/foreverQuestDB.lua
8640,Deathdealer's Leggings,questiedb/foreverQuestDB.lua
8641,Deathdealer's Spaulders,questiedb/foreverQuestDB.lua
8642,Silvervein the Elder,questiedb/foreverQuestDB.lua
8643,Highpeak the Elder,questiedb/foreverQuestDB.lua
8644,Stonefort the Elder,questiedb/foreverQuestDB.lua
8645,Obsidian the Elder,questiedb/foreverQuestDB.lua
8646,Hammershout the Elder,questiedb/foreverQuestDB.lua
8647,Bellowrage the Elder,questiedb/foreverQuestDB.lua
8648,Darkcore the Elder,questiedb/foreverQuestDB.lua
8649,Stormbrow the Elder,questiedb/foreverQuestDB.lua
8650,Snowcrown the Elder,questiedb/foreverQuestDB.lua
8651,Ironband the Elder,questiedb/foreverQuestDB.lua
8652,Graveborn the Elder,questiedb/foreverQuestDB.lua
8653,Goldwell the Elder,questiedb/foreverQuestDB.lua
8654,Primestone the Elder,questiedb/foreverQuestDB.lua
8655,Avenger's Greaves,questiedb/foreverQuestDB.lua
8656,Striker's Hauberk,questiedb/foreverQuestDB.lua
8657,Striker's Diadem,questiedb/foreverQuestDB.lua
8658,Striker's Leggings,questiedb/foreverQuestDB.lua
8659,Striker's Pauldrons,questiedb/foreverQuestDB.lua
8660,Doomcaller's Footwraps,questiedb/foreverQuestDB.lua
8661,Doomcaller's Robes,questiedb/foreverQuestDB.lua
8662,Doomcaller's Circlet,questiedb/foreverQuestDB.lua
8663,Doomcaller's Trousers,questiedb/foreverQuestDB.lua
8664,Doomcaller's Mantle,questiedb/foreverQuestDB.lua
8665,Genesis Boots,questiedb/foreverQuestDB.lua
8666,Genesis Vest,questiedb/foreverQuestDB.lua
8667,Genesis Helm,questiedb/foreverQuestDB.lua
8668,Genesis Trousers,questiedb/foreverQuestDB.lua
8669,Genesis Shoulderpads,questiedb/foreverQuestDB.lua
8670,Runetotem the Elder,questiedb/foreverQuestDB.lua
8671,Ragetotem the Elder,questiedb/foreverQuestDB.lua
8672,Stonespire the Elder,questiedb/foreverQuestDB.lua
8673,Bloodhoof the Elder,questiedb/foreverQuestDB.lua
8674,Winterhoof the Elder,questiedb/foreverQuestDB.lua
8675,Skychaser the Elder,questiedb/foreverQuestDB.lua
8676,Wildmane the Elder,questiedb/foreverQuestDB.lua
8677,Darkhorn the Elder,questiedb/foreverQuestDB.lua
8678,Proudhorn the Elder,questiedb/foreverQuestDB.lua
8679,Grimtotem the Elder,questiedb/foreverQuestDB.lua
8680,Windtotem the Elder,questiedb/foreverQuestDB.lua
8681,Thunderhorn the Elder,questiedb/foreverQuestDB.lua
8682,Skyseer the Elder,questiedb/foreverQuestDB.lua
8683,Dawnstrider the Elder,questiedb/foreverQuestDB.lua
8684,Dreamseer the Elder,questiedb/foreverQuestDB.lua
8685,Mistwalker the Elder,questiedb/foreverQuestDB.lua
8686,High Mountain the Elder,questiedb/foreverQuestDB.lua
8687,Target: Hive'Zora Tunnelers,questiedb/foreverQuestDB.lua
8688,Windrun the Elder,questiedb/foreverQuestDB.lua
8689,Shroud of Infinite Wisdom,questiedb/foreverQuestDB.lua
8690,Cloak of the Gathering Storm,questiedb/foreverQuestDB.lua
8691,Drape of Vaulted Secrets,questiedb/foreverQuestDB.lua
8692,Cloak of Unending Life,questiedb/foreverQuestDB.lua
8693,Cloak of Veiled Shadows,questiedb/foreverQuestDB.lua
8694,Shroud of Unspoken Names,questiedb/foreverQuestDB.lua
8695,Cape of Eternal Justice,questiedb/foreverQuestDB.lua
8696,Cloak of the Unseen Path,questiedb/foreverQuestDB.lua
8697,Ring of Infinite Wisdom,questiedb/foreverQuestDB.lua
8698,Ring of the Gathering Storm,questiedb/foreverQuestDB.lua
8699,Band of Vaulted Secrets,questiedb/foreverQuestDB.lua
8700,Band of Unending Life,questiedb/foreverQuestDB.lua
8701,Band of Veiled Shadows,questiedb/foreverQuestDB.lua
8702,Ring of Unspoken Names,questiedb/foreverQuestDB.lua
8703,Ring of Eternal Justice,questiedb/foreverQuestDB.lua
8704,Signet of the Unseen Path,questiedb/foreverQuestDB.lua
8705,Gavel of Infinite Wisdom,questiedb/foreverQuestDB.lua
8706,Hammer of the Gathering Storm,questiedb/foreverQuestDB.lua
8707,Blade of Vaulted Secrets,questiedb/foreverQuestDB.lua
8708,Mace of Unending Life,questiedb/foreverQuestDB.lua
8709,Dagger of Veiled Shadows,questiedb/foreverQuestDB.lua
8710,Kris of Unspoken Names,questiedb/foreverQuestDB.lua
8711,Blade of Eternal Justice,questiedb/foreverQuestDB.lua
8712,Scythe of the Unseen Path,questiedb/foreverQuestDB.lua
8713,Starsong the Elder,questiedb/foreverQuestDB.lua
8714,Moonstrike the Elder,questiedb/foreverQuestDB.lua
8715,Bladeleaf the Elder,questiedb/foreverQuestDB.lua
8716,Starglade the Elder,questiedb/foreverQuestDB.lua
8717,Moonwarden the Elder,questiedb/foreverQuestDB.lua
8718,Bladeswift the Elder,questiedb/foreverQuestDB.lua
8719,Bladesing the Elder,questiedb/foreverQuestDB.lua
8720,Skygleam the Elder,questiedb/foreverQuestDB.lua
8721,Starweave the Elder,questiedb/foreverQuestDB.lua
8722,Meadowrun the Elder,questiedb/foreverQuestDB.lua
8723,Nightwind the Elder,questiedb/foreverQuestDB.lua
8724,Morningdew the Elder,questiedb/foreverQuestDB.lua
8725,Riversong the Elder,questiedb/foreverQuestDB.lua
8726,Brightspear the Elder,questiedb/foreverQuestDB.lua
8727,Farwhisper the Elder,questiedb/foreverQuestDB.lua
8728,The Good News and The Bad News,questiedb/foreverQuestDB.lua
8729,The Wrath of Neptulon,questiedb/foreverQuestDB.lua
8730,Nefarius's Corruption,questiedb/foreverQuestDB.lua
8731,Field Duty,questiedb/foreverQuestDB.lua
8732,Field Duty Papers,questiedb/foreverQuestDB.lua
8733,"Eranikus, Tyrant of the Dream",questiedb/foreverQuestDB.lua
8734,Tyrande and Remulos,questiedb/foreverQuestDB.lua
8735,The Nightmare's Corruption,questiedb/foreverQuestDB.lua
8736,The Nightmare Manifests,questiedb/foreverQuestDB.lua
8737,Azure Templar,questiedb/foreverQuestDB.lua
8738,Hive'Regal Scout Report,questiedb/foreverQuestDB.lua
8739,Hive'Ashi Scout Report,questiedb/foreverQuestDB.lua
8740,Twilight Marauders,questiedb/foreverQuestDB.lua
8741,The Champion Returns,questiedb/foreverQuestDB.lua
8742,The Might of Kalimdor,questiedb/foreverQuestDB.lua
8743,Bang a Gong!,questiedb/foreverQuestDB.lua
8744,A Carefully Wrapped Present,questiedb/foreverQuestDB.lua
8745,Treasure of the Timeless One,questiedb/foreverQuestDB.lua
8746,Metzen the Reindeer,questiedb/foreverQuestDB.lua
8747,The Path of the Protector,questiedb/foreverQuestDB.lua
8748,The Path of the Protector,questiedb/foreverQuestDB.lua
8749,The Path of the Protector,questiedb/foreverQuestDB.lua
8750,The Path of the Protector,questiedb/foreverQuestDB.lua
8751,The Protector of Kalimdor,questiedb/foreverQuestDB.lua
8752,The Path of the Conqueror,questiedb/foreverQuestDB.lua
8753,The Path of the Conqueror,questiedb/foreverQuestDB.lua
8754,The Path of the Conqueror,questiedb/foreverQuestDB.lua
8755,The Path of the Conqueror,questiedb/foreverQuestDB.lua
8756,The Qiraji Conqueror,questiedb/foreverQuestDB.lua
8757,The Path of the Invoker,questiedb/foreverQuestDB.lua
8758,The Path of the Invoker,questiedb/foreverQuestDB.lua
8759,The Path of the Invoker,questiedb/foreverQuestDB.lua
8760,The Path of the Invoker,questiedb/foreverQuestDB.lua
8761,The Grand Invoker,questiedb/foreverQuestDB.lua
8762,Metzen the Reindeer,questiedb/foreverQuestDB.lua
8763,The Hero of the Day,questiedb/foreverQuestDB.lua
8764,The Changing of Paths - Protector No More,questiedb/foreverQuestDB.lua
8765,The Changing of Paths - Invoker No More,questiedb/foreverQuestDB.lua
8766,The Changing of Paths - Conqueror No More,questiedb/foreverQuestDB.lua
8767,A Gently Shaken Gift,questiedb/foreverQuestDB.lua
8768,A Gaily Wrapped Present,questiedb/foreverQuestDB.lua
8769,A Ticking Present,questiedb/foreverQuestDB.lua
8770,Target: Hive'Ashi Defenders,questiedb/foreverQuestDB.lua
8771,Target: Hive'Ashi Sandstalkers,questiedb/foreverQuestDB.lua
8772,Target: Hive'Zora Waywatchers,questiedb/foreverQuestDB.lua
8773,Target: Hive'Zora Reavers,questiedb/foreverQuestDB.lua
8774,Target: Hive'Regal Ambushers,questiedb/foreverQuestDB.lua
8775,Target: Hive'Regal Spitfires,questiedb/foreverQuestDB.lua
8776,Target: Hive'Regal Slavemakers,questiedb/foreverQuestDB.lua
8777,Target: Hive'Regal Burrowers,questiedb/foreverQuestDB.lua
8778,The Ironforge Brigade Needs Explosives!,questiedb/foreverQuestDB.lua
8779,Scrying Materials,questiedb/foreverQuestDB.lua
8780,Armor Kits for the Field,questiedb/foreverQuestDB.lua
8781,Arms for the Field,questiedb/foreverQuestDB.lua
8782,Uniform Supplies,questiedb/foreverQuestDB.lua
8783,Extraordinary Materials,questiedb/foreverQuestDB.lua
8784,Secrets of the Qiraji,questiedb/foreverQuestDB.lua
8785,The Orgrimmar Legion Needs Mojo!,questiedb/foreverQuestDB.lua
8786,Arms for the Field,questiedb/foreverQuestDB.lua
8787,Armor Kits for the Field,questiedb/foreverQuestDB.lua
8788,A Gently Shaken Gift,questiedb/foreverQuestDB.lua
8789,Imperial Qiraji Armaments,questiedb/foreverQuestDB.lua
8790,Imperial Qiraji Regalia,questiedb/foreverQuestDB.lua
8791,The Fall of Ossirian,questiedb/foreverQuestDB.lua
8792,The Horde Needs Your Help!,questiedb/foreverQuestDB.lua
8793,The Horde Needs Your Help!,questiedb/foreverQuestDB.lua
8794,The Horde Needs Your Help!,questiedb/foreverQuestDB.lua
8795,The Alliance Needs Your Help!,questiedb/foreverQuestDB.lua
8796,The Alliance Needs Your Help!,questiedb/foreverQuestDB.lua
8797,The Alliance Needs Your Help!,questiedb/foreverQuestDB.lua
8798,A Yeti of Your Own,questiedb/foreverQuestDB.lua
8799,The Hero of the Day,questiedb/foreverQuestDB.lua
8800,Cenarion Battlegear,questiedb/foreverQuestDB.lua
8801,C'Thun's Legacy,questiedb/foreverQuestDB.lua
8802,The Savior of Kalimdor,questiedb/foreverQuestDB.lua
8803,A Festive Gift,questiedb/foreverQuestDB.lua
8804,Desert Survival Kits,questiedb/foreverQuestDB.lua
8805,Boots for the Guard,questiedb/foreverQuestDB.lua
8806,Grinding Stones for the Guard,questiedb/foreverQuestDB.lua
8807,Scrying Materials,questiedb/foreverQuestDB.lua
8808,Uniform Supplies,questiedb/foreverQuestDB.lua
8809,Extraordinary Materials,questiedb/foreverQuestDB.lua
8810,Bandages for the Field,questiedb/foreverQuestDB.lua
8811,One Commendation Signet,questiedb/foreverQuestDB.lua
8812,One Commendation Signet,questiedb/foreverQuestDB.lua
8813,One Commendation Signet,questiedb/foreverQuestDB.lua
8814,One Commendation Signet,questiedb/foreverQuestDB.lua
8815,One Commendation Signet,questiedb/foreverQuestDB.lua
8816,One Commendation Signet,questiedb/foreverQuestDB.lua
8817,One Commendation Signet,questiedb/foreverQuestDB.lua
8818,One Commendation Signet,questiedb/foreverQuestDB.lua
8819,Ten Commendation Signets,questiedb/foreverQuestDB.lua
8820,Ten Commendation Signets,questiedb/foreverQuestDB.lua
8821,Ten Commendation Signets,questiedb/foreverQuestDB.lua
8822,Ten Commendation Signets,questiedb/foreverQuestDB.lua
8823,Ten Commendation Signets,questiedb/foreverQuestDB.lua
8824,Ten Commendation Signets,questiedb/foreverQuestDB.lua
8825,Ten Commendation Signets,questiedb/foreverQuestDB.lua
8826,Ten Commendation Signets,questiedb/foreverQuestDB.lua
8827,Winter's Presents,questiedb/foreverQuestDB.lua
8828,Winter's Presents,questiedb/foreverQuestDB.lua
8829,The Ultimate Deception,questiedb/foreverQuestDB.lua
8830,One Commendation Signet,questiedb/foreverQuestDB.lua
8831,Ten Commendation Signets,questiedb/foreverQuestDB.lua
8832,One Commendation Signet,questiedb/foreverQuestDB.lua
8833,Ten Commendation Signets,questiedb/foreverQuestDB.lua
8834,One Commendation Signet,questiedb/foreverQuestDB.lua
8835,Ten Commendation Signets,questiedb/foreverQuestDB.lua
8836,One Commendation Signet,questiedb/foreverQuestDB.lua
8837,Ten Commendation Signets,questiedb/foreverQuestDB.lua
8838,One Commendation Signet,questiedb/foreverQuestDB.lua
8839,Ten Commendation Signets,questiedb/foreverQuestDB.lua
8840,One Commendation Signet,questiedb/foreverQuestDB.lua
8841,Ten Commendation Signets,questiedb/foreverQuestDB.lua
8842,One Commendation Signet,questiedb/foreverQuestDB.lua
8843,Ten Commendation Signets,questiedb/foreverQuestDB.lua
8844,One Commendation Signet,questiedb/foreverQuestDB.lua
8845,Ten Commendation Signets,questiedb/foreverQuestDB.lua
8846,Five Signets for War Supplies,questiedb/foreverQuestDB.lua
8847,Ten Signets for War Supplies,questiedb/foreverQuestDB.lua
8848,Fifteen Signets for War Supplies,questiedb/foreverQuestDB.lua
8849,Twenty Signets for War Supplies,questiedb/foreverQuestDB.lua
8850,Thirty Signets for War Supplies,questiedb/foreverQuestDB.lua
8851,Five Signets for War Supplies,questiedb/foreverQuestDB.lua
8852,Ten Signets for War Supplies,questiedb/foreverQuestDB.lua
8853,Fifteen Signets for War Supplies,questiedb/foreverQuestDB.lua
8854,Twenty Signets for War Supplies,questiedb/foreverQuestDB.lua
8855,Thirty Signets for War Supplies,questiedb/foreverQuestDB.lua
8856,Desert Survival Kits,questiedb/foreverQuestDB.lua
8857,Secrets of the Colossus - Ashi,questiedb/foreverQuestDB.lua
8858,Secrets of the Colossus - Regal,questiedb/foreverQuestDB.lua
8859,Secrets of the Colossus - Zora,questiedb/foreverQuestDB.lua
8860,New Year Celebrations!,questiedb/foreverQuestDB.lua
8861,New Year Celebrations!,questiedb/foreverQuestDB.lua
8862,Elune's Candle,questiedb/foreverQuestDB.lua
8863,Festival Dumplings,questiedb/foreverQuestDB.lua
8864,Festive Lunar Dresses,questiedb/foreverQuestDB.lua
8865,Festive Lunar Pant Suits,questiedb/foreverQuestDB.lua
8866,Bronzebeard the Elder,questiedb/foreverQuestDB.lua
8867,Lunar Fireworks,questiedb/foreverQuestDB.lua
8868,Elune's Blessing,questiedb/foreverQuestDB.lua
8869,Sweet Serenity,questiedb/foreverQuestDB.lua
8870,The Lunar Festival,questiedb/foreverQuestDB.lua
8871,The Lunar Festival,questiedb/foreverQuestDB.lua
8872,The Lunar Festival,questiedb/foreverQuestDB.lua
8873,The Lunar Festival,questiedb/foreverQuestDB.lua
8874,The Lunar Festival,questiedb/foreverQuestDB.lua
8875,The Lunar Festival,questiedb/foreverQuestDB.lua
8876,Small Rockets,questiedb/foreverQuestDB.lua
8877,Firework Launcher,questiedb/foreverQuestDB.lua
8878,Festive Recipes,questiedb/foreverQuestDB.lua
8879,Large Rockets,questiedb/foreverQuestDB.lua
8880,Cluster Rockets,questiedb/foreverQuestDB.lua
8881,Large Cluster Rockets,questiedb/foreverQuestDB.lua
8882,Cluster Launcher,questiedb/foreverQuestDB.lua
8883,Valadar Starsong,questiedb/foreverQuestDB.lua
8893,The Super Egg-O-Matic,questiedb/foreverQuestDB.lua
8897,"Dearest Colara,",questiedb/foreverQuestDB.lua
8898,"Dearest Colara,",questiedb/foreverQuestDB.lua
8899,"Dearest Colara,",questiedb/foreverQuestDB.lua
8900,"Dearest Elenia,",questiedb/foreverQuestDB.lua
8901,"Dearest Elenia,",questiedb/foreverQuestDB.lua
8902,"Dearest Elenia,",questiedb/foreverQuestDB.lua
8903,Dangerous Love,questiedb/foreverQuestDB.lua
8904,Dangerous Love,questiedb/foreverQuestDB.lua
8905,An Earnest Proposition,questiedb/foreverQuestDB.lua
8906,An Earnest Proposition,questiedb/foreverQuestDB.lua
8907,An Earnest Proposition,questiedb/foreverQuestDB.lua
8908,An Earnest Proposition,questiedb/foreverQuestDB.lua
8909,An Earnest Proposition,questiedb/foreverQuestDB.lua
8910,An Earnest Proposition,questiedb/foreverQuestDB.lua
8911,An Earnest Proposition,questiedb/foreverQuestDB.lua
8912,An Earnest Proposition,questiedb/foreverQuestDB.lua
8913,An Earnest Proposition,questiedb/foreverQuestDB.lua
8914,An Earnest Proposition,questiedb/foreverQuestDB.lua
8915,An Earnest Proposition,questiedb/foreverQuestDB.lua
8916,An Earnest Proposition,questiedb/foreverQuestDB.lua
8917,An Earnest Proposition,questiedb/foreverQuestDB.lua
8918,An Earnest Proposition,questiedb/foreverQuestDB.lua
8919,An Earnest Proposition,questiedb/foreverQuestDB.lua
8920,An Earnest Proposition,questiedb/foreverQuestDB.lua
8921,The Ectoplasmic Distiller,questiedb/foreverQuestDB.lua
8922,A Supernatural Device,questiedb/foreverQuestDB.lua
8923,A Supernatural Device,questiedb/foreverQuestDB.lua
8924,Hunting for Ectoplasm,questiedb/foreverQuestDB.lua
8925,A Portable Power Source,questiedb/foreverQuestDB.lua
8926,Just Compensation,questiedb/foreverQuestDB.lua
8927,Just Compensation,questiedb/foreverQuestDB.lua
8928,A Shifty Merchant,questiedb/foreverQuestDB.lua
8929,In Search of Anthion,questiedb/foreverQuestDB.lua
8930,In Search of Anthion,questiedb/foreverQuestDB.lua
8931,Just Compensation,questiedb/foreverQuestDB.lua
8932,Just Compensation,questiedb/foreverQuestDB.lua
8933,Just Compensation,questiedb/foreverQuestDB.lua
8934,Just Compensation,questiedb/foreverQuestDB.lua
8935,Just Compensation,questiedb/foreverQuestDB.lua
8936,Just Compensation,questiedb/foreverQuestDB.lua
8937,Just Compensation,questiedb/foreverQuestDB.lua
8938,Just Compensation,questiedb/foreverQuestDB.lua
8939,Just Compensation,questiedb/foreverQuestDB.lua
8940,Just Compensation,questiedb/foreverQuestDB.lua
8941,Just Compensation,questiedb/foreverQuestDB.lua
8942,Just Compensation,questiedb/foreverQuestDB.lua
8943,Just Compensation,questiedb/foreverQuestDB.lua
8944,Just Compensation,questiedb/foreverQuestDB.lua
8945,Dead Man's Plea,questiedb/foreverQuestDB.lua
8946,Proof of Life,questiedb/foreverQuestDB.lua
8947,Anthion's Strange Request,questiedb/foreverQuestDB.lua
8948,Anthion's Old Friend,questiedb/foreverQuestDB.lua
8949,Falrin's Vendetta,questiedb/foreverQuestDB.lua
8950,The Instigator's Enchantment,questiedb/foreverQuestDB.lua
8951,Anthion's Parting Words,questiedb/foreverQuestDB.lua
8952,Anthion's Parting Words,questiedb/foreverQuestDB.lua
8953,Anthion's Parting Words,questiedb/foreverQuestDB.lua
8954,Anthion's Parting Words,questiedb/foreverQuestDB.lua
8955,Anthion's Parting Words,questiedb/foreverQuestDB.lua
8956,Anthion's Parting Words,questiedb/foreverQuestDB.lua
8957,Anthion's Parting Words,questiedb/foreverQuestDB.lua
8958,Anthion's Parting Words,questiedb/foreverQuestDB.lua
8959,Anthion's Parting Words,questiedb/foreverQuestDB.lua
8960,Bodley's Unfortunate Fate,questiedb/foreverQuestDB.lua
8961,Three Kings of Flame,questiedb/foreverQuestDB.lua
8962,Components of Importance,questiedb/foreverQuestDB.lua
8963,Components of Importance,questiedb/foreverQuestDB.lua
8964,Components of Importance,questiedb/foreverQuestDB.lua
8965,Components of Importance,questiedb/foreverQuestDB.lua
8966,The Left Piece of Lord Valthalak's Amulet,questiedb/foreverQuestDB.lua
8967,The Left Piece of Lord Valthalak's Amulet,questiedb/foreverQuestDB.lua
8968,The Left Piece of Lord Valthalak's Amulet,questiedb/foreverQuestDB.lua
8969,The Left Piece of Lord Valthalak's Amulet,questiedb/foreverQuestDB.lua
8970,I See Alcaz Island In Your Future...,questiedb/foreverQuestDB.lua
8977,Return to Deliana,questiedb/foreverQuestDB.lua
8978,Return to Mokvar,questiedb/foreverQuestDB.lua
8979,Fenstad's Hunch,questiedb/foreverQuestDB.lua
8980,Zinge's Assessment,questiedb/foreverQuestDB.lua
8981,Gift Giving,questiedb/foreverQuestDB.lua
8982,Tracing the Source,questiedb/foreverQuestDB.lua
8983,Tracing the Source,questiedb/foreverQuestDB.lua
8984,The Source Revealed,questiedb/foreverQuestDB.lua
8985,More Components of Importance,questiedb/foreverQuestDB.lua
8986,More Components of Importance,questiedb/foreverQuestDB.lua
8987,More Components of Importance,questiedb/foreverQuestDB.lua
8988,More Components of Importance,questiedb/foreverQuestDB.lua
8989,The Right Piece of Lord Valthalak's Amulet,questiedb/foreverQuestDB.lua
8990,The Right Piece of Lord Valthalak's Amulet,questiedb/foreverQuestDB.lua
8991,The Right Piece of Lord Valthalak's Amulet,questiedb/foreverQuestDB.lua
8992,The Right Piece of Lord Valthalak's Amulet,questiedb/foreverQuestDB.lua
8993,Gift Giving,questiedb/foreverQuestDB.lua
8994,Final Preparations,questiedb/foreverQuestDB.lua
8995,"Mea Culpa, Lord Valthalak",questiedb/foreverQuestDB.lua
8996,Return to Bodley,questiedb/foreverQuestDB.lua
8997,Back to the Beginning,questiedb/foreverQuestDB.lua
8998,Back to the Beginning,questiedb/foreverQuestDB.lua
8999,Saving the Best for Last,questiedb/foreverQuestDB.lua
9000,Saving the Best for Last,questiedb/foreverQuestDB.lua
9001,Saving the Best for Last,questiedb/foreverQuestDB.lua
9002,Saving the Best for Last,questiedb/foreverQuestDB.lua
9003,Saving the Best for Last,questiedb/foreverQuestDB.lua
9004,Saving the Best for Last,questiedb/foreverQuestDB.lua
9005,Saving the Best for Last,questiedb/foreverQuestDB.lua
9006,Saving the Best for Last,questiedb/foreverQuestDB.lua
9007,Saving the Best for Last,questiedb/foreverQuestDB.lua
9008,Saving the Best for Last,questiedb/foreverQuestDB.lua
9009,Saving the Best for Last,questiedb/foreverQuestDB.lua
9010,Saving the Best for Last,questiedb/foreverQuestDB.lua
9011,Saving the Best for Last,questiedb/foreverQuestDB.lua
9012,Saving the Best for Last,questiedb/foreverQuestDB.lua
9013,Saving the Best for Last,questiedb/foreverQuestDB.lua
9014,Saving the Best for Last,questiedb/foreverQuestDB.lua
9015,The Challenge,questiedb/foreverQuestDB.lua
9016,Anthion's Parting Words,questiedb/foreverQuestDB.lua
9017,Anthion's Parting Words,questiedb/foreverQuestDB.lua
9018,Anthion's Parting Words,questiedb/foreverQuestDB.lua
9019,Anthion's Parting Words,questiedb/foreverQuestDB.lua
9020,Anthion's Parting Words,questiedb/foreverQuestDB.lua
9021,Anthion's Parting Words,questiedb/foreverQuestDB.lua
9022,Anthion's Parting Words,questiedb/foreverQuestDB.lua
9023,The Perfect Poison,questiedb/foreverQuestDB.lua
9024,Aristan's Hunch,questiedb/foreverQuestDB.lua
9025,Morgan's Discovery,questiedb/foreverQuestDB.lua
9026,Tracing the Source,questiedb/foreverQuestDB.lua
9027,Tracing the Source,questiedb/foreverQuestDB.lua
9028,The Source Revealed,questiedb/foreverQuestDB.lua
9029,A Bubbling Cauldron,questiedb/foreverQuestDB.lua
9032,Bodley's Unfortunate Fate,questiedb/foreverQuestDB.lua
9033,Echoes of War,questiedb/foreverQuestDB.lua
9034,Dreadnaught Breastplate,questiedb/foreverQuestDB.lua
9036,Dreadnaught Legplates,questiedb/foreverQuestDB.lua
9037,Dreadnaught Helmet,questiedb/foreverQuestDB.lua
9038,Dreadnaught Pauldrons,questiedb/foreverQuestDB.lua
9039,Dreadnaught Sabatons,questiedb/foreverQuestDB.lua
9040,Dreadnaught Gauntlets,questiedb/foreverQuestDB.lua
9041,Dreadnaught Waistguard,questiedb/foreverQuestDB.lua
9042,Dreadnaught Bracers,questiedb/foreverQuestDB.lua
9043,Redemption Tunic,questiedb/foreverQuestDB.lua
9044,Redemption Legguards,questiedb/foreverQuestDB.lua
9045,Redemption Headpiece,questiedb/foreverQuestDB.lua
9046,Redemption Spaulders,questiedb/foreverQuestDB.lua
9047,Redemption Boots,questiedb/foreverQuestDB.lua
9048,Redemption Handguards,questiedb/foreverQuestDB.lua
9049,Redemption Girdle,questiedb/foreverQuestDB.lua
9050,Redemption Wristguards,questiedb/foreverQuestDB.lua
9051,Toxic Test,questiedb/foreverQuestDB.lua
9052,Bloodpetal Poison,questiedb/foreverQuestDB.lua
9053,A Better Ingredient,questiedb/foreverQuestDB.lua
9054,Cryptstalker Tunic,questiedb/foreverQuestDB.lua
9055,Cryptstalker Legguards,questiedb/foreverQuestDB.lua
9056,Cryptstalker Headpiece,questiedb/foreverQuestDB.lua
9057,Cryptstalker Spaulders,questiedb/foreverQuestDB.lua
9058,Cryptstalker Boots,questiedb/foreverQuestDB.lua
9059,Cryptstalker Handguards,questiedb/foreverQuestDB.lua
9060,Cryptstalker Girdle,questiedb/foreverQuestDB.lua
9061,Cryptstalker Wristguards,questiedb/foreverQuestDB.lua
9063,Torwa Pathfinder,questiedb/foreverQuestDB.lua
9068,Earthshatter Tunic,questiedb/foreverQuestDB.lua
9069,Earthshatter Legguards,questiedb/foreverQuestDB.lua
9070,Earthshatter Headpiece,questiedb/foreverQuestDB.lua
9071,Earthshatter Spaulders,questiedb/foreverQuestDB.lua
9072,Earthshatter Boots,questiedb/foreverQuestDB.lua
9073,Earthshatter Handguards,questiedb/foreverQuestDB.lua
9074,Earthshatter Girdle,questiedb/foreverQuestDB.lua
9075,Earthshatter Wristguards,questiedb/foreverQuestDB.lua
9077,Bonescythe Breastplate,questiedb/foreverQuestDB.lua
9078,Bonescythe Legplates,questiedb/foreverQuestDB.lua
9079,Bonescythe Helmet,questiedb/foreverQuestDB.lua
9080,Bonescythe Pauldrons,questiedb/foreverQuestDB.lua
9081,Bonescythe Sabatons,questiedb/foreverQuestDB.lua
9082,Bonescythe Gauntlets,questiedb/foreverQuestDB.lua
9083,Bonescythe Waistguard,questiedb/foreverQuestDB.lua
9084,Bonescythe Bracers,questiedb/foreverQuestDB.lua
9085,Shadows of Doom,questiedb/foreverQuestDB.lua
9086,Dreamwalker Tunic,questiedb/foreverQuestDB.lua
9087,Dreamwalker Legguards,questiedb/foreverQuestDB.lua
9088,Dreamwalker Headpiece,questiedb/foreverQuestDB.lua
9089,Dreamwalker Spaulders,questiedb/foreverQuestDB.lua
9090,Dreamwalker Boots,questiedb/foreverQuestDB.lua
9091,Dreamwalker Handguards,questiedb/foreverQuestDB.lua
9092,Dreamwalker Girdle,questiedb/foreverQuestDB.lua
9093,Dreamwalker Wristguards,questiedb/foreverQuestDB.lua
9094,Argent Dawn Gloves,questiedb/foreverQuestDB.lua
9095,Frostfire Robe,questiedb/foreverQuestDB.lua
9096,Frostfire Leggings,questiedb/foreverQuestDB.lua
9097,Frostfire Circlet,questiedb/foreverQuestDB.lua
9098,Frostfire Shoulderpads,questiedb/foreverQuestDB.lua
9099,Frostfire Sandals,questiedb/foreverQuestDB.lua
9100,Frostfire Gloves,questiedb/foreverQuestDB.lua
9101,Frostfire Belt,questiedb/foreverQuestDB.lua
9102,Frostfire Bindings,questiedb/foreverQuestDB.lua
9103,Plagueheart Robe,questiedb/foreverQuestDB.lua
9104,Plagueheart Leggings,questiedb/foreverQuestDB.lua
9105,Plagueheart Circlet,questiedb/foreverQuestDB.lua
9106,Plagueheart Shoulderpads,questiedb/foreverQuestDB.lua
9107,Plagueheart Sandals,questiedb/foreverQuestDB.lua
9108,Plagueheart Gloves,questiedb/foreverQuestDB.lua
9109,Plagueheart Belt,questiedb/foreverQuestDB.lua
9110,Plagueheart Bindings,questiedb/foreverQuestDB.lua
9111,Robe of Faith,questiedb/foreverQuestDB.lua
9112,Leggings of Faith,questiedb/foreverQuestDB.lua
9113,Circlet of Faith,questiedb/foreverQuestDB.lua
9114,Shoulderpads of Faith,questiedb/foreverQuestDB.lua
9115,Sandals of Faith,questiedb/foreverQuestDB.lua
9116,Gloves of Faith,questiedb/foreverQuestDB.lua
9117,Belt of Faith,questiedb/foreverQuestDB.lua
9118,Bindings of Faith,questiedb/foreverQuestDB.lua
9120,The Fall of Kel'Thuzad,questiedb/foreverQuestDB.lua
9121,The Dread Citadel - Naxxramas,questiedb/foreverQuestDB.lua
9122,The Dread Citadel - Naxxramas,questiedb/foreverQuestDB.lua
9123,The Dread Citadel - Naxxramas,questiedb/foreverQuestDB.lua
9124,Cryptstalker Armor Doesn't Make Itself...,questiedb/foreverQuestDB.lua
9125,Crypt Fiend Parts,questiedb/foreverQuestDB.lua
9126,Bonescythe Digs,questiedb/foreverQuestDB.lua
9127,Bone Fragments,questiedb/foreverQuestDB.lua
9128,The Elemental Equation,questiedb/foreverQuestDB.lua
9129,Core of Elements,questiedb/foreverQuestDB.lua
9131,Binding the Dreadnaught,questiedb/foreverQuestDB.lua
9132,Dark Iron Scraps,questiedb/foreverQuestDB.lua
9136,Savage Flora,questiedb/foreverQuestDB.lua
9137,Savage Fronds,questiedb/foreverQuestDB.lua
9141,"They Call Me ""The Rooster""",questiedb/foreverQuestDB.lua
9142,Craftsman's Writ,questiedb/foreverQuestDB.lua
9153,Under the Shadow,questiedb/foreverQuestDB.lua
9154,Light's Hope Chapel,questiedb/foreverQuestDB.lua
9165,Writ of Safe Passage,questiedb/foreverQuestDB.lua
9178,Craftsman's Writ - Dense Weightstone,questiedb/foreverQuestDB.lua
9179,Craftsman's Writ - Imperial Plate Chest,questiedb/foreverQuestDB.lua
9181,Craftsman's Writ - Volcanic Hammer,questiedb/foreverQuestDB.lua
9182,Craftsman's Writ - Huge Thorium Battleaxe,questiedb/foreverQuestDB.lua
9183,Craftsman's Writ - Radiant Circlet,questiedb/foreverQuestDB.lua
9184,Craftsman's Writ - Wicked Leather Headband,questiedb/foreverQuestDB.lua
9185,Craftsman's Writ - Rugged Armor Kit,questiedb/foreverQuestDB.lua
9186,Craftsman's Writ - Wicked Leather Belt,questiedb/foreverQuestDB.lua
9187,Craftsman's Writ - Runic Leather Pants,questiedb/foreverQuestDB.lua
9188,Craftsman's Writ - Brightcloth Pants,questiedb/foreverQuestDB.lua
9190,Craftsman's Writ - Runecloth Boots,questiedb/foreverQuestDB.lua
9191,Craftsman's Writ - Runecloth Bag,questiedb/foreverQuestDB.lua
9194,Craftsman's Writ - Runecloth Robe,questiedb/foreverQuestDB.lua
9195,Craftsman's Writ - Goblin Sapper Charge,questiedb/foreverQuestDB.lua
9196,Craftsman's Writ - Thorium Grenade,questiedb/foreverQuestDB.lua
9197,Craftsman's Writ - Gnomish Battle Chicken,questiedb/foreverQuestDB.lua
9198,Craftsman's Writ - Thorium Tube,questiedb/foreverQuestDB.lua
9200,Craftsman's Writ - Major Mana Potion,questiedb/foreverQuestDB.lua
9201,Craftsman's Writ - Greater Arcane Protection Potion,questiedb/foreverQuestDB.lua
9202,Craftsman's Writ - Major Healing Potion,questiedb/foreverQuestDB.lua
9203,Craftsman's Writ - Flask of Petrification,questiedb/foreverQuestDB.lua
9204,Craftsman's Writ - Stonescale Eel,questiedb/foreverQuestDB.lua
9205,Craftsman's Writ - Plated Armorfish,questiedb/foreverQuestDB.lua
9206,Craftsman's Writ - Lightning Eel,questiedb/foreverQuestDB.lua
9208,The Savage Guard - Arcanum of Protection,questiedb/foreverQuestDB.lua
9209,The Savage Guard - Arcanum of Rapidity,questiedb/foreverQuestDB.lua
9210,The Savage Guard - Arcanum of Focus,questiedb/foreverQuestDB.lua
9211,The Ice Guard,questiedb/foreverQuestDB.lua
9213,The Shadow Guard,questiedb/foreverQuestDB.lua
9221,Superior Armaments of Battle - Friend of the Dawn,questiedb/foreverQuestDB.lua
9222,Epic Armaments of Battle - Friend of the Dawn,questiedb/foreverQuestDB.lua
9223,Superior Armaments of Battle - Honored Amongst the Dawn,questiedb/foreverQuestDB.lua
9224,Epic Armaments of Battle - Honored Amongst the Dawn,questiedb/foreverQuestDB.lua
9225,Epic Armaments of Battle - Revered Amongst the Dawn,questiedb/foreverQuestDB.lua
9226,Superior Armaments of Battle - Revered Amongst the Dawn,questiedb/foreverQuestDB.lua
9227,Superior Armaments of Battle - Exalted Amongst the Dawn,questiedb/foreverQuestDB.lua
9228,Epic Armaments of Battle - Exalted Amongst the Dawn,questiedb/foreverQuestDB.lua
9229,The Fate of Ramaladni,questiedb/foreverQuestDB.lua
9230,Ramaladni's Icy Grasp,questiedb/foreverQuestDB.lua
9232,The Only Song I Know...,questiedb/foreverQuestDB.lua
9233,Omarion's Handbook,questiedb/foreverQuestDB.lua
9234,Icebane Gauntlets,questiedb/foreverQuestDB.lua
9235,Icebane Bracers,questiedb/foreverQuestDB.lua
9236,Icebane Breastplate,questiedb/foreverQuestDB.lua
9237,Glacial Cloak,questiedb/foreverQuestDB.lua
9238,Glacial Wrists,questiedb/foreverQuestDB.lua
9239,Glacial Gloves,questiedb/foreverQuestDB.lua
9240,Glacial Vest,questiedb/foreverQuestDB.lua
9241,Polar Bracers,questiedb/foreverQuestDB.lua
9242,Polar Gloves,questiedb/foreverQuestDB.lua
9243,Polar Tunic,questiedb/foreverQuestDB.lua
9244,Icy Scale Bracers,questiedb/foreverQuestDB.lua
9245,Icy Scale Gauntlets,questiedb/foreverQuestDB.lua
9246,Icy Scale Breastplate,questiedb/foreverQuestDB.lua
9247,The Keeper's Call,questiedb/foreverQuestDB.lua
9248,A Humble Offering,questiedb/foreverQuestDB.lua
9250,Frame of Atiesh,questiedb/foreverQuestDB.lua
9251,"Atiesh, the Befouled Greatstaff",questiedb/foreverQuestDB.lua
9257,"Atiesh, Greatstaff of the Guardian",questiedb/foreverQuestDB.lua
9259,Traitor to the Bloodsail,questiedb/foreverQuestDB.lua
9260,Investigate the Scourge of Stormwind,questiedb/foreverQuestDB.lua
9261,Investigate the Scourge of Ironforge,questiedb/foreverQuestDB.lua
9262,Investigate the Scourge of Darnassus,questiedb/foreverQuestDB.lua
9263,Investigate the Scourge of Orgrimmar,questiedb/foreverQuestDB.lua
9264,Investigate the Scourge of Thunder Bluff,questiedb/foreverQuestDB.lua
9265,Investigate the Scourge of the Undercity,questiedb/foreverQuestDB.lua
9266,Making Amends,questiedb/foreverQuestDB.lua
9267,Mending Old Wounds,questiedb/foreverQuestDB.lua
9268,War at Sea,questiedb/foreverQuestDB.lua
9269,"Atiesh, Greatstaff of the Guardian",questiedb/foreverQuestDB.lua
9270,"Atiesh, Greatstaff of the Guardian",questiedb/foreverQuestDB.lua
9271,"Atiesh, Greatstaff of the Guardian",questiedb/foreverQuestDB.lua
9272,Dressing the Part,questiedb/foreverQuestDB.lua
9292,Cracked Necrotic Crystal,questiedb/foreverQuestDB.lua
9295,Letter from the Front,questiedb/foreverQuestDB.lua
9299,Note from the Front,questiedb/foreverQuestDB.lua
9300,Page from the Front,questiedb/foreverQuestDB.lua
9301,Envelope from the Front,questiedb/foreverQuestDB.lua
9302,Missive from the Front,questiedb/foreverQuestDB.lua
9304,Document from the Front,questiedb/foreverQuestDB.lua
9310,Faint Necrotic Crystal,questiedb/foreverQuestDB.lua
9317,Consecrated Sharpening Stones,questiedb/foreverQuestDB.lua
9318,Blessed Wizard Oil,questiedb/foreverQuestDB.lua
9319,A Light in Dark Places,questiedb/foreverQuestDB.lua
9320,Major Mana Potion,questiedb/foreverQuestDB.lua
9321,Major Healing Potion,questiedb/foreverQuestDB.lua
9322,Wild Fires in Kalimdor,questiedb/foreverQuestDB.lua
9323,Wild Fires in the Eastern Kingdoms,questiedb/foreverQuestDB.lua
9324,Stealing Orgrimmar's Flame,questiedb/foreverQuestDB.lua
9325,Stealing Thunder Bluff's Flame,questiedb/foreverQuestDB.lua
9326,Stealing the Undercity's Flame,questiedb/foreverQuestDB.lua
9330,Stealing Stormwind's Flame,questiedb/foreverQuestDB.lua
9331,Stealing Ironforge's Flame,questiedb/foreverQuestDB.lua
9332,Stealing Darnassus's Flame,questiedb/foreverQuestDB.lua
9333,Argent Dawn Gloves,questiedb/foreverQuestDB.lua
9334,Blessed Wizard Oil,questiedb/foreverQuestDB.lua
9335,Consecrated Sharpening Stones,questiedb/foreverQuestDB.lua
9336,Major Healing Potion,questiedb/foreverQuestDB.lua
9337,Major Mana Potion,questiedb/foreverQuestDB.lua
9338,Allegiance to Cenarion Circle,questiedb/foreverQuestDB.lua
9339,A Thief's Reward,questiedb/foreverQuestDB.lua
9341,Tabard of the Argent Dawn,questiedb/foreverQuestDB.lua
9343,Tabard of the Argent Dawn,questiedb/foreverQuestDB.lua
9362,Warlord Krellian,questiedb/foreverQuestDB.lua
9364,Fragmented Magic,questiedb/foreverQuestDB.lua
9365,A Thief's Reward,questiedb/foreverQuestDB.lua
9367,The Festival of Fire,questiedb/foreverQuestDB.lua
9368,The Festival of Fire,questiedb/foreverQuestDB.lua
9378,DND FLAG The Dread Citadel - Naxxramas,questiedb/foreverQuestDB.lua
9386,A Light in Dark Places,questiedb/foreverQuestDB.lua
9388,Flickering Flames in Kalimdor,questiedb/foreverQuestDB.lua
9389,Flickering Flames in the Eastern Kingdoms,questiedb/foreverQuestDB.lua
9415,Report to Marshal Bluewall,questiedb/foreverQuestDB.lua
9416,Report to General Kirika,questiedb/foreverQuestDB.lua
9419,Scouring the Desert,questiedb/foreverQuestDB.lua
9422,Scouring the Desert,questiedb/foreverQuestDB.lua
9664,Establishing New Outposts,questiedb/foreverQuestDB.lua
9665,Bolstering Our Defenses,questiedb/foreverQuestDB.lua
65593,Hearts of the Lovers,EverythingQuests/QuestAvailable_Forever.lua
65597,The Binding,EverythingQuests/QuestAvailable_Forever.lua
65601,Love Hurts,EverythingQuests/QuestAvailable_Forever.lua
65602,What Is Love?,EverythingQuests/QuestAvailable_Forever.lua
65603,The Binding,EverythingQuests/QuestAvailable_Forever.lua
65604,The Binding,EverythingQuests/QuestAvailable_Forever.lua
65610,Wish You Were Here,EverythingQuests/QuestAvailable_Forever.lua
76156,Stalk With The Earthmother,questiedb/foreverBaseQuest.lua
76160,Stalk With The Earthmother,questiedb/foreverBaseQuest.lua
76240,Stalk With The Earthmother,questiedb/foreverBaseQuest.lua
78132,Dragonslayer's Helm,questiedb/foreverBaseQuest.lua
78133,Dragonslayer's Shield,questiedb/foreverBaseQuest.lua
78134,Dragonslayer's Lance,questiedb/foreverBaseQuest.lua
78148,Runes of the Sorcerer-Kings,questiedb/foreverBaseQuest.lua
79007,... and that note you found,questiedb/foreverBaseQuest.lua
79008,... and that note you found,questiedb/foreverBaseQuest.lua
79092,Archmage Theocritus' Research Journal,questiedb/foreverBaseQuest.lua
79095,The Apothecary's Metaphysical Primer,questiedb/foreverBaseQuest.lua
79192,Stepping Stones,questiedb/foreverBaseQuest.lua
79362,Grant's Shield,questiedb/foreverBaseQuest.lua
79363,Silvia's Sword,questiedb/foreverBaseQuest.lua
79536,Greater Friend of the Library,questiedb/foreverBaseQuest.lua
79974,Wet Job,questiedb/foreverBaseQuest.lua
79975,Eagle's Fist,questiedb/foreverBaseQuest.lua
79976,This Must Be The Place,questiedb/foreverBaseQuest.lua
79980,Scramble,questiedb/foreverBaseQuest.lua
86574,Stonetalon Supply Run,questiedb/foreverBaseQuest.lua
86576,Bloodfury Trinkets,questiedb/foreverBaseQuest.lua
86585,Banner of the Fallen,questiedb/foreverBaseQuest.lua
86613,Excavation Tools,questiedb/foreverBaseQuest.lua
86614,Silver of the Waves,questiedb/foreverBaseQuest.lua
86667,Snowbound,questiedb/foreverBaseQuest.lua
86758,Twisting the Knife,questiedb/foreverBaseQuest.lua
86776,Ingredients for the Forge,questiedb/foreverBaseQuest.lua
86784,Sticks and Bones,questiedb/foreverBaseQuest.lua
87288,Soft Saber Pelts,questiedb/foreverBaseQuest.lua
87760,Holy Diver,questiedb/foreverBaseQuest.lua
90902,Rediscovering the Light,questiedb/foreverBaseQuest.lua
91208,Coming to Terms,questiedb/foreverBaseQuest.lua
91209,Continue Your Training,questiedb/foreverBaseQuest.lua
91282,A Second Home,questiedb/foreverBaseQuest.lua
91285,Murlocs at the Gates,questiedb/foreverBaseQuest.lua
91294,Touring the Grounds,questiedb/foreverBaseQuest.lua
91316,Making Repairs,questiedb/foreverBaseQuest.lua
91317,The Tarnished,questiedb/foreverBaseQuest.lua
91723,Delicate Instruments,questiedb/foreverBaseQuest.lua
91724,Delicate Instruments,questiedb/foreverBaseQuest.lua
91725,Stolen Enchanting Supplies,questiedb/foreverBaseQuest.lua
91732,Good Steel,questiedb/foreverBaseQuest.lua
91733,Downstream,questiedb/foreverBaseQuest.lua
91736,Applejack Still,questiedb/foreverBaseQuest.lua
91738,An Apple Treat,questiedb/foreverBaseQuest.lua
91740,Croaky's Head,questiedb/foreverBaseQuest.lua
91741,Nibbled-On Book,questiedb/foreverBaseQuest.lua
91743,Rascally Rodents,questiedb/foreverBaseQuest.lua
91745,Mining Consultant,questiedb/foreverBaseQuest.lua
91746,Elmpaw's Head,questiedb/foreverBaseQuest.lua
91751,Rough Wolf Pelts,questiedb/foreverBaseQuest.lua
91752,The Big Picture,questiedb/foreverBaseQuest.lua
91753,An Enchanting Lesson,questiedb/foreverBaseQuest.lua
91758,Follow That Kobold!,questiedb/foreverBaseQuest.lua
91772,Shhh! We're Hunting Kobolds,questiedb/foreverBaseQuest.lua
91775,Book Return,questiedb/foreverBaseQuest.lua
91777,Rare Books,questiedb/foreverBaseQuest.lua
91858,Diplomatic Incident,questiedb/foreverBaseQuest.lua
91859,A Curious Pair,questiedb/foreverBaseQuest.lua
91860,A Grim Fate,questiedb/foreverBaseQuest.lua
91861,Into Fenris Keep,questiedb/foreverBaseQuest.lua
91862,Lumina Windsinger,questiedb/foreverBaseQuest.lua
91899,A Sealed Crate,questiedb/foreverBaseQuest.lua
91900,A Sealed Crate,questiedb/foreverBaseQuest.lua
91904,A Sealed Crate,questiedb/foreverBaseQuest.lua
91905,A Sealed Crate,questiedb/foreverBaseQuest.lua
91920,Wild Eyes,questiedb/foreverBaseQuest.lua
91921,Return to Quinn (Again),questiedb/foreverBaseQuest.lua
92109,My First Alchemy Set,questiedb/foreverBaseQuest.lua
92110,My First Real Potion,questiedb/foreverBaseQuest.lua
92124,Book Inventory,questiedb/foreverBaseQuest.lua
92401,A Frightened Request,questiedb/foreverBaseQuest.lua
92415,Remember That I Love You,questiedb/foreverBaseQuest.lua
92421,Light's Justice,questiedb/foreverBaseQuest.lua
92422,The Wrath of Rath'mael,questiedb/foreverBaseQuest.lua
92454,Welcome!,Completao/ForeverNew.lua
92460,Coming of Age,questiedb/foreverBaseQuest.lua
92461,Harmony in Balance,questiedb/foreverBaseQuest.lua
92462,Infestation Investigation,questiedb/foreverBaseQuest.lua
92463,The Cirrusfly Queen,questiedb/foreverBaseQuest.lua
92464,Elemental Unrest,questiedb/foreverBaseQuest.lua
92465,Agitators,questiedb/foreverBaseQuest.lua
92466,Call of Earth,questiedb/foreverBaseQuest.lua
92467,Call of Earth,questiedb/foreverBaseQuest.lua
92468,Call of Earth,questiedb/foreverBaseQuest.lua
92469,Return to Rorian,questiedb/foreverBaseQuest.lua
92470,Foul Matriarch,questiedb/foreverBaseQuest.lua
92471,Aetheen of the Gales,questiedb/foreverBaseQuest.lua
92472,The Next Step,questiedb/foreverBaseQuest.lua
92473,Aggressive Encroachment,questiedb/foreverBaseQuest.lua
92474,Falling With Style,questiedb/foreverBaseQuest.lua
92479,A Scribbled Letter,questiedb/foreverBaseQuest.lua
92480,zzOLD UNUSED Cult Ambush,Completao/ForeverNew.lua
92481,A Student of the Arcane,questiedb/foreverBaseQuest.lua
92482,The Way of the Hunter,questiedb/foreverBaseQuest.lua
92483,At Home in the Shadows,questiedb/foreverBaseQuest.lua
92484,Embracing the Elements,questiedb/foreverBaseQuest.lua
92485,A Student of Nature,questiedb/foreverBaseQuest.lua
92514,Welcome to Shen'dar Village,questiedb/foreverBaseQuest.lua
92515,The Problem With Prideclaws,questiedb/foreverBaseQuest.lua
92516,Hippogryph Harrassment,questiedb/foreverBaseQuest.lua
92517,The Criminal Element,questiedb/foreverBaseQuest.lua
92528,Among the Faithful,questiedb/foreverBaseQuest.lua
92529,Falaath Village,questiedb/foreverBaseQuest.lua
92532,The Warrior's Path,questiedb/foreverBaseQuest.lua
92544,Al'Aketh Thugs,questiedb/foreverBaseQuest.lua
92550,Havoc in the Highlands,questiedb/foreverBaseQuest.lua
92551,Stolen Supplies,questiedb/foreverBaseQuest.lua
92553,Restocking the Larders,questiedb/foreverBaseQuest.lua
92579,To Valanaar,questiedb/foreverBaseQuest.lua
92595,The Windshapers,questiedb/foreverBaseQuest.lua
92596,The High Order,questiedb/foreverBaseQuest.lua
92597,Reading the Ley Lines,questiedb/foreverBaseQuest.lua
92598,The Gift of Skysight,questiedb/foreverBaseQuest.lua
92640,Desperate Times,questiedb/foreverBaseQuest.lua
92642,Disrupting Logistics,questiedb/foreverBaseQuest.lua
92643,The Turncoat,questiedb/foreverBaseQuest.lua
92644,Unfortunate News,questiedb/foreverBaseQuest.lua
92645,Breaking the Breaker,questiedb/foreverBaseQuest.lua
92646,Confront Lorthuna,questiedb/foreverBaseQuest.lua
92679,Blood Tithe,questiedb/foreverBaseQuest.lua
92682,Make Yourself Useful,questiedb/foreverBaseQuest.lua
92683,Flutterfly Dust,questiedb/foreverBaseQuest.lua
92684,Ornery Ornery Galestriders,questiedb/foreverBaseQuest.lua
92685,The Hills Have Eyes,questiedb/foreverBaseQuest.lua
92693,Standing Our Ground,questiedb/foreverBaseQuest.lua
92698,What Is My Purpose?,questiedb/foreverBaseQuest.lua
92699,The Supreme Magister,questiedb/foreverBaseQuest.lua
92700,The Grand Skyseer,questiedb/foreverBaseQuest.lua
92701,To Valanaar,questiedb/foreverBaseQuest.lua
92703,Deliver the News,questiedb/foreverBaseQuest.lua
92706,WANTED: Bruuz,questiedb/foreverBaseQuest.lua
92708,A Grand Adventure,questiedb/foreverBaseQuest.lua
92709,A Grand Adventure,questiedb/foreverBaseQuest.lua
92727,The Missing Scholar,questiedb/foreverBaseQuest.lua
92741,Unwelcome Visitors,questiedb/foreverBaseQuest.lua
92742,Testing the Wells,questiedb/foreverBaseQuest.lua
92744,Murloc Gills,questiedb/foreverBaseQuest.lua
92745,The State of the Mines,questiedb/foreverBaseQuest.lua
92747,Moonbrook Espionage,questiedb/foreverBaseQuest.lua
92748,Explosive Consultation,questiedb/foreverBaseQuest.lua
92749,A Dynamite Plan,questiedb/foreverBaseQuest.lua
92750,Detonation at a Distance,questiedb/foreverBaseQuest.lua
92751,Detonation at a Distance,questiedb/foreverBaseQuest.lua
92752,Explosive Consultation,questiedb/foreverBaseQuest.lua
92753,Destruction in Deadmines,questiedb/foreverBaseQuest.lua
92819,Destruction in Deadmines,questiedb/foreverBaseQuest.lua
92834,Avenged Tenfold,questiedb/foreverBaseQuest.lua
92840,Catching Wind,questiedb/foreverBaseQuest.lua
92849,The Missing Scholar,questiedb/foreverBaseQuest.lua
92850,The Missing Scholar,questiedb/foreverBaseQuest.lua
92860,In Service of Zephras,questiedb/foreverBaseQuest.lua
92871,In Service of Zephras,questiedb/foreverBaseQuest.lua
92880,Return to Valanaar,questiedb/foreverBaseQuest.lua
92881,The High Elder's Request,questiedb/foreverBaseQuest.lua
92909,Harvesting the Harvesters,questiedb/foreverBaseQuest.lua
92910,Harvesting the Harvesters,questiedb/foreverBaseQuest.lua
92911,Harvesting the Harvesters,questiedb/foreverBaseQuest.lua
92947,Making Our Move,questiedb/foreverBaseQuest.lua
93036,Infiltrating the Cult,questiedb/foreverBaseQuest.lua
93065,Prepare for Battle,questiedb/foreverBaseQuest.lua
93089,What Comes Next,questiedb/foreverBaseQuest.lua
93090,What Comes Next,questiedb/foreverBaseQuest.lua
93159,The Strange Hermit,questiedb/foreverBaseQuest.lua
93160,The Forest's Bounty,questiedb/foreverBaseQuest.lua
93165,Mercy Falls on Deaf Ears,questiedb/foreverBaseQuest.lua
93172,Free the Hollows,questiedb/foreverBaseQuest.lua
93317,Crab Season,questiedb/foreverBaseQuest.lua
93318,WANTED: Vulgara the Insatiable,questiedb/foreverBaseQuest.lua
93319,Pilfered Windstones,questiedb/foreverBaseQuest.lua
93320,Tower Defense,questiedb/foreverBaseQuest.lua
93459,More Al'Aketh Ears,questiedb/foreverBaseQuest.lua
93461,Welcome to Shen'dar Village,questiedb/foreverBaseQuest.lua
93552,Harvesting Windstones,questiedb/foreverBaseQuest.lua
93735,The Broken Construct,questiedb/foreverBaseQuest.lua
93736,Unwelcome Spirits,questiedb/foreverBaseQuest.lua
93737,The Broken Construct,questiedb/foreverBaseQuest.lua
93738,The Broken Construct,questiedb/foreverBaseQuest.lua
93739,Exploring the Horde,questiedb/foreverBaseQuest.lua
93740,Blood for Blood,questiedb/foreverBaseQuest.lua
93746,A Firm Response,questiedb/foreverBaseQuest.lua
93791,Speak with Belann,questiedb/foreverBaseQuest.lua
93797,Boughs in the Wind,questiedb/foreverBaseQuest.lua
93835,Confront Lorthuna,questiedb/foreverBaseQuest.lua
93836,The Fate of Zephras,questiedb/foreverBaseQuest.lua
93862,Crate Return,questiedb/foreverBaseQuest.lua
93926,The Western Watch,questiedb/foreverBaseQuest.lua
93927,A Last Request,questiedb/foreverBaseQuest.lua
93928,Of Mice and Milk,questiedb/foreverBaseQuest.lua
93948,Deliver the Signet,questiedb/foreverBaseQuest.lua
93949,Bugged,questiedb/foreverBaseQuest.lua
93951,A Little Beauty,questiedb/foreverBaseQuest.lua
93958,The Inner Sanctum,questiedb/foreverBaseQuest.lua
93963,Exploring the Alliance,questiedb/foreverBaseQuest.lua
94003,The Skybreaker Bulwark,questiedb/foreverBaseQuest.lua
94004,Craftsman's Writ: Elixir of Ogre's Strength,questiedb/foreverBaseQuest.lua
94006,The Great Ursera Spirit,questiedb/foreverBaseQuest.lua
94007,Taming the Beast,questiedb/foreverBaseQuest.lua
94013,Taming the Beast,questiedb/foreverBaseQuest.lua
94050,Training the Beast,questiedb/foreverBaseQuest.lua
94212,Craftsman's Writ: Elixir of Wisdom,questiedb/foreverBaseQuest.lua
94213,Craftsman's Writ: Lesser Mana Potion,questiedb/foreverBaseQuest.lua
94214,Craftsman's Writ: Shadow Protection Potion,questiedb/foreverBaseQuest.lua
94215,Craftsman's Writ: Free Action Potion,questiedb/foreverBaseQuest.lua
94216,Craftsman's Writ: Elixir of Lesser Agility,questiedb/foreverBaseQuest.lua
94217,Craftsman's Writ: Lesser Troll's Blood Elixir,questiedb/foreverBaseQuest.lua
94218,Craftsman's Writ: Elixir of Defense,questiedb/foreverBaseQuest.lua
94219,Craftsman's Writ: Draught of Water Breathing,questiedb/foreverBaseQuest.lua
94220,Craftsman's Writ: Pearl-Handled Dagger,questiedb/foreverBaseQuest.lua
94221,Craftsman's Writ: Golden Rod,questiedb/foreverBaseQuest.lua
94222,Craftsman's Writ: Iridescent Hammer,questiedb/foreverBaseQuest.lua
94223,Craftsman's Writ: Silver Skeleton Key,questiedb/foreverBaseQuest.lua
94224,Craftsman's Writ: Heavy Bronze Mace,questiedb/foreverBaseQuest.lua
94225,Craftsman's Writ: Rough Bronze Leggings,questiedb/foreverBaseQuest.lua
94226,Craftsman's Writ: Green Iron Gauntlets,questiedb/foreverBaseQuest.lua
94227,Craftsman's Writ: Big Bronze Knife,questiedb/foreverBaseQuest.lua
94228,Craftsman's Writ: Green Iron Boots,questiedb/foreverBaseQuest.lua
94229,Craftsman's Writ: Ornate Spyglass,questiedb/foreverBaseQuest.lua
94230,Craftsman's Writ: Explosive Sheep,questiedb/foreverBaseQuest.lua
94231,Craftsman's Writ: Moonsight Rifle,questiedb/foreverBaseQuest.lua
94232,Craftsman's Writ: Minor Recombobulator,questiedb/foreverBaseQuest.lua
94233,Craftsman's Writ: Practice Lock,questiedb/foreverBaseQuest.lua
94234,Craftsman's Writ: Shadow Goggles,questiedb/foreverBaseQuest.lua
94235,Craftsman's Writ: Gnomish Universal Remote,questiedb/foreverBaseQuest.lua
94236,Craftsman's Writ: Big Bronze Bomb,questiedb/foreverBaseQuest.lua
94237,Craftsman's Writ: Crafted Solid Shot,questiedb/foreverBaseQuest.lua
94238,Craftsman's Writ: Heavy Leather Ball,questiedb/foreverBaseQuest.lua
94239,Craftsman's Writ: Fine Leather Pants,questiedb/foreverBaseQuest.lua
94240,Craftsman's Writ: Herbalist's Gloves,questiedb/foreverBaseQuest.lua
94241,Craftsman's Writ: Dark Leather Tunic,questiedb/foreverBaseQuest.lua
94242,Craftsman's Writ: Pilferer's Gloves,questiedb/foreverBaseQuest.lua
94243,Craftsman's Writ: Heavy Quiver,questiedb/foreverBaseQuest.lua
94244,Craftsman's Writ: Dark Leather Shoulders,questiedb/foreverBaseQuest.lua
94245,Craftsman's Writ: Barbaric Gloves,questiedb/foreverBaseQuest.lua
94246,Craftsman's Writ: Red Whelp Gloves,questiedb/foreverBaseQuest.lua
94247,Craftsman's Writ: Lesser Wizard's Robe,questiedb/foreverBaseQuest.lua
94248,Craftsman's Writ: Blue Overalls,questiedb/foreverBaseQuest.lua
94249,Craftsman's Writ: Azure Silk Hood,questiedb/foreverBaseQuest.lua
94250,Craftsman's Writ: Small Silk Pack,questiedb/foreverBaseQuest.lua
94251,Craftsman's Writ: Phoenix Pants,questiedb/foreverBaseQuest.lua
94252,Craftsman's Writ: Red Woolen Boots,questiedb/foreverBaseQuest.lua
94253,Craftsman's Writ: Colorful Kilt,questiedb/foreverBaseQuest.lua
94254,Craftsman's Writ: Greater Adept's Robe,questiedb/foreverBaseQuest.lua
94255,Craftsman's Writ: Spider Silk Slippers,questiedb/foreverBaseQuest.lua
94256,Craftsman's Writ: Frost Protection Potion,questiedb/foreverBaseQuest.lua
94257,Craftsman's Writ: Lesser Invisibility Potion,questiedb/foreverBaseQuest.lua
94258,Craftsman's Writ: Lesser Stoneshield Potion,questiedb/foreverBaseQuest.lua
94259,Craftsman's Writ: Nature Protection Potion,questiedb/foreverBaseQuest.lua
94260,Craftsman's Writ: Catseye Draught,questiedb/foreverBaseQuest.lua
94261,Craftsman's Writ: Great Rage Potion,questiedb/foreverBaseQuest.lua
94262,Craftsman's Writ: Mana Potion,questiedb/foreverBaseQuest.lua
94263,Craftsman's Writ: Fire Protection Potion,questiedb/foreverBaseQuest.lua
94264,Craftsman's Writ: Shadow Oil,questiedb/foreverBaseQuest.lua
94265,Craftsman's Writ: Goblin Rocket Fuel,questiedb/foreverBaseQuest.lua
94266,Craftsman's Writ: Elixir of Agility,questiedb/foreverBaseQuest.lua
94267,Craftsman's Writ: Wildvine Potion,questiedb/foreverBaseQuest.lua
94268,Craftsman's Writ: Steel Plate Helm,questiedb/foreverBaseQuest.lua
94269,Craftsman's Writ: Inlaid Mithril Cylinder,questiedb/foreverBaseQuest.lua
94270,Craftsman's Writ: Steel Weapon Chain,questiedb/foreverBaseQuest.lua
94271,Craftsman's Writ: Ornate Mithril Shoulders,questiedb/foreverBaseQuest.lua
94272,Craftsman's Writ: Blue Glittering Axe,questiedb/foreverBaseQuest.lua
94273,Craftsman's Writ: Moonsteel Broadsword,questiedb/foreverBaseQuest.lua
94274,Craftsman's Writ: Golden Scale Coif,questiedb/foreverBaseQuest.lua
94275,Craftsman's Writ: Solid Sharpening Stone,questiedb/foreverBaseQuest.lua
94276,Craftsman's Writ: Wicked Mithril Blade,questiedb/foreverBaseQuest.lua
94277,Craftsman's Writ: Truesilver Rod,questiedb/foreverBaseQuest.lua
94278,Craftsman's Writ: Golden Scale Gauntlets,questiedb/foreverBaseQuest.lua
94279,Craftsman's Writ: Heavy Mithril Axe,questiedb/foreverBaseQuest.lua
94280,Craftsman's Writ: Mechanical Dragonling,questiedb/foreverBaseQuest.lua
94281,Craftsman's Writ: Advanced Target Dummy,questiedb/foreverBaseQuest.lua
94282,Craftsman's Writ: Craftsman's Monocle,questiedb/foreverBaseQuest.lua
94283,Craftsman's Writ: Goblin Land Mine,questiedb/foreverBaseQuest.lua
94284,Craftsman's Writ: Catseye Ultra Goggles,questiedb/foreverBaseQuest.lua
94285,Craftsman's Writ: Unstable Trigger,questiedb/foreverBaseQuest.lua
94286,Craftsman's Writ: Flash Bomb,questiedb/foreverBaseQuest.lua
94287,Craftsman's Writ: Fire Goggles,questiedb/foreverBaseQuest.lua
94288,Craftsman's Writ: Mithril Frag Bomb,questiedb/foreverBaseQuest.lua
94289,Craftsman's Writ: Gyromatic Micro-Adjuster,questiedb/foreverBaseQuest.lua
94290,Craftsman's Writ: Mechanical Repair Kit,questiedb/foreverBaseQuest.lua
94291,Craftsman's Writ: Dark Iron Bomb,questiedb/foreverBaseQuest.lua
94292,Craftsman's Writ: Comfortable Leather Hat,questiedb/foreverBaseQuest.lua
94293,Craftsman's Writ: Guardian Cloak,questiedb/foreverBaseQuest.lua
94294,Craftsman's Writ: Dusky Bracers,questiedb/foreverBaseQuest.lua
94295,Craftsman's Writ: Wild Leather Helmet,questiedb/foreverBaseQuest.lua
94296,Craftsman's Writ: Wild Leather Shoulders,questiedb/foreverBaseQuest.lua
94297,Craftsman's Writ: Quickdraw Quiver,questiedb/foreverBaseQuest.lua
94298,Craftsman's Writ: Swift Boots,questiedb/foreverBaseQuest.lua
94299,Craftsman's Writ: Nightscape Shoulders,questiedb/foreverBaseQuest.lua
94300,Craftsman's Writ: Big Voodoo Mask,questiedb/foreverBaseQuest.lua
94301,Craftsman's Writ: Big Voodoo Robe,questiedb/foreverBaseQuest.lua
94302,Craftsman's Writ: Turtle Scale Breastplate,questiedb/foreverBaseQuest.lua
94303,Craftsman's Writ: Thick Leather Ammo Pouch,questiedb/foreverBaseQuest.lua
94304,Craftsman's Writ: Mageweave Bag,questiedb/foreverBaseQuest.lua
94305,Craftsman's Writ: Shadoweave Gloves,questiedb/foreverBaseQuest.lua
94306,Craftsman's Writ: Crimson Silk Robe,questiedb/foreverBaseQuest.lua
94307,Craftsman's Writ: Shadoweave Robe,questiedb/foreverBaseQuest.lua
94308,Craftsman's Writ: Enchanted Mageweave Pouch,questiedb/foreverBaseQuest.lua
94309,Craftsman's Writ: Star Belt,questiedb/foreverBaseQuest.lua
94310,Craftsman's Writ: Black Mageweave Vest,questiedb/foreverBaseQuest.lua
94311,Craftsman's Writ: Red Mageweave Pants,questiedb/foreverBaseQuest.lua
94312,Craftsman's Writ: Orange Martial Shirt,questiedb/foreverBaseQuest.lua
94313,Craftsman's Writ: White Bandit Mask,questiedb/foreverBaseQuest.lua
94314,Craftsman's Writ: Cindercloth Robe,questiedb/foreverBaseQuest.lua
94315,Craftsman's Writ: Earthen Silk Belt,questiedb/foreverBaseQuest.lua
94316,Craftsman's Writ: Potion of Demonslaying,questiedb/foreverBaseQuest.lua
94317,Craftsman's Writ: Dreamless Sleep Potion,questiedb/foreverBaseQuest.lua
94318,Craftsman's Writ: Greater Fire Protection Potion,questiedb/foreverBaseQuest.lua
94319,Craftsman's Writ: Draught of Detect Demon,questiedb/foreverBaseQuest.lua
94320,Craftsman's Writ: Gift of Arthas,questiedb/foreverBaseQuest.lua
94321,Craftsman's Writ: Flask of Chromatic Resistance,questiedb/foreverBaseQuest.lua
94322,Craftsman's Writ: Limited Invulnerability Potion,questiedb/foreverBaseQuest.lua
94323,Craftsman's Writ: Major Rejuvenation Potion,questiedb/foreverBaseQuest.lua
94324,Craftsman's Writ: Distilled Firewater,questiedb/foreverBaseQuest.lua
94325,Craftsman's Writ: Radiant Circlet,questiedb/foreverBaseQuest.lua
94326,Craftsman's Writ: Radiant Belt,questiedb/foreverBaseQuest.lua
94327,Craftsman's Writ: Orcish War Leggings,questiedb/foreverBaseQuest.lua
94328,Craftsman's Writ: Mithril Spurs,questiedb/foreverBaseQuest.lua
94329,Craftsman's Writ: Imperial Plate Chest,questiedb/foreverBaseQuest.lua
94330,Craftsman's Writ: Darkrune Gauntlets,questiedb/foreverBaseQuest.lua
94331,Craftsman's Writ: Huge Thorium Battleaxe,questiedb/foreverBaseQuest.lua
94332,Craftsman's Writ: Arcanite Skeleton Key,questiedb/foreverBaseQuest.lua
94333,Craftsman's Writ: Ebon Shiv,questiedb/foreverBaseQuest.lua
94334,Craftsman's Writ: Masterwork Target Dummy,questiedb/foreverBaseQuest.lua
94335,Craftsman's Writ: Green Lens,questiedb/foreverBaseQuest.lua
94336,Craftsman's Writ: Lifelike Mechanical Toad,questiedb/foreverBaseQuest.lua
94337,Craftsman's Writ: Gnomish Alarm-O-Bot,questiedb/foreverBaseQuest.lua
94338,Craftsman's Writ: Goblin Jumper Cables XL,questiedb/foreverBaseQuest.lua
94339,Craftsman's Writ: Field Repair Bot 74A,questiedb/foreverBaseQuest.lua
94340,Craftsman's Writ: Truesilver Transformer,questiedb/foreverBaseQuest.lua
94341,Craftsman's Writ: Sniper Scope,questiedb/foreverBaseQuest.lua
94342,Craftsman's Writ: Tranquil Mechanical Yeti,questiedb/foreverBaseQuest.lua
94343,Craftsman's Writ: Wicked Leather Pants,questiedb/foreverBaseQuest.lua
94344,Craftsman's Writ: Gordok Ogre Suit,questiedb/foreverBaseQuest.lua
94345,Craftsman's Writ: Volcanic Breastplate,questiedb/foreverBaseQuest.lua
94346,Craftsman's Writ: Runic Leather Headband,questiedb/foreverBaseQuest.lua
94347,Craftsman's Writ: Wicked Leather Bracers,questiedb/foreverBaseQuest.lua
94348,Craftsman's Writ: Chimeric Vest,questiedb/foreverBaseQuest.lua
94349,Craftsman's Writ: Heavy Scorpid Helm,questiedb/foreverBaseQuest.lua
94350,Craftsman's Writ: Runic Leather Bracers,questiedb/foreverBaseQuest.lua
94351,Craftsman's Writ: Frostsaber Boots,questiedb/foreverBaseQuest.lua
94352,Craftsman's Writ: Wizardweave Turban,questiedb/foreverBaseQuest.lua
94353,Craftsman's Writ: Runecloth Bag,questiedb/foreverBaseQuest.lua
94354,Craftsman's Writ: Runecloth Boots,questiedb/foreverBaseQuest.lua
94355,Craftsman's Writ: Tuxedo Jacket,questiedb/foreverBaseQuest.lua
94356,Craftsman's Writ: Felcloth Boots,questiedb/foreverBaseQuest.lua
94357,Craftsman's Writ: Cenarion Herb Bag,questiedb/foreverBaseQuest.lua
94358,Craftsman's Writ: Shadoweave Mask,questiedb/foreverBaseQuest.lua
94359,Craftsman's Writ: Ghostweave Vest,questiedb/foreverBaseQuest.lua
94360,Craftsman's Writ: Soul Pouch,questiedb/foreverBaseQuest.lua
94369,The Fate of Zephras,questiedb/foreverBaseQuest.lua
94373,Call of Earth,questiedb/foreverBaseQuest.lua
94374,Call of Earth,questiedb/foreverBaseQuest.lua
94375,Call of Earth,questiedb/foreverBaseQuest.lua
94411,Meddlesome Mages,questiedb/foreverBaseQuest.lua
94413,A Magical Affront,questiedb/foreverBaseQuest.lua
94414,The Anchors of Zephras,questiedb/foreverBaseQuest.lua
94427,A Lesson in Divinity,questiedb/foreverBaseQuest.lua
94434,A Lesson in Divinity,questiedb/foreverBaseQuest.lua
94435,A Lesson in Divinity,questiedb/foreverBaseQuest.lua
94436,A Lesson in Divinity,questiedb/foreverBaseQuest.lua
94438,A Lesson in Divinity,questiedb/foreverBaseQuest.lua
94440,A Lesson in Divinity,questiedb/foreverBaseQuest.lua
94441,A Lesson in Divinity,questiedb/foreverBaseQuest.lua
94449,Call of Fire,questiedb/foreverBaseQuest.lua
94465,Call of Fire,questiedb/foreverBaseQuest.lua
94466,Call of Fire,questiedb/foreverBaseQuest.lua
94467,Call of Fire,questiedb/foreverBaseQuest.lua
94468,Call of Fire,questiedb/foreverBaseQuest.lua
94472,Earth Sapta,questiedb/foreverBaseQuest.lua
94473,Fire Sapta,questiedb/foreverBaseQuest.lua
94484,Unnerving Silence,questiedb/foreverBaseQuest.lua
94485,Tears of the Lady,questiedb/foreverBaseQuest.lua
94486,Feathers for Binding,questiedb/foreverBaseQuest.lua
94487,Unwanted and Unworthy,questiedb/foreverBaseQuest.lua
94488,The Ties That Bind,questiedb/foreverBaseQuest.lua
94489,The Wounds of Betrayal,questiedb/foreverBaseQuest.lua
94490,Ripped Missive,questiedb/foreverBaseQuest.lua
94491,The Fate of the Den,questiedb/foreverBaseQuest.lua
94493,A Sacrifice in Vain,questiedb/foreverBaseQuest.lua
94494,Call of Water,questiedb/foreverBaseQuest.lua
94495,Call of Water,questiedb/foreverBaseQuest.lua
94497,Call of Water,questiedb/foreverBaseQuest.lua
94499,Call of Water,questiedb/foreverBaseQuest.lua
94500,Call of Water,questiedb/foreverBaseQuest.lua
94501,Call of Water,questiedb/foreverBaseQuest.lua
94502,Call of Water,questiedb/foreverBaseQuest.lua
94503,Call of Water,questiedb/foreverBaseQuest.lua
94505,Call of Water,questiedb/foreverBaseQuest.lua
94559,UNUSED,Completao/ForeverNew.lua
94568,The Cult's True Plans,questiedb/foreverBaseQuest.lua
94616,Water Sapta,questiedb/foreverBaseQuest.lua
94638,Strength and Mercy,questiedb/foreverBaseQuest.lua
94773,Divine Grace,questiedb/foreverBaseQuest.lua
94774,Divine Grace,questiedb/foreverBaseQuest.lua
94775,Divine Grace,questiedb/foreverBaseQuest.lua
94776,Divine Grace,questiedb/foreverBaseQuest.lua
94777,Divine Grace,questiedb/foreverBaseQuest.lua
94778,Divine Grace,questiedb/foreverBaseQuest.lua
94779,Divine Grace,questiedb/foreverBaseQuest.lua
94792,Taming the Beast,questiedb/foreverBaseQuest.lua
94793,Training the Beast,questiedb/foreverBaseQuest.lua
94817,Confounding Flash,questiedb/foreverBaseQuest.lua
94818,Contingency Plan,questiedb/foreverBaseQuest.lua
94819,Contingency Plan,questiedb/foreverBaseQuest.lua
94820,Contingency Plan,questiedb/foreverBaseQuest.lua
94821,Confounding Flash,questiedb/foreverBaseQuest.lua
94822,Confounding Flash,questiedb/foreverBaseQuest.lua
94823,Confounding Flash,questiedb/foreverBaseQuest.lua
94824,Confounding Flash,questiedb/foreverBaseQuest.lua
94825,Confounding Flash,questiedb/foreverBaseQuest.lua
94826,Confounding Flash,questiedb/foreverBaseQuest.lua
94863,Taming the Beast,questiedb/foreverBaseQuest.lua
94864,Taming the Beast,questiedb/foreverBaseQuest.lua
94896,Aid For The Refugees,questiedb/foreverBaseQuest.lua
94897,The Fate of a Loved One,questiedb/foreverBaseQuest.lua
94898,Violent Winds (Temp Disabled),Completao/ForeverNew.lua
94901,Hopping Helpers,Completao/ForeverNew.lua
94902,Valanaar Vintages,Completao/ForeverNew.lua
94911,Child of Nature,questiedb/foreverBaseQuest.lua
94912,Child of Nature,questiedb/foreverBaseQuest.lua
94913,Moonglade,questiedb/foreverBaseQuest.lua
94914,Moonglade,questiedb/foreverBaseQuest.lua
94946,The Magical City of Dalaran,questiedb/foreverBaseQuest.lua
94947,Welcome to Azeroth,questiedb/foreverBaseQuest.lua
94978,Taming the Beast,questiedb/foreverBaseQuest.lua
94979,Taming the Beast,questiedb/foreverBaseQuest.lua
95034,The Debt,questiedb/foreverBaseQuest.lua
95036,A Moon-Kissed Blade,questiedb/foreverBaseQuest.lua
95041,Data Hoarders,questiedb/foreverBaseQuest.lua
95042,Seeking the Kor Gem,questiedb/foreverBaseQuest.lua
95065,Fishin' Time,questiedb/foreverBaseQuest.lua
95111,An Underrated Talent,questiedb/foreverBaseQuest.lua
95125,Ott's Masterwork,questiedb/foreverBaseQuest.lua
95126,The Moonsilver Blade,questiedb/foreverBaseQuest.lua
95140,Old Fire-Eye,questiedb/foreverBaseQuest.lua
95161,Remember That I Love You,questiedb/foreverBaseQuest.lua
95189,Crest of Lordaeron,questiedb/foreverBaseQuest.lua
95195,Bloodied Insignia,questiedb/foreverBaseQuest.lua
95204,Crest of Lordaeron,questiedb/foreverBaseQuest.lua
95212,Never Saddle on Quality,questiedb/foreverBaseQuest.lua
95213,Stolen Blasting Powder,questiedb/foreverBaseQuest.lua
95214,Stolen Blasting Powder,questiedb/foreverBaseQuest.lua
95216,The New Plague,questiedb/foreverBaseQuest.lua
95217,The Quarry's Smith,questiedb/foreverBaseQuest.lua
95250,Abominable Creatures,questiedb/foreverBaseQuest.lua
95314,That Shadowvale Green Elixir,questiedb/foreverBaseQuest.lua
95328,Whispering Horror Residue,questiedb/foreverBaseQuest.lua
95349,The Earthen Ring,questiedb/foreverBaseQuest.lua
95350,Welcome to Azeroth,questiedb/foreverBaseQuest.lua
95494,Bruised Pride and Lion Hides,questiedb/foreverBaseQuest.lua
95495,The Hermit Tanner,questiedb/foreverBaseQuest.lua
95507,Vrang's Game,questiedb/foreverBaseQuest.lua
95508,Unwelcome Guests,questiedb/foreverBaseQuest.lua
95621,Trouble in the Valley,questiedb/foreverBaseQuest.lua
95771,A Taste of Darkness,Completao/ForeverNew.lua
95774,Her Name Is Olgra,questiedb/foreverBaseQuest.lua
95803,A Token of Good Faith,questiedb/foreverBaseQuest.lua
95805,Grace of An'she and Mu'sha,questiedb/foreverBaseQuest.lua
95816,Sign Me Up!,Completao/ForeverNew.lua
95819,Sign Me Up!,Completao/ForeverNew.lua
95883,The Tortured Soul,questiedb/foreverBaseQuest.lua
95884,The Offering Stone,questiedb/foreverBaseQuest.lua
95885,The Offering of Blood,questiedb/foreverBaseQuest.lua
95981,Watching the Roads,questiedb/foreverBaseQuest.lua
95998,The Great Outdoors,questiedb/foreverBaseQuest.lua
95999,WANTED: Incinerator Gar'im,questiedb/foreverBaseQuest.lua
96031,Camping 101: Leatherworking,questiedb/foreverBaseQuest.lua
96044,Camping 101: Blacksmithing,questiedb/foreverBaseQuest.lua
96045,Camping 101: Alchemy,questiedb/foreverBaseQuest.lua
96046,Camping 101: Mining,questiedb/foreverBaseQuest.lua
96047,Camping 101: First Aid,questiedb/foreverBaseQuest.lua
96050,Camping 101: Fishing,questiedb/foreverBaseQuest.lua
96055,Camping 101: Herbalism,questiedb/foreverBaseQuest.lua
96056,Camping 101: Skinning,questiedb/foreverBaseQuest.lua
96057,Camping 101: Tailoring,questiedb/foreverBaseQuest.lua
96058,Camping 101: Engineering,questiedb/foreverBaseQuest.lua
96059,Camping 101: Enchanting,questiedb/foreverBaseQuest.lua
96101,The Great Outdoors,questiedb/foreverBaseQuest.lua
96102,Camping 101: Tailoring,questiedb/foreverBaseQuest.lua
96130,Chakuyak,questiedb/foreverBaseQuest.lua
96137,Ira's Dagger,questiedb/foreverBaseQuest.lua
96138,Merrick's Bow,questiedb/foreverBaseQuest.lua
96139,The Valor Family,questiedb/foreverBaseQuest.lua
96204,The Windshaper's Wrath,questiedb/foreverBaseQuest.lua
96243,Call of Earth,questiedb/foreverBaseQuest.lua
96390,Nip 'Em in the Bud,questiedb/foreverBaseQuest.lua
96391,Underground Map,questiedb/foreverBaseQuest.lua
96392,Farsen's Watch,questiedb/foreverBaseQuest.lua
96393,Old Ironforge Incursion,questiedb/foreverBaseQuest.lua
96394,The Restless Dead,questiedb/foreverBaseQuest.lua
96403,Important Heirlooms,questiedb/foreverBaseQuest.lua
96408,A Visitor to Dun Morogh,questiedb/foreverBaseQuest.lua
96604,The Great Outdoors,questiedb/foreverBaseQuest.lua
96605,The Great Outdoors,questiedb/foreverBaseQuest.lua
96606,The Great Outdoors,questiedb/foreverBaseQuest.lua
96607,The Great Outdoors,questiedb/foreverBaseQuest.lua
96608,The Great Outdoors,questiedb/foreverBaseQuest.lua
96626,Camping 101: Cooking,questiedb/foreverBaseQuest.lua
96627,The Adventurer,questiedb/foreverBaseQuest.lua
96628,The Adventurer,questiedb/foreverBaseQuest.lua
96629,Camping 101: Cooking,questiedb/foreverBaseQuest.lua
96630,The Adventurer,questiedb/foreverBaseQuest.lua
96634,Camping 101: Cooking,questiedb/foreverBaseQuest.lua
96638,The Adventurer,questiedb/foreverBaseQuest.lua
96646,Camping 101: Cooking,questiedb/foreverBaseQuest.lua
96652,The Adventurer,questiedb/foreverBaseQuest.lua
96655,Camping 101: Cooking,questiedb/foreverBaseQuest.lua
96656,The Adventurer,questiedb/foreverBaseQuest.lua
96658,Camping 101: Cooking,questiedb/foreverBaseQuest.lua
96659,The Adventurer,questiedb/foreverBaseQuest.lua
96661,Camping 101: Cooking,questiedb/foreverBaseQuest.lua
96821,Legging It,questiedb/foreverBaseQuest.lua
96822,For Honor,questiedb/foreverBaseQuest.lua
96825,This Fruit Could Bite Back,questiedb/foreverBaseQuest.lua
96873,A Pain in the Neck,questiedb/foreverBaseQuest.lua
96874,This Is Spinal Axe,questiedb/foreverBaseQuest.lua
96875,Beasts of Thunder Ridge,questiedb/foreverBaseQuest.lua
96876,Ukor's Lost Pack,questiedb/foreverBaseQuest.lua
96877,Halikor's Hoof,questiedb/foreverBaseQuest.lua
96895,The Argent Emissary,questiedb/foreverBaseQuest.lua
96896,A Righteous Cause,questiedb/foreverBaseQuest.lua
96897,The Cult of the Damned,questiedb/foreverBaseQuest.lua
96898,Remnants of War,questiedb/foreverBaseQuest.lua
96899,Bandarion Keep,questiedb/foreverBaseQuest.lua
97003,Chol'aruk the Ravener,questiedb/foreverBaseQuest.lua
97005,Chol'aruk the Ravener,questiedb/foreverBaseQuest.lua
97065,Tip the Scales - Keefer's Angelfish,Completao/ForeverNew.lua
97066,Tip the Scales - Brownell's Blue Striped Racer,Completao/ForeverNew.lua
97067,Tip the Scales - Dezian Queenfish,Completao/ForeverNew.lua
97220,Philmor's Favor,questiedb/foreverBaseQuest.lua
97222,Gatehouse Goods,questiedb/foreverBaseQuest.lua
97223,Bloodtalon Matriarch,questiedb/foreverBaseQuest.lua
97225,Forgotten Loa Idols,questiedb/foreverBaseQuest.lua
97234,Reading Room,questiedb/foreverBaseQuest.lua
97236,Fang of Githyiss,questiedb/foreverBaseQuest.lua
97237,Shelf Picked,questiedb/foreverBaseQuest.lua
97242,Yelmak's Medley,questiedb/foreverBaseQuest.lua
97243,Call of Fire,questiedb/foreverBaseQuest.lua
97244,Call of Fire,questiedb/foreverBaseQuest.lua
97245,Call of Fire,questiedb/foreverBaseQuest.lua
97246,Meal Appeal,questiedb/foreverBaseQuest.lua
97249,Favorite Food,questiedb/foreverBaseQuest.lua
97250,"Wrongly Blamed, Justly Corrected",questiedb/foreverBaseQuest.lua
97253,Parts and Pieces,questiedb/foreverBaseQuest.lua
97257,Call of Fire,questiedb/foreverBaseQuest.lua
97263,Your Package Has Arrived,questiedb/foreverBaseQuest.lua
97275,Whuut's the Rush,questiedb/foreverBaseQuest.lua
97277,Grund and Gozwin,questiedb/foreverBaseQuest.lua
97279,Wayward Weapons,questiedb/foreverBaseQuest.lua
97281,A Simmering Storm,questiedb/foreverBaseQuest.lua
97282,Stormy Potential,questiedb/foreverBaseQuest.lua
97286,Research Access,questiedb/foreverBaseQuest.lua
97288,Unending Torment,questiedb/foreverBaseQuest.lua
97289,Unending Torment,questiedb/foreverBaseQuest.lua
97290,Unending Torment,questiedb/foreverBaseQuest.lua
97291,Unending Torment,questiedb/foreverBaseQuest.lua
97292,Unending Torment,questiedb/foreverBaseQuest.lua
97326,Rocks to Rests,questiedb/foreverBaseQuest.lua
97485,Traditions of the Bluff,questiedb/foreverBaseQuest.lua
97538,Pigments for Paints,questiedb/foreverBaseQuest.lua
97558,Hides for the Forsaken,questiedb/foreverBaseQuest.lua
97583,WRIGGLE.,questiedb/foreverBaseQuest.lua
97891,Prompt Potion Runner,questiedb/foreverBaseQuest.lua
97894,Business in Auberdine,questiedb/foreverBaseQuest.lua
97899,Camping 101: Alchemy,questiedb/foreverBaseQuest.lua
97900,Camping 101: Blacksmithing,questiedb/foreverBaseQuest.lua
97901,Camping 101: Enchanting,questiedb/foreverBaseQuest.lua
97902,Camping 101: Engineering,questiedb/foreverBaseQuest.lua
97903,Camping 101: First Aid,questiedb/foreverBaseQuest.lua
97904,Camping 101: Fishing,questiedb/foreverBaseQuest.lua
97905,Camping 101: Herbalism,questiedb/foreverBaseQuest.lua
97906,Camping 101: Leatherworking,questiedb/foreverBaseQuest.lua
97907,Camping 101: Mining,questiedb/foreverBaseQuest.lua
97908,Camping 101: Skinning,questiedb/foreverBaseQuest.lua
97914,Expanding Horizons,questiedb/foreverBaseQuest.lua
97915,Camping 101: Alchemy,questiedb/foreverBaseQuest.lua
97916,Camping 101: Blacksmithing,questiedb/foreverBaseQuest.lua
97917,Camping 101: Enchanting,questiedb/foreverBaseQuest.lua
97918,Camping 101: Engineering,questiedb/foreverBaseQuest.lua
97919,Camping 101: First Aid,questiedb/foreverBaseQuest.lua
97920,Camping 101: Fishing,questiedb/foreverBaseQuest.lua
97921,Camping 101: Herbalism,questiedb/foreverBaseQuest.lua
97922,Camping 101: Leatherworking,questiedb/foreverBaseQuest.lua
97923,Camping 101: Mining,questiedb/foreverBaseQuest.lua
97924,Camping 101: Skinning,questiedb/foreverBaseQuest.lua
97925,Camping 101: Tailoring,questiedb/foreverBaseQuest.lua
97926,Making Do,questiedb/foreverBaseQuest.lua
97927,Camping 101: Alchemy,questiedb/foreverBaseQuest.lua
97928,Camping 101: Blacksmithing,questiedb/foreverBaseQuest.lua
97929,Camping 101: Enchanting,questiedb/foreverBaseQuest.lua
97930,Camping 101: Engineering,questiedb/foreverBaseQuest.lua
97931,Camping 101: First Aid,questiedb/foreverBaseQuest.lua
97932,Camping 101: Fishing,questiedb/foreverBaseQuest.lua
97933,Camping 101: Herbalism,questiedb/foreverBaseQuest.lua
97934,Camping 101: Leatherworking,questiedb/foreverBaseQuest.lua
97935,Camping 101: Mining,questiedb/foreverBaseQuest.lua
97936,Camping 101: Skinning,questiedb/foreverBaseQuest.lua
97937,Camping 101: Tailoring,questiedb/foreverBaseQuest.lua
97938,Camping 101: Alchemy,questiedb/foreverBaseQuest.lua
97939,Camping 101: Blacksmithing,questiedb/foreverBaseQuest.lua
97940,Camping 101: Enchanting,questiedb/foreverBaseQuest.lua
97941,Camping 101: Engineering,questiedb/foreverBaseQuest.lua
97942,Camping 101: First Aid,questiedb/foreverBaseQuest.lua
97943,Camping 101: Fishing,questiedb/foreverBaseQuest.lua
97944,Camping 101: Herbalism,questiedb/foreverBaseQuest.lua
97946,Camping 101: Leatherworking,questiedb/foreverBaseQuest.lua
97948,Camping 101: Mining,questiedb/foreverBaseQuest.lua
97949,Camping 101: Skinning,questiedb/foreverBaseQuest.lua
97950,Camping 101: Tailoring,questiedb/foreverBaseQuest.lua
97951,Camping 101: Alchemy,questiedb/foreverBaseQuest.lua
97952,Camping 101: Blacksmithing,questiedb/foreverBaseQuest.lua
97953,Camping 101: Enchanting,questiedb/foreverBaseQuest.lua
97954,Camping 101: Engineering,questiedb/foreverBaseQuest.lua
97955,Camping 101: First Aid,questiedb/foreverBaseQuest.lua
97956,Camping 101: Fishing,questiedb/foreverBaseQuest.lua
97957,Camping 101: Herbalism,questiedb/foreverBaseQuest.lua
97958,Camping 101: Leatherworking,questiedb/foreverBaseQuest.lua
97959,Camping 101: Mining,questiedb/foreverBaseQuest.lua
97960,Camping 101: Skinning,questiedb/foreverBaseQuest.lua
97961,Camping 101: Tailoring,questiedb/foreverBaseQuest.lua
97963,Camping 101: Alchemy,questiedb/foreverBaseQuest.lua
97964,Camping 101: Blacksmithing,questiedb/foreverBaseQuest.lua
97965,Camping 101: First Aid,questiedb/foreverBaseQuest.lua
97967,Camping 101: Fishing,questiedb/foreverBaseQuest.lua
97968,Camping 101: Herbalism,questiedb/foreverBaseQuest.lua
97969,Camping 101: Leatherworking,questiedb/foreverBaseQuest.lua
97970,Camping 101: Mining,questiedb/foreverBaseQuest.lua
97971,Camping 101: Skinning,questiedb/foreverBaseQuest.lua
97972,Camping 101: Tailoring,questiedb/foreverBaseQuest.lua
97973,Camping 101: Tailoring,questiedb/foreverBaseQuest.lua
97977,Nature's Call,questiedb/foreverBaseQuest.lua
97979,The Goddess Provides,questiedb/foreverBaseQuest.lua
98013,Swelling Forces,questiedb/foreverBaseQuest.lua
98021,Journey to Sentinel Hill,questiedb/foreverBaseQuest.lua
98024,Journey to the Crossroads,questiedb/foreverBaseQuest.lua
98025,WANTED: Jai'vhanel,questiedb/foreverBaseQuest.lua
98028,Baron Marinous,questiedb/foreverBaseQuest.lua
98042,It's All Fun and Games Until...,questiedb/foreverBaseQuest.lua
98046,Crown of the Earth,questiedb/foreverBaseQuest.lua
98065,Crown of the Earth,questiedb/foreverBaseQuest.lua
98067,Eyes of the Sentinels,questiedb/foreverBaseQuest.lua
98072,Crocs of the Sky,Completao/ForeverNew.lua
98093,Field to Clear,questiedb/foreverBaseQuest.lua
98094,Scout Support,questiedb/foreverBaseQuest.lua
98095,Valuable Vantages,questiedb/foreverBaseQuest.lua
98189,Return the Statuette,questiedb/foreverBaseQuest.lua
98190,A Friend of the Family,questiedb/foreverBaseQuest.lua
98191,A Friend of the Family,questiedb/foreverBaseQuest.lua
98197,Spoils of War,questiedb/foreverBaseQuest.lua
98208,Bloom of the Heavens,Completao/ForeverNew.lua
98219,The Shamed Lieutenant,questiedb/foreverBaseQuest.lua
98240,Crimson Crate Delivery,questiedb/foreverBaseQuest.lua
98245,Razormaw Needling,questiedb/foreverBaseQuest.lua
98246,Trying Times,questiedb/foreverBaseQuest.lua
98247,Shipping Label,questiedb/foreverBaseQuest.lua
98248,Shipping Label,questiedb/foreverBaseQuest.lua
98251,Never Coming Back,questiedb/foreverBaseQuest.lua
98252,A Void Path,questiedb/foreverBaseQuest.lua
98282,Alchemical Hazards,questiedb/foreverBaseQuest.lua
98284,Camping 101: Enchanting,questiedb/foreverBaseQuest.lua
98285,Camping 101: Engineering,questiedb/foreverBaseQuest.lua
98286,Camping 101: Enchanting,questiedb/foreverBaseQuest.lua
98287,Camping 101: Engineering,questiedb/foreverBaseQuest.lua
98293,Forced Disarmament,questiedb/foreverBaseQuest.lua
98298,Arugal's Folly,questiedb/foreverBaseQuest.lua
98299,Stop the Spread,questiedb/foreverBaseQuest.lua
98319,Secure the Mountain,questiedb/foreverBaseQuest.lua
98321,Flintfire's Shipment,questiedb/foreverBaseQuest.lua
98322,Secure the Mountain,questiedb/foreverBaseQuest.lua
98323,Secure the Mountain,questiedb/foreverBaseQuest.lua
98326,Frosthowl,questiedb/foreverBaseQuest.lua
98340,The Great Cat Spirit,questiedb/foreverBaseQuest.lua
98341,The Great Windborne Cat Spirit,questiedb/foreverBaseQuest.lua
98342,The Great Cat Spirit,questiedb/foreverBaseQuest.lua
98362,To Thunder Bluff,questiedb/foreverBaseQuest.lua
98372,An Unfortunate End,Completao/ForeverNew.lua
98386,Alther's Mill,questiedb/foreverBaseQuest.lua
98387,Blackrock Blockade,questiedb/foreverBaseQuest.lua
98389,A Light in the Darkness,questiedb/foreverBaseQuest.lua
98391,The Sisterhood of Elune,questiedb/foreverBaseQuest.lua
98392,Darkness in the Glade,questiedb/foreverBaseQuest.lua
98393,The Great Cat Spirit,questiedb/foreverBaseQuest.lua
98394,The Great Cat Spirit,questiedb/foreverBaseQuest.lua
98396,The Great Cat Spirit,questiedb/foreverBaseQuest.lua
98397,To Darnassus,questiedb/foreverBaseQuest.lua
98398,The Oracle Tree,questiedb/foreverBaseQuest.lua
98403,Twisted Hatred,questiedb/foreverBaseQuest.lua
98404,The Great Windborne Cat Spirit,questiedb/foreverBaseQuest.lua
98405,The Great Cat Spirit,questiedb/foreverBaseQuest.lua
98407,Show of Force,questiedb/foreverBaseQuest.lua
98423,The Treaty of Understanding,questiedb/foreverBaseQuest.lua
98424,Fizsprocket's Notes,questiedb/foreverBaseQuest.lua
98427,Ceasing Operations,questiedb/foreverBaseQuest.lua
98430,The Longwalkers,questiedb/foreverBaseQuest.lua
98435,Thunderhorn's Report,questiedb/foreverBaseQuest.lua
98447,The Valor Family,Completao/ForeverNew.lua
98459,A Lack of Virtue,questiedb/foreverBaseQuest.lua
98461,Unrequited Love,questiedb/foreverBaseQuest.lua
98512,Al'Aketh Assassins,questiedb/foreverBaseQuest.lua
98517,Call of Fire,questiedb/foreverBaseQuest.lua
98545,Leonid's Letter,questiedb/foreverBaseQuest.lua
98574,Hallowed Memorandum,questiedb/foreverBaseQuest.lua
98575,Tainted Tablet,questiedb/foreverBaseQuest.lua
98576,Glyphic Parchment,questiedb/foreverBaseQuest.lua
98581,Archaic Rune,questiedb/foreverBaseQuest.lua
98601,A Difficult Path,questiedb/foreverBaseQuest.lua
98731,Blessings of the Great Cat Spirit,questiedb/foreverBaseQuest.lua
98738,Blessings of the Great Windborne Cat Spirit,questiedb/foreverBaseQuest.lua
98739,Blessings of the Great Cat Spirit,questiedb/foreverBaseQuest.lua
98977,Mossheart the Elder,questiedb/foreverBaseQuest.lua
98983,Frostleaf the Elder,questiedb/foreverBaseQuest.lua
99046,The Lost Runner,questiedb/foreverBaseQuest.lua
99047,Not Dead Yet,questiedb/foreverBaseQuest.lua
99048,A Missing Hand,questiedb/foreverBaseQuest.lua
99049,Threat from Below,questiedb/foreverBaseQuest.lua
99050,The Great Tree Provides,questiedb/foreverBaseQuest.lua
99051,Threat from Below,questiedb/foreverBaseQuest.lua
99052,Threat from Below,questiedb/foreverBaseQuest.lua
99053,Escaping Ban'ethil,questiedb/foreverBaseQuest.lua
99073,Easing Suffering,questiedb/foreverBaseQuest.lua
99079,Longwalker Malah,questiedb/foreverBaseQuest.lua
99080,Drive Them Out,questiedb/foreverBaseQuest.lua
99081,Grim Tidings,questiedb/foreverBaseQuest.lua
99082,The High Chieftain,questiedb/foreverBaseQuest.lua
99101,Our Ancient Enemy,questiedb/foreverBaseQuest.lua
99108,Sparring Match,questiedb/foreverBaseQuest.lua
99123,Lost in the Shadows,questiedb/foreverBaseQuest.lua
99127,A Net Disaster,questiedb/foreverBaseQuest.lua
99128,Slimy Menace,questiedb/foreverBaseQuest.lua
99129,A Man About a Murloc,questiedb/foreverBaseQuest.lua
99130,An Enticing Offer,questiedb/foreverBaseQuest.lua
99131,Baited for Success,questiedb/foreverBaseQuest.lua
99134,Discipline,questiedb/foreverBaseQuest.lua
99141,Patience,questiedb/foreverBaseQuest.lua
99142,Tomb Weed,questiedb/foreverBaseQuest.lua
99143,Bottles and Baubles,questiedb/foreverBaseQuest.lua
99144,Seeking Refuge,questiedb/foreverBaseQuest.lua
99152,"As Above, So Below",questiedb/foreverBaseQuest.lua
99153,The One That Got Away,questiedb/foreverBaseQuest.lua
99156,Rear Guard Patrol,questiedb/foreverBaseQuest.lua
99158,Dawn in the Mountains,questiedb/foreverBaseQuest.lua
99159,Finding Warmth,questiedb/foreverBaseQuest.lua
99160,Rime's Wrath,questiedb/foreverBaseQuest.lua
99161,Rime's Wrath,questiedb/foreverBaseQuest.lua
99162,Treacherous Cold,questiedb/foreverBaseQuest.lua
99191,A Donation of Wool,questiedb/foreverBaseQuest.lua
99196,A Donation of Wool,questiedb/foreverBaseQuest.lua
99260,Fillion's Mission,questiedb/foreverBaseQuest.lua
